timestamp,open,high,low,close,volume
2026-04-27 00:00:00+00:00,4699.04,4710.0,4691.29,4691.47,412.0
2026-04-27 00:01:00+00:00,4691.94,4697.19,4691.15,4696.0,321.0
2026-04-27 00:02:00+00:00,4696.21,4700.0,4695.59,4696.72,366.0
2026-04-27 00:03:00+00:00,4697.05,4699.6,4694.93,4699.31,308.0
2026-04-27 00:04:00+00:00,4699.63,4699.38,4696.42,4696.81,250.0
2026-04-27 00:05:00+00:00,4697.05,4696.81,4693.09,4693.67,296.0
2026-04-27 00:06:00+00:00,4694.2,4693.95,4685.23,4685.7,512.0
2026-04-27 00:07:00+00:00,4685.94,4686.78,4685.51,4686.6,282.0
2026-04-27 00:08:00+00:00,4687.05,4689.61,4686.47,4688.3,306.0
2026-04-27 00:09:00+00:00,4688.59,4688.92,4681.2,4681.44,508.0
2026-04-27 00:10:00+00:00,4681.72,4682.84,4680.31,4680.74,511.0
2026-04-27 00:11:00+00:00,4680.895,4685.53,4679.71,4684.35,399.0
2026-04-27 00:12:00+00:00,4684.695,4684.67,4682.71,4683.59,257.0
2026-04-27 00:13:00+00:00,4683.9,4685.27,4683.33,4684.95,205.0
2026-04-27 00:14:00+00:00,4685.23,4685.7,4684.23,4685.18,204.0
2026-04-27 00:15:00+00:00,4685.45,4686.26,4683.83,4683.91,304.0
2026-04-27 00:16:00+00:00,4684.23,4685.64,4683.98,4685.51,193.0
2026-04-27 00:17:00+00:00,4685.78,4686.27,4684.45,4685.46,240.0
2026-04-27 00:18:00+00:00,4685.78,4687.46,4685.27,4687.26,216.0
2026-04-27 00:19:00+00:00,4687.47,4688.45,4687.04,4688.45,239.0
2026-04-27 00:20:00+00:00,4688.69,4688.46,4686.18,4686.51,223.0
2026-04-27 00:21:00+00:00,4686.77,4686.61,4684.24,4684.78,270.0
2026-04-27 00:22:00+00:00,4685.06,4684.81,4682.99,4684.8,227.0
2026-04-27 00:23:00+00:00,4685.1,4686.38,4684.25,4684.58,216.0
2026-04-27 00:24:00+00:00,4684.86,4685.94,4684.02,4684.54,242.0
2026-04-27 00:25:00+00:00,4684.91,4685.36,4683.62,4683.74,225.0
2026-04-27 00:26:00+00:00,4684.03,4684.67,4683.41,4684.51,159.0
2026-04-27 00:27:00+00:00,4684.75,4684.81,4682.79,4684.27,206.0
2026-04-27 00:28:00+00:00,4684.53,4685.39,4684.24,4685.23,138.0
2026-04-27 00:29:00+00:00,4685.46,4687.27,4685.05,4686.68,171.0
2026-04-27 00:30:00+00:00,4686.92,4686.72,4685.88,4685.88,194.0
2026-04-27 00:31:00+00:00,4686.11,4686.66,4682.27,4683.64,255.0
2026-04-27 00:32:00+00:00,4683.875,4685.58,4683.5,4685.5,204.0
2026-04-27 00:33:00+00:00,4685.84,4686.34,4684.15,4684.24,231.0
2026-04-27 00:34:00+00:00,4684.5,4684.38,4682.07,4683.39,245.0
2026-04-27 00:35:00+00:00,4683.63,4685.77,4683.22,4685.77,221.0
2026-04-27 00:36:00+00:00,4686.03,4686.16,4684.61,4685.29,207.0
2026-04-27 00:37:00+00:00,4685.55,4685.8,4683.59,4684.65,187.0
2026-04-27 00:38:00+00:00,4684.85,4685.43,4684.29,4685.32,118.0
2026-04-27 00:39:00+00:00,4685.59,4686.05,4685.34,4686.05,140.0
2026-04-27 00:40:00+00:00,4686.29,4686.11,4684.39,4684.53,182.0
2026-04-27 00:41:00+00:00,4684.75,4684.87,4684.46,4684.66,131.0
2026-04-27 00:42:00+00:00,4684.94,4685.13,4684.59,4684.76,140.0
2026-04-27 00:43:00+00:00,4684.97,4685.12,4684.24,4684.42,167.0
2026-04-27 00:44:00+00:00,4684.78,4685.08,4683.91,4684.55,137.0
2026-04-27 00:45:00+00:00,4684.79,4684.64,4683.46,4684.6,149.0
2026-04-27 00:46:00+00:00,4684.87,4684.9,4683.6,4683.86,145.0
2026-04-27 00:47:00+00:00,4684.1,4685.3,4683.85,4684.9,140.0
2026-04-27 00:48:00+00:00,4685.13,4684.96,4684.18,4684.74,97.0
2026-04-27 00:49:00+00:00,4685.01,4685.56,4684.52,4684.86,125.0
2026-04-27 00:50:00+00:00,4685.09,4685.53,4683.54,4683.59,141.0
2026-04-27 00:51:00+00:00,4683.925,4684.05,4682.11,4682.52,194.0
2026-04-27 00:52:00+00:00,4682.65,4683.5,4681.73,4683.49,138.0
2026-04-27 00:53:00+00:00,4683.73,4684.06,4682.58,4683.87,169.0
2026-04-27 00:54:00+00:00,4684.15,4684.4,4683.64,4684.36,134.0
2026-04-27 00:55:00+00:00,4684.63,4684.44,4683.74,4683.89,174.0
2026-04-27 00:56:00+00:00,4684.15,4684.74,4683.89,4684.32,153.0
2026-04-27 00:57:00+00:00,4684.55,4685.36,4684.29,4685.17,139.0
2026-04-27 00:58:00+00:00,4685.44,4685.99,4685.19,4685.24,133.0
2026-04-27 00:59:00+00:00,4685.46,4685.63,4684.56,4684.56,158.0
2026-04-27 01:00:00+00:00,4684.73,4684.48,4680.01,4681.43,350.0
2026-04-27 01:01:00+00:00,4681.72,4681.72,4677.57,4680.86,424.0
2026-04-27 01:02:00+00:00,4681.14,4682.14,4680.89,4680.91,215.0
2026-04-27 01:03:00+00:00,4681.18,4681.22,4680.18,4681.22,216.0
2026-04-27 01:04:00+00:00,4681.45,4681.84,4679.96,4681.11,239.0
2026-04-27 01:05:00+00:00,4681.545,4682.65,4681.14,4682.48,205.0
2026-04-27 01:06:00+00:00,4682.71,4684.31,4682.33,4683.89,188.0
2026-04-27 01:07:00+00:00,4684.12,4684.17,4683.45,4683.83,170.0
2026-04-27 01:08:00+00:00,4684.09,4683.87,4682.98,4683.36,157.0
2026-04-27 01:09:00+00:00,4683.57,4683.52,4681.96,4683.22,153.0
2026-04-27 01:10:00+00:00,4683.51,4684.24,4683.11,4683.13,164.0
2026-04-27 01:11:00+00:00,4683.37,4683.78,4682.98,4683.05,141.0
2026-04-27 01:12:00+00:00,4683.31,4683.37,4682.88,4682.99,132.0
2026-04-27 01:13:00+00:00,4683.23,4684.63,4682.87,4684.01,158.0
2026-04-27 01:14:00+00:00,4684.25,4684.08,4682.98,4683.48,142.0
2026-04-27 01:15:00+00:00,4683.835,4683.91,4683.27,4683.7,137.0
2026-04-27 01:16:00+00:00,4683.96,4684.5,4683.64,4684.22,149.0
2026-04-27 01:17:00+00:00,4684.48,4684.35,4683.22,4683.53,152.0
2026-04-27 01:18:00+00:00,4683.79,4684.09,4683.39,4683.58,116.0
2026-04-27 01:19:00+00:00,4683.77,4683.62,4683.3,4683.51,95.0
2026-04-27 01:20:00+00:00,4683.7,4683.66,4681.95,4681.95,134.0
2026-04-27 01:21:00+00:00,4682.18,4682.2,4681.0,4681.56,149.0
2026-04-27 01:22:00+00:00,4681.82,4681.93,4681.31,4681.34,114.0
2026-04-27 01:23:00+00:00,4681.66,4683.07,4681.41,4682.75,143.0
2026-04-27 01:24:00+00:00,4683.02,4682.86,4682.4,4682.44,108.0
2026-04-27 01:25:00+00:00,4682.7,4682.45,4680.89,4680.9,135.0
2026-04-27 01:26:00+00:00,4681.14,4681.39,4680.84,4681.39,117.0
2026-04-27 01:27:00+00:00,4681.63,4681.84,4680.68,4680.78,129.0
2026-04-27 01:28:00+00:00,4681.01,4681.07,4679.66,4679.77,164.0
2026-04-27 01:29:00+00:00,4680.05,4680.02,4677.12,4677.15,301.0
2026-04-27 01:30:00+00:00,4677.33,4678.86,4676.24,4678.45,317.0
2026-04-27 01:31:00+00:00,4678.71,4679.25,4678.33,4678.77,193.0
2026-04-27 01:32:00+00:00,4679.125,4679.52,4678.69,4679.31,151.0
2026-04-27 01:33:00+00:00,4679.55,4679.3,4677.98,4678.71,172.0
2026-04-27 01:34:00+00:00,4678.93,4679.56,4678.59,4678.83,123.0
2026-04-27 01:35:00+00:00,4679.07,4679.6,4678.5,4679.35,157.0
2026-04-27 01:36:00+00:00,4679.61,4679.53,4678.99,4679.53,132.0
2026-04-27 01:37:00+00:00,4679.77,4679.86,4679.04,4679.22,123.0
2026-04-27 01:38:00+00:00,4679.49,4679.39,4676.86,4676.93,166.0
2026-04-27 01:39:00+00:00,4677.19,4677.06,4675.2,4676.56,238.0
2026-04-27 01:40:00+00:00,4676.69,4676.66,4674.78,4675.94,282.0
2026-04-27 01:41:00+00:00,4676.21,4675.96,4674.71,4675.02,214.0
2026-04-27 01:42:00+00:00,4675.375,4676.56,4674.94,4676.56,187.0
2026-04-27 01:43:00+00:00,4676.79,4677.29,4676.54,4677.25,147.0
2026-04-27 01:44:00+00:00,4677.51,4678.03,4676.58,4676.69,147.0
2026-04-27 01:45:00+00:00,4676.95,4678.69,4676.7,4678.25,231.0
2026-04-27 01:46:00+00:00,4678.515,4679.27,4677.79,4679.25,170.0
2026-04-27 01:47:00+00:00,4679.48,4681.08,4679.07,4680.96,244.0
2026-04-27 01:48:00+00:00,4681.23,4682.05,4680.17,4681.09,227.0
2026-04-27 01:49:00+00:00,4681.35,4681.48,4679.63,4680.49,244.0
2026-04-27 01:50:00+00:00,4680.77,4680.63,4679.21,4679.51,192.0
2026-04-27 01:51:00+00:00,4679.63,4680.61,4678.88,4680.45,199.0
2026-04-27 01:52:00+00:00,4680.67,4681.63,4680.01,4681.38,142.0
2026-04-27 01:53:00+00:00,4681.65,4681.72,4680.82,4681.52,142.0
2026-04-27 01:54:00+00:00,4681.78,4681.68,4680.87,4681.03,93.0
2026-04-27 01:55:00+00:00,4681.3,4681.28,4679.93,4679.94,144.0
2026-04-27 01:56:00+00:00,4680.26,4681.58,4679.57,4681.2,196.0
2026-04-27 01:57:00+00:00,4681.44,4681.49,4680.73,4681.11,146.0
2026-04-27 01:58:00+00:00,4681.37,4681.72,4680.5,4681.05,176.0
2026-04-27 01:59:00+00:00,4681.28,4681.54,4679.79,4679.83,183.0
2026-04-27 02:00:00+00:00,4680.07,4680.99,4677.76,4679.17,426.0
2026-04-27 02:01:00+00:00,4679.4,4679.15,4676.32,4677.18,320.0
2026-04-27 02:02:00+00:00,4677.41,4677.4,4675.19,4675.92,357.0
2026-04-27 02:03:00+00:00,4676.22,4676.65,4675.28,4676.64,311.0
2026-04-27 02:04:00+00:00,4676.9,4678.93,4676.64,4678.93,232.0
2026-04-27 02:05:00+00:00,4679.21,4679.32,4678.22,4679.32,176.0
2026-04-27 02:06:00+00:00,4679.6,4679.53,4674.75,4675.47,353.0
2026-04-27 02:07:00+00:00,4675.74,4675.94,4673.66,4674.47,399.0
2026-04-27 02:08:00+00:00,4674.73,4675.45,4672.2,4672.51,397.0
2026-04-27 02:09:00+00:00,4672.72,4675.68,4672.27,4675.68,310.0
2026-04-27 02:10:00+00:00,4676.01,4677.37,4675.58,4677.31,228.0
2026-04-27 02:11:00+00:00,4677.55,4678.4,4676.7,4677.78,220.0
2026-04-27 02:12:00+00:00,4678.04,4679.44,4677.26,4679.31,234.0
2026-04-27 02:13:00+00:00,4679.6,4679.72,4678.38,4679.2,205.0
2026-04-27 02:14:00+00:00,4679.52,4679.69,4678.71,4679.69,219.0
2026-04-27 02:15:00+00:00,4679.95,4681.23,4678.18,4678.99,388.0
2026-04-27 02:16:00+00:00,4679.26,4679.8,4677.75,4679.03,292.0
2026-04-27 02:17:00+00:00,4679.31,4680.33,4678.82,4679.92,267.0
2026-04-27 02:18:00+00:00,4680.18,4681.22,4679.29,4679.3,274.0
2026-04-27 02:19:00+00:00,4679.56,4680.26,4678.65,4678.65,233.0
2026-04-27 02:20:00+00:00,4678.93,4680.18,4678.48,4679.15,270.0
2026-04-27 02:21:00+00:00,4679.37,4679.17,4677.61,4678.4,261.0
2026-04-27 02:22:00+00:00,4678.66,4679.69,4677.61,4678.6,265.0
2026-04-27 02:23:00+00:00,4678.91,4679.82,4678.45,4678.6,215.0
2026-04-27 02:24:00+00:00,4678.76,4678.93,4677.77,4678.82,189.0
2026-04-27 02:25:00+00:00,4679.09,4679.68,4677.89,4678.45,233.0
2026-04-27 02:26:00+00:00,4678.69,4678.87,4677.64,4678.87,232.0
2026-04-27 02:27:00+00:00,4679.15,4679.99,4678.89,4679.44,206.0
2026-04-27 02:28:00+00:00,4679.66,4681.75,4679.33,4681.73,186.0
2026-04-27 02:29:00+00:00,4682.015,4681.94,4680.46,4680.65,210.0
2026-04-27 02:30:00+00:00,4680.98,4681.28,4680.27,4681.2,220.0
2026-04-27 02:31:00+00:00,4681.44,4681.41,4679.86,4680.71,235.0
2026-04-27 02:32:00+00:00,4680.93,4681.1,4679.53,4680.07,186.0
2026-04-27 02:33:00+00:00,4680.31,4680.23,4678.82,4678.92,194.0
2026-04-27 02:34:00+00:00,4679.16,4679.86,4677.11,4678.03,253.0
2026-04-27 02:35:00+00:00,4678.27,4678.75,4677.56,4678.15,237.0
2026-04-27 02:36:00+00:00,4678.39,4678.15,4677.24,4677.38,176.0
2026-04-27 02:37:00+00:00,4677.67,4677.86,4676.63,4677.85,209.0
2026-04-27 02:38:00+00:00,4678.07,4678.54,4677.06,4677.19,197.0
2026-04-27 02:39:00+00:00,4677.42,4679.25,4677.1,4679.1,195.0
2026-04-27 02:40:00+00:00,4679.33,4680.13,4678.98,4679.88,167.0
2026-04-27 02:41:00+00:00,4680.17,4679.92,4677.92,4678.57,175.0
2026-04-27 02:42:00+00:00,4678.84,4680.65,4678.54,4680.54,181.0
2026-04-27 02:43:00+00:00,4680.78,4680.71,4680.2,4680.43,117.0
2026-04-27 02:44:00+00:00,4680.65,4680.65,4680.33,4680.41,86.0
2026-04-27 02:45:00+00:00,4680.64,4681.62,4680.39,4681.28,209.0
2026-04-27 02:46:00+00:00,4681.52,4682.04,4681.09,4681.78,205.0
2026-04-27 02:47:00+00:00,4682.04,4682.15,4681.5,4682.03,163.0
2026-04-27 02:48:00+00:00,4682.3,4682.78,4681.52,4682.44,205.0
2026-04-27 02:49:00+00:00,4682.65,4682.44,4681.63,4682.3,171.0
2026-04-27 02:50:00+00:00,4682.58,4683.3,4682.25,4683.11,157.0
2026-04-27 02:51:00+00:00,4683.33,4685.93,4682.76,4685.85,197.0
2026-04-27 02:52:00+00:00,4686.2,4687.41,4684.9,4686.61,320.0
2026-04-27 02:53:00+00:00,4686.85,4688.02,4686.18,4687.57,205.0
2026-04-27 02:54:00+00:00,4687.79,4688.78,4687.36,4688.41,239.0
2026-04-27 02:55:00+00:00,4688.795,4690.19,4688.42,4689.71,207.0
2026-04-27 02:56:00+00:00,4689.93,4692.3,4689.52,4691.82,233.0
2026-04-27 02:57:00+00:00,4692.03,4692.24,4690.23,4690.67,228.0
2026-04-27 02:58:00+00:00,4690.94,4695.64,4690.69,4695.64,550.0
2026-04-27 02:59:00+00:00,4695.78,4697.96,4695.45,4697.62,488.0
2026-04-27 03:00:00+00:00,4697.88,4699.3,4694.4,4699.18,868.0
2026-04-27 03:01:00+00:00,4699.49,4705.55,4697.66,4704.57,773.0
2026-04-27 03:02:00+00:00,4704.86,4707.76,4702.2,4706.68,588.0
2026-04-27 03:03:00+00:00,4706.9,4709.0,4705.8,4706.39,600.0
2026-04-27 03:04:00+00:00,4706.67,4709.47,4706.25,4707.67,539.0
2026-04-27 03:05:00+00:00,4708.035,4708.57,4705.22,4707.25,548.0
2026-04-27 03:06:00+00:00,4707.48,4707.23,4700.29,4701.23,531.0
2026-04-27 03:07:00+00:00,4701.625,4701.36,4697.54,4698.64,448.0
2026-04-27 03:08:00+00:00,4698.88,4699.78,4696.88,4698.22,397.0
2026-04-27 03:09:00+00:00,4698.57,4699.94,4696.83,4698.08,393.0
2026-04-27 03:10:00+00:00,4698.32,4699.25,4697.32,4697.96,372.0
2026-04-27 03:11:00+00:00,4698.36,4701.1,4697.73,4700.26,333.0
2026-04-27 03:12:00+00:00,4700.54,4702.25,4700.27,4701.23,290.0
2026-04-27 03:13:00+00:00,4701.53,4701.4,4695.03,4695.18,435.0
2026-04-27 03:14:00+00:00,4695.4,4695.15,4692.04,4692.67,437.0
2026-04-27 03:15:00+00:00,4692.87,4694.71,4691.88,4694.69,402.0
2026-04-27 03:16:00+00:00,4694.99,4694.74,4690.77,4693.09,495.0
2026-04-27 03:17:00+00:00,4693.42,4694.83,4692.45,4694.38,450.0
2026-04-27 03:18:00+00:00,4694.6,4696.24,4693.16,4695.11,418.0
2026-04-27 03:19:00+00:00,4695.35,4696.4,4694.85,4695.77,322.0
2026-04-27 03:20:00+00:00,4696.0,4696.55,4694.35,4696.54,362.0
2026-04-27 03:21:00+00:00,4696.73,4697.3,4695.81,4696.01,314.0
2026-04-27 03:22:00+00:00,4696.25,4697.54,4694.29,4697.38,361.0
2026-04-27 03:23:00+00:00,4697.61,4698.46,4696.46,4697.92,275.0
2026-04-27 03:24:00+00:00,4698.19,4697.94,4695.59,4696.85,356.0
2026-04-27 03:25:00+00:00,4697.09,4696.84,4694.55,4695.3,369.0
2026-04-27 03:26:00+00:00,4695.56,4696.8,4694.18,4696.69,344.0
2026-04-27 03:27:00+00:00,4696.92,4696.67,4693.11,4693.11,433.0
2026-04-27 03:28:00+00:00,4693.33,4696.9,4692.57,4696.44,351.0
2026-04-27 03:29:00+00:00,4696.64,4697.95,4696.3,4697.88,346.0
2026-04-27 03:30:00+00:00,4698.15,4698.21,4695.43,4697.02,391.0
2026-04-27 03:31:00+00:00,4697.34,4700.65,4696.96,4700.04,414.0
2026-04-27 03:32:00+00:00,4700.3,4700.75,4699.37,4699.4,332.0
2026-04-27 03:33:00+00:00,4699.64,4699.71,4696.75,4698.36,373.0
2026-04-27 03:34:00+00:00,4698.6,4698.46,4696.72,4697.32,331.0
2026-04-27 03:35:00+00:00,4697.65,4698.98,4696.18,4698.22,366.0
2026-04-27 03:36:00+00:00,4698.45,4698.93,4697.28,4698.45,352.0
2026-04-27 03:37:00+00:00,4698.68,4699.32,4697.24,4697.29,329.0
2026-04-27 03:38:00+00:00,4697.53,4698.76,4696.83,4698.03,387.0
2026-04-27 03:39:00+00:00,4698.34,4699.72,4697.41,4699.68,354.0
2026-04-27 03:40:00+00:00,4699.92,4699.67,4697.54,4698.48,360.0
2026-04-27 03:41:00+00:00,4698.76,4700.26,4698.24,4699.86,327.0
2026-04-27 03:42:00+00:00,4700.06,4700.29,4697.96,4698.09,317.0
2026-04-27 03:43:00+00:00,4698.375,4698.18,4696.61,4697.63,353.0
2026-04-27 03:44:00+00:00,4697.9,4698.56,4697.11,4697.76,268.0
2026-04-27 03:45:00+00:00,4698.02,4699.81,4697.59,4698.08,357.0
2026-04-27 03:46:00+00:00,4698.34,4699.72,4698.08,4699.21,304.0
2026-04-27 03:47:00+00:00,4699.575,4701.14,4698.66,4699.88,328.0
2026-04-27 03:48:00+00:00,4700.15,4700.86,4698.83,4699.23,281.0
2026-04-27 03:49:00+00:00,4699.56,4701.78,4699.13,4701.55,298.0
2026-04-27 03:50:00+00:00,4701.91,4705.69,4701.27,4704.99,338.0
2026-04-27 03:51:00+00:00,4705.23,4706.3,4703.82,4705.93,334.0
2026-04-27 03:52:00+00:00,4706.17,4706.32,4703.38,4703.84,332.0
2026-04-27 03:53:00+00:00,4704.07,4704.52,4703.26,4704.33,278.0
2026-04-27 03:54:00+00:00,4704.59,4704.54,4702.49,4702.7,285.0
2026-04-27 03:55:00+00:00,4702.92,4704.2,4701.92,4702.07,295.0
2026-04-27 03:56:00+00:00,4702.3,4702.46,4700.65,4701.85,325.0
2026-04-27 03:57:00+00:00,4702.11,4701.86,4699.85,4700.82,329.0
2026-04-27 03:58:00+00:00,4701.08,4703.02,4700.83,4702.94,274.0
2026-04-27 03:59:00+00:00,4703.14,4702.93,4701.89,4702.59,273.0
2026-04-27 04:00:00+00:00,4702.83,4705.4,4702.55,4703.93,353.0
2026-04-27 04:01:00+00:00,4704.16,4706.41,4703.56,4706.18,266.0
2026-04-27 04:02:00+00:00,4706.44,4706.6,4704.36,4704.38,274.0
2026-04-27 04:03:00+00:00,4704.56,4705.11,4701.31,4702.23,384.0
2026-04-27 04:04:00+00:00,4702.5,4702.66,4700.69,4702.07,344.0
2026-04-27 04:05:00+00:00,4702.27,4702.11,4698.31,4699.43,411.0
2026-04-27 04:06:00+00:00,4699.67,4699.42,4696.32,4698.27,405.0
2026-04-27 04:07:00+00:00,4698.61,4698.99,4697.43,4697.44,282.0
2026-04-27 04:08:00+00:00,4697.73,4698.82,4696.95,4698.7,296.0
2026-04-27 04:09:00+00:00,4698.93,4698.86,4697.96,4698.46,240.0
2026-04-27 04:10:00+00:00,4698.69,4698.45,4696.07,4696.69,266.0
2026-04-27 04:11:00+00:00,4697.03,4698.04,4696.54,4696.93,296.0
2026-04-27 04:12:00+00:00,4697.22,4699.36,4696.97,4698.69,259.0
2026-04-27 04:13:00+00:00,4698.98,4699.68,4698.43,4699.15,234.0
2026-04-27 04:14:00+00:00,4699.42,4700.14,4698.91,4699.46,279.0
2026-04-27 04:15:00+00:00,4699.73,4700.21,4698.8,4700.03,215.0
2026-04-27 04:16:00+00:00,4700.27,4705.3,4699.84,4704.15,399.0
2026-04-27 04:17:00+00:00,4704.37,4706.05,4703.84,4705.95,279.0
2026-04-27 04:18:00+00:00,4706.21,4708.09,4705.68,4705.84,283.0
2026-04-27 04:19:00+00:00,4706.22,4706.53,4704.52,4705.12,255.0
2026-04-27 04:20:00+00:00,4705.35,4705.86,4704.2,4705.06,272.0
2026-04-27 04:21:00+00:00,4705.33,4705.35,4704.25,4704.48,184.0
2026-04-27 04:22:00+00:00,4704.72,4706.54,4704.3,4706.42,218.0
2026-04-27 04:23:00+00:00,4706.61,4707.12,4706.2,4706.46,213.0
2026-04-27 04:24:00+00:00,4706.69,4706.44,4704.43,4705.24,229.0
2026-04-27 04:25:00+00:00,4705.46,4706.52,4704.95,4705.01,203.0
2026-04-27 04:26:00+00:00,4705.24,4706.17,4704.78,4705.79,179.0
2026-04-27 04:27:00+00:00,4706.05,4706.4,4704.94,4705.33,184.0
2026-04-27 04:28:00+00:00,4705.56,4706.66,4705.05,4706.45,168.0
2026-04-27 04:29:00+00:00,4706.69,4706.48,4705.59,4705.64,166.0
2026-04-27 04:30:00+00:00,4705.86,4705.87,4704.07,4705.48,380.0
2026-04-27 04:31:00+00:00,4705.69,4707.53,4705.39,4706.62,363.0
2026-04-27 04:32:00+00:00,4706.84,4707.42,4706.19,4706.78,324.0
2026-04-27 04:33:00+00:00,4707.02,4707.06,4705.6,4706.12,290.0
2026-04-27 04:34:00+00:00,4706.38,4706.72,4704.79,4705.48,264.0
2026-04-27 04:35:00+00:00,4705.71,4708.46,4705.45,4708.07,311.0
2026-04-27 04:36:00+00:00,4708.24,4708.19,4706.86,4707.84,274.0
2026-04-27 04:37:00+00:00,4708.08,4710.9,4707.8,4709.35,376.0
2026-04-27 04:38:00+00:00,4709.74,4714.29,4709.47,4713.54,389.0
2026-04-27 04:39:00+00:00,4713.71,4713.6,4711.73,4712.13,279.0
2026-04-27 04:40:00+00:00,4712.35,4713.99,4711.29,4712.59,272.0
2026-04-27 04:41:00+00:00,4712.82,4713.8,4711.72,4712.04,338.0
2026-04-27 04:42:00+00:00,4712.28,4712.69,4710.78,4711.2,301.0
2026-04-27 04:43:00+00:00,4711.49,4712.92,4711.23,4711.78,246.0
2026-04-27 04:44:00+00:00,4711.96,4713.5,4711.48,4713.23,245.0
2026-04-27 04:45:00+00:00,4713.585,4714.35,4712.04,4712.46,297.0
2026-04-27 04:46:00+00:00,4712.78,4714.35,4712.47,4713.51,280.0
2026-04-27 04:47:00+00:00,4713.75,4717.18,4713.26,4717.13,333.0
2026-04-27 04:48:00+00:00,4717.39,4719.12,4716.48,4716.54,413.0
2026-04-27 04:49:00+00:00,4716.77,4718.82,4716.52,4718.41,286.0
2026-04-27 04:50:00+00:00,4718.54,4720.16,4717.43,4719.55,304.0
2026-04-27 04:51:00+00:00,4719.915,4720.9,4719.25,4720.5,284.0
2026-04-27 04:52:00+00:00,4720.915,4722.36,4720.18,4722.31,293.0
2026-04-27 04:53:00+00:00,4722.55,4722.77,4720.89,4722.56,311.0
2026-04-27 04:54:00+00:00,4722.945,4722.88,4721.21,4721.26,256.0
2026-04-27 04:55:00+00:00,4721.53,4723.3,4721.07,4722.91,262.0
2026-04-27 04:56:00+00:00,4723.315,4722.94,4720.04,4720.54,315.0
2026-04-27 04:57:00+00:00,4720.835,4720.46,4718.63,4720.34,239.0
2026-04-27 04:58:00+00:00,4720.6,4721.89,4720.34,4720.51,294.0
2026-04-27 04:59:00+00:00,4720.71,4720.5,4718.04,4718.04,254.0
2026-04-27 05:00:00+00:00,4718.335,4721.71,4717.96,4720.08,480.0
2026-04-27 05:01:00+00:00,4720.34,4721.07,4719.34,4721.02,316.0
2026-04-27 05:02:00+00:00,4721.36,4722.17,4719.61,4721.94,299.0
2026-04-27 05:03:00+00:00,4722.22,4721.97,4719.8,4721.03,221.0
2026-04-27 05:04:00+00:00,4721.31,4721.95,4719.58,4720.34,289.0
2026-04-27 05:05:00+00:00,4720.51,4720.68,4718.98,4719.16,254.0
2026-04-27 05:06:00+00:00,4719.415,4719.61,4718.99,4719.2,209.0
2026-04-27 05:07:00+00:00,4719.49,4719.81,4719.07,4719.54,212.0
2026-04-27 05:08:00+00:00,4719.8,4720.03,4718.75,4719.28,224.0
2026-04-27 05:09:00+00:00,4719.59,4720.92,4719.3,4720.3,222.0
2026-04-27 05:10:00+00:00,4720.56,4721.73,4720.31,4721.09,205.0
2026-04-27 05:11:00+00:00,4721.35,4721.23,4717.73,4718.05,321.0
2026-04-27 05:12:00+00:00,4718.33,4718.8,4716.95,4716.97,271.0
2026-04-27 05:13:00+00:00,4717.26,4717.52,4716.27,4716.59,250.0
2026-04-27 05:14:00+00:00,4716.835,4717.91,4716.42,4717.76,225.0
2026-04-27 05:15:00+00:00,4717.99,4718.37,4717.4,4717.69,217.0
2026-04-27 05:16:00+00:00,4717.91,4717.99,4716.66,4717.01,174.0
2026-04-27 05:17:00+00:00,4717.18,4718.06,4716.71,4717.57,198.0
2026-04-27 05:18:00+00:00,4717.8,4717.55,4716.29,4716.9,186.0
2026-04-27 05:19:00+00:00,4717.13,4717.32,4716.75,4716.76,186.0
2026-04-27 05:20:00+00:00,4717.0,4718.38,4716.69,4717.82,177.0
2026-04-27 05:21:00+00:00,4718.09,4717.98,4717.07,4717.4,179.0
2026-04-27 05:22:00+00:00,4717.66,4717.48,4716.24,4716.43,201.0
2026-04-27 05:23:00+00:00,4716.67,4716.68,4716.11,4716.44,193.0
2026-04-27 05:24:00+00:00,4716.65,4716.98,4716.19,4716.24,169.0
2026-04-27 05:25:00+00:00,4716.53,4716.52,4715.23,4715.39,227.0
2026-04-27 05:26:00+00:00,4715.59,4715.9,4714.63,4714.63,220.0
2026-04-27 05:27:00+00:00,4714.85,4715.52,4714.34,4715.35,193.0
2026-04-27 05:28:00+00:00,4715.59,4715.34,4714.7,4715.14,178.0
2026-04-27 05:29:00+00:00,4715.4,4715.85,4714.99,4715.56,234.0
2026-04-27 05:30:00+00:00,4715.89,4717.11,4715.34,4716.45,252.0
2026-04-27 05:31:00+00:00,4716.75,4719.81,4716.5,4718.9,341.0
2026-04-27 05:32:00+00:00,4719.19,4719.75,4718.81,4719.5,212.0
2026-04-27 05:33:00+00:00,4719.79,4720.71,4719.47,4720.05,184.0
2026-04-27 05:34:00+00:00,4720.435,4722.08,4720.06,4721.84,218.0
2026-04-27 05:35:00+00:00,4722.08,4722.67,4721.67,4721.83,221.0
2026-04-27 05:36:00+00:00,4722.05,4722.05,4720.96,4721.61,234.0
2026-04-27 05:37:00+00:00,4721.85,4723.32,4721.58,4723.12,196.0
2026-04-27 05:38:00+00:00,4723.36,4724.27,4722.91,4724.03,213.0
2026-04-27 05:39:00+00:00,4724.29,4725.35,4723.56,4723.61,260.0
2026-04-27 05:40:00+00:00,4723.85,4724.56,4723.36,4724.24,226.0
2026-04-27 05:41:00+00:00,4724.52,4727.52,4724.27,4726.98,257.0
2026-04-27 05:42:00+00:00,4727.34,4727.28,4726.32,4726.44,246.0
2026-04-27 05:43:00+00:00,4726.67,4728.39,4726.23,4728.39,236.0
2026-04-27 05:44:00+00:00,4728.55,4729.22,4727.52,4728.25,230.0
2026-04-27 05:45:00+00:00,4728.49,4728.57,4727.96,4728.18,198.0
2026-04-27 05:46:00+00:00,4728.42,4728.21,4726.79,4727.41,213.0
2026-04-27 05:47:00+00:00,4727.68,4727.61,4724.02,4724.3,305.0
2026-04-27 05:48:00+00:00,4724.53,4724.49,4723.05,4723.33,198.0
2026-04-27 05:49:00+00:00,4723.59,4724.23,4723.19,4724.2,148.0
2026-04-27 05:50:00+00:00,4724.47,4725.22,4724.22,4724.72,180.0
2026-04-27 05:51:00+00:00,4724.99,4725.26,4724.25,4724.48,168.0
2026-04-27 05:52:00+00:00,4724.69,4724.44,4723.5,4723.71,161.0
2026-04-27 05:53:00+00:00,4723.97,4724.05,4722.42,4723.47,253.0
2026-04-27 05:54:00+00:00,4723.7,4726.1,4723.45,4725.0,280.0
2026-04-27 05:55:00+00:00,4725.26,4725.94,4724.75,4725.72,170.0
2026-04-27 05:56:00+00:00,4725.96,4726.08,4725.4,4725.5,186.0
2026-04-27 05:57:00+00:00,4725.77,4725.72,4724.95,4725.32,146.0
2026-04-27 05:58:00+00:00,4725.56,4725.39,4723.95,4724.27,180.0
2026-04-27 05:59:00+00:00,4724.55,4724.48,4723.93,4724.02,142.0
2026-04-27 06:00:00+00:00,4724.17,4725.97,4723.9,4725.92,166.0
2026-04-27 06:01:00+00:00,4726.16,4726.65,4725.5,4726.25,201.0
2026-04-27 06:02:00+00:00,4726.46,4726.45,4724.27,4724.72,200.0
2026-04-27 06:03:00+00:00,4724.91,4725.05,4723.48,4725.0,229.0
2026-04-27 06:04:00+00:00,4725.32,4726.2,4724.89,4726.18,190.0
2026-04-27 06:05:00+00:00,4726.42,4727.11,4726.17,4726.97,192.0
2026-04-27 06:06:00+00:00,4727.19,4727.46,4726.46,4726.71,186.0
2026-04-27 06:07:00+00:00,4726.95,4727.23,4726.53,4726.81,154.0
2026-04-27 06:08:00+00:00,4727.05,4727.03,4726.08,4726.73,116.0
2026-04-27 06:09:00+00:00,4726.97,4727.39,4726.36,4726.93,117.0
2026-04-27 06:10:00+00:00,4727.17,4727.87,4726.86,4726.92,125.0
2026-04-27 06:11:00+00:00,4727.305,4727.32,4726.2,4727.0,164.0
2026-04-27 06:12:00+00:00,4727.16,4726.91,4725.87,4725.87,166.0
2026-04-27 06:13:00+00:00,4726.11,4727.15,4725.8,4727.04,158.0
2026-04-27 06:14:00+00:00,4727.22,4727.58,4726.97,4727.36,116.0
2026-04-27 06:15:00+00:00,4727.6,4727.84,4727.25,4727.4,111.0
2026-04-27 06:16:00+00:00,4727.66,4727.74,4726.8,4726.97,147.0
2026-04-27 06:17:00+00:00,4727.21,4727.21,4725.77,4725.77,169.0
2026-04-27 06:18:00+00:00,4726.03,4726.21,4724.82,4725.61,158.0
2026-04-27 06:19:00+00:00,4725.73,4726.47,4725.29,4726.36,129.0
2026-04-27 06:20:00+00:00,4726.6,4727.2,4726.32,4726.81,124.0
2026-04-27 06:21:00+00:00,4727.04,4727.46,4726.79,4727.03,140.0
2026-04-27 06:22:00+00:00,4727.26,4727.19,4726.06,4726.7,156.0
2026-04-27 06:23:00+00:00,4726.93,4727.22,4726.59,4726.92,147.0
2026-04-27 06:24:00+00:00,4727.18,4727.02,4725.97,4726.37,123.0
2026-04-27 06:25:00+00:00,4726.63,4726.67,4725.66,4725.95,142.0
2026-04-27 06:26:00+00:00,4726.23,4726.34,4725.17,4725.52,143.0
2026-04-27 06:27:00+00:00,4725.78,4725.59,4724.96,4725.32,103.0
2026-04-27 06:28:00+00:00,4725.58,4726.39,4725.2,4726.38,85.0
2026-04-27 06:29:00+00:00,4726.6,4726.97,4726.06,4726.81,124.0
2026-04-27 06:30:00+00:00,4727.07,4728.4,4726.8,4728.11,185.0
2026-04-27 06:31:00+00:00,4728.32,4728.48,4727.96,4728.03,116.0
2026-04-27 06:32:00+00:00,4728.24,4728.11,4726.8,4727.06,137.0
2026-04-27 06:33:00+00:00,4727.33,4729.66,4727.0,4729.08,197.0
2026-04-27 06:34:00+00:00,4729.425,4729.98,4727.06,4727.15,198.0
2026-04-27 06:35:00+00:00,4727.37,4727.12,4725.23,4726.25,214.0
2026-04-27 06:36:00+00:00,4726.53,4727.02,4726.07,4726.98,138.0
2026-04-27 06:37:00+00:00,4727.21,4727.26,4726.1,4726.53,164.0
2026-04-27 06:38:00+00:00,4726.74,4727.45,4725.48,4727.27,173.0
2026-04-27 06:39:00+00:00,4727.57,4728.16,4727.31,4727.89,157.0
2026-04-27 06:40:00+00:00,4728.15,4728.06,4726.55,4727.22,158.0
2026-04-27 06:41:00+00:00,4727.48,4727.89,4727.23,4727.85,124.0
2026-04-27 06:42:00+00:00,4728.11,4728.07,4727.29,4727.88,144.0
2026-04-27 06:43:00+00:00,4728.11,4727.86,4726.46,4726.55,145.0
2026-04-27 06:44:00+00:00,4726.81,4726.56,4725.95,4726.14,127.0
2026-04-27 06:45:00+00:00,4726.375,4726.52,4725.67,4725.67,115.0
2026-04-27 06:46:00+00:00,4726.015,4726.28,4725.51,4725.78,173.0
2026-04-27 06:47:00+00:00,4726.02,4725.91,4724.79,4725.64,174.0
2026-04-27 06:48:00+00:00,4725.87,4725.87,4725.54,4725.69,102.0
2026-04-27 06:49:00+00:00,4725.96,4725.77,4723.93,4724.21,171.0
2026-04-27 06:50:00+00:00,4724.47,4724.76,4723.48,4724.21,239.0
2026-04-27 06:51:00+00:00,4724.47,4724.36,4723.56,4724.02,180.0
2026-04-27 06:52:00+00:00,4724.39,4724.4,4723.71,4724.34,154.0
2026-04-27 06:53:00+00:00,4724.6,4724.37,4723.12,4724.01,147.0
2026-04-27 06:54:00+00:00,4724.28,4724.59,4723.78,4724.43,115.0
2026-04-27 06:55:00+00:00,4724.66,4724.84,4723.54,4723.54,122.0
2026-04-27 06:56:00+00:00,4723.8,4723.55,4722.59,4722.94,208.0
2026-04-27 06:57:00+00:00,4723.23,4723.46,4722.89,4723.22,162.0
2026-04-27 06:58:00+00:00,4723.53,4724.75,4723.09,4724.65,149.0
2026-04-27 06:59:00+00:00,4724.88,4726.26,4724.54,4724.87,177.0
2026-04-27 07:00:00+00:00,4725.15,4725.35,4723.11,4723.28,194.0
2026-04-27 07:01:00+00:00,4723.61,4723.87,4722.62,4722.76,174.0
2026-04-27 07:02:00+00:00,4723.1,4723.15,4721.29,4721.79,207.0
2026-04-27 07:03:00+00:00,4722.05,4722.02,4721.43,4721.56,134.0
2026-04-27 07:04:00+00:00,4721.83,4721.58,4720.85,4721.09,192.0
2026-04-27 07:05:00+00:00,4721.36,4721.93,4720.68,4720.93,228.0
2026-04-27 07:06:00+00:00,4721.17,4721.16,4720.26,4720.29,153.0
2026-04-27 07:07:00+00:00,4720.57,4721.37,4720.2,4720.99,200.0
2026-04-27 07:08:00+00:00,4721.27,4721.23,4719.77,4720.07,187.0
2026-04-27 07:09:00+00:00,4720.335,4720.41,4719.38,4719.4,175.0
2026-04-27 07:10:00+00:00,4719.765,4719.7,4719.23,4719.52,128.0
2026-04-27 07:11:00+00:00,4719.81,4720.15,4719.21,4720.15,159.0
2026-04-27 07:12:00+00:00,4720.42,4720.25,4718.23,4718.59,172.0
2026-04-27 07:13:00+00:00,4718.835,4719.13,4718.04,4719.1,138.0
2026-04-27 07:14:00+00:00,4719.37,4719.28,4718.19,4718.24,164.0
2026-04-27 07:15:00+00:00,4718.52,4718.33,4717.36,4717.36,213.0
2026-04-27 07:16:00+00:00,4717.62,4718.19,4716.54,4717.45,248.0
2026-04-27 07:17:00+00:00,4717.74,4717.55,4715.77,4716.83,229.0
2026-04-27 07:18:00+00:00,4717.225,4718.45,4716.85,4718.29,199.0
2026-04-27 07:19:00+00:00,4718.68,4718.47,4717.2,4717.77,145.0
2026-04-27 07:20:00+00:00,4718.165,4718.81,4717.68,4718.35,191.0
2026-04-27 07:21:00+00:00,4718.59,4718.63,4717.89,4718.26,162.0
2026-04-27 07:22:00+00:00,4718.5,4718.64,4717.74,4717.89,164.0
2026-04-27 07:23:00+00:00,4718.13,4718.58,4717.88,4718.58,148.0
2026-04-27 07:24:00+00:00,4718.82,4719.09,4718.51,4719.01,136.0
2026-04-27 07:25:00+00:00,4719.28,4719.43,4717.6,4718.27,207.0
2026-04-27 07:26:00+00:00,4718.535,4718.6,4717.74,4718.37,182.0
2026-04-27 07:27:00+00:00,4718.69,4719.66,4718.27,4719.46,154.0
2026-04-27 07:28:00+00:00,4719.79,4719.63,4718.34,4718.34,157.0
2026-04-27 07:29:00+00:00,4718.6,4718.7,4717.89,4717.99,136.0
2026-04-27 07:30:00+00:00,4718.23,4718.19,4714.46,4715.42,443.0
2026-04-27 07:31:00+00:00,4715.835,4715.98,4713.96,4715.19,323.0
2026-04-27 07:32:00+00:00,4715.45,4715.82,4714.54,4715.14,254.0
2026-04-27 07:33:00+00:00,4715.35,4715.28,4712.49,4712.65,311.0
2026-04-27 07:34:00+00:00,4712.92,4713.57,4711.43,4712.78,349.0
2026-04-27 07:35:00+00:00,4712.95,4712.74,4709.95,4710.89,302.0
2026-04-27 07:36:00+00:00,4711.09,4711.86,4710.0,4710.81,326.0
2026-04-27 07:37:00+00:00,4711.09,4712.13,4710.33,4710.33,364.0
2026-04-27 07:38:00+00:00,4710.665,4710.52,4709.4,4710.3,289.0
2026-04-27 07:39:00+00:00,4710.56,4711.06,4709.69,4710.45,259.0
2026-04-27 07:40:00+00:00,4710.68,4710.75,4709.36,4710.49,219.0
2026-04-27 07:41:00+00:00,4710.855,4711.64,4709.52,4709.59,265.0
2026-04-27 07:42:00+00:00,4709.975,4710.22,4708.88,4709.5,248.0
2026-04-27 07:43:00+00:00,4709.805,4711.85,4709.4,4711.44,248.0
2026-04-27 07:44:00+00:00,4711.67,4711.86,4710.21,4711.35,250.0
2026-04-27 07:45:00+00:00,4711.63,4712.46,4711.11,4712.22,230.0
2026-04-27 07:46:00+00:00,4712.6,4712.58,4711.98,4712.57,158.0
2026-04-27 07:47:00+00:00,4712.84,4713.48,4712.45,4712.68,198.0
2026-04-27 07:48:00+00:00,4712.85,4713.14,4711.67,4713.05,205.0
2026-04-27 07:49:00+00:00,4713.26,4713.05,4711.05,4711.26,220.0
2026-04-27 07:50:00+00:00,4711.52,4711.41,4708.85,4709.99,263.0
2026-04-27 07:51:00+00:00,4710.25,4711.5,4708.69,4709.48,299.0
2026-04-27 07:52:00+00:00,4709.72,4710.78,4708.47,4709.48,243.0
2026-04-27 07:53:00+00:00,4709.71,4710.61,4708.83,4709.85,246.0
2026-04-27 07:54:00+00:00,4710.07,4711.79,4709.58,4711.27,234.0
2026-04-27 07:55:00+00:00,4711.43,4711.74,4710.84,4711.55,232.0
2026-04-27 07:56:00+00:00,4711.79,4712.79,4711.06,4712.07,249.0
2026-04-27 07:57:00+00:00,4712.355,4712.8,4711.72,4711.82,173.0
2026-04-27 07:58:00+00:00,4712.12,4711.94,4709.64,4709.96,250.0
2026-04-27 07:59:00+00:00,4710.23,4710.49,4709.57,4709.87,191.0
2026-04-27 08:00:00+00:00,4710.13,4712.89,4709.35,4711.04,331.0
2026-04-27 08:01:00+00:00,4711.25,4712.27,4709.91,4712.13,291.0
2026-04-27 08:02:00+00:00,4712.37,4713.08,4710.8,4711.22,326.0
2026-04-27 08:03:00+00:00,4711.44,4711.95,4709.87,4711.63,303.0
2026-04-27 08:04:00+00:00,4711.83,4711.58,4709.05,4710.8,356.0
2026-04-27 08:05:00+00:00,4711.03,4712.6,4709.13,4712.42,370.0
2026-04-27 08:06:00+00:00,4712.69,4712.44,4710.18,4710.18,339.0
2026-04-27 08:07:00+00:00,4710.44,4711.36,4709.19,4710.44,333.0
2026-04-27 08:08:00+00:00,4710.68,4712.59,4710.1,4712.2,314.0
2026-04-27 08:09:00+00:00,4712.48,4713.21,4711.71,4713.08,259.0
2026-04-27 08:10:00+00:00,4713.35,4714.84,4712.93,4714.57,244.0
2026-04-27 08:11:00+00:00,4714.76,4714.78,4714.0,4714.17,239.0
2026-04-27 08:12:00+00:00,4714.41,4714.38,4713.67,4713.77,238.0
2026-04-27 08:13:00+00:00,4714.05,4714.76,4713.31,4713.58,259.0
2026-04-27 08:14:00+00:00,4713.79,4715.45,4713.54,4714.31,214.0
2026-04-27 08:15:00+00:00,4714.55,4714.31,4712.16,4713.25,247.0
2026-04-27 08:16:00+00:00,4713.51,4713.73,4712.24,4712.91,224.0
2026-04-27 08:17:00+00:00,4713.12,4712.87,4711.36,4711.71,235.0
2026-04-27 08:18:00+00:00,4712.05,4713.8,4711.78,4712.41,269.0
2026-04-27 08:19:00+00:00,4712.64,4712.55,4711.42,4712.08,211.0
2026-04-27 08:20:00+00:00,4712.29,4713.44,4711.22,4713.41,271.0
2026-04-27 08:21:00+00:00,4713.73,4714.46,4713.48,4714.39,239.0
2026-04-27 08:22:00+00:00,4714.58,4714.96,4713.98,4714.41,205.0
2026-04-27 08:23:00+00:00,4714.57,4714.82,4713.98,4713.98,208.0
2026-04-27 08:24:00+00:00,4714.2,4715.11,4713.77,4714.52,232.0
2026-04-27 08:25:00+00:00,4714.85,4715.26,4713.55,4713.96,253.0
2026-04-27 08:26:00+00:00,4714.2,4714.03,4713.03,4713.61,203.0
2026-04-27 08:27:00+00:00,4713.81,4714.44,4712.33,4714.0,251.0
2026-04-27 08:28:00+00:00,4714.28,4714.03,4712.25,4712.6,234.0
2026-04-27 08:29:00+00:00,4712.835,4714.28,4712.37,4714.24,265.0
2026-04-27 08:30:00+00:00,4714.46,4714.34,4709.14,4710.09,404.0
2026-04-27 08:31:00+00:00,4710.32,4712.07,4709.98,4711.5,317.0
2026-04-27 08:32:00+00:00,4711.835,4712.65,4710.94,4712.46,278.0
2026-04-27 08:33:00+00:00,4712.81,4713.11,4711.38,4711.38,220.0
2026-04-27 08:34:00+00:00,4711.61,4711.44,4709.62,4710.18,239.0
2026-04-27 08:35:00+00:00,4710.37,4711.12,4709.46,4711.0,283.0
2026-04-27 08:36:00+00:00,4711.24,4712.1,4710.53,4711.72,240.0
2026-04-27 08:37:00+00:00,4711.95,4712.09,4710.3,4710.36,236.0
2026-04-27 08:38:00+00:00,4710.54,4713.3,4710.24,4713.2,251.0
2026-04-27 08:39:00+00:00,4713.37,4713.75,4711.65,4711.74,230.0
2026-04-27 08:40:00+00:00,4712.03,4712.14,4710.59,4710.84,249.0
2026-04-27 08:41:00+00:00,4711.08,4711.05,4710.14,4710.95,217.0
2026-04-27 08:42:00+00:00,4711.19,4712.09,4710.29,4711.38,279.0
2026-04-27 08:43:00+00:00,4711.6,4712.73,4711.35,4711.91,200.0
2026-04-27 08:44:00+00:00,4712.14,4712.2,4710.45,4710.54,206.0
2026-04-27 08:45:00+00:00,4710.77,4711.19,4709.82,4711.12,246.0
2026-04-27 08:46:00+00:00,4711.44,4712.73,4711.1,4711.98,249.0
2026-04-27 08:47:00+00:00,4712.17,4712.49,4711.43,4711.81,182.0
2026-04-27 08:48:00+00:00,4712.07,4712.59,4711.51,4711.72,184.0
2026-04-27 08:49:00+00:00,4711.98,4714.3,4711.73,4714.03,248.0
2026-04-27 08:50:00+00:00,4714.2,4715.43,4713.43,4715.04,216.0
2026-04-27 08:51:00+00:00,4715.31,4715.1,4713.6,4714.87,196.0
2026-04-27 08:52:00+00:00,4715.11,4715.08,4713.6,4713.99,234.0
2026-04-27 08:53:00+00:00,4714.2,4713.96,4713.16,4713.26,217.0
2026-04-27 08:54:00+00:00,4713.53,4713.82,4713.1,4713.29,187.0
2026-04-27 08:55:00+00:00,4713.5,4714.04,4713.07,4713.59,194.0
2026-04-27 08:56:00+00:00,4713.91,4714.4,4713.6,4713.81,166.0
2026-04-27 08:57:00+00:00,4713.99,4714.13,4712.96,4713.18,212.0
2026-04-27 08:58:00+00:00,4713.46,4714.4,4712.44,4714.26,236.0
2026-04-27 08:59:00+00:00,4714.44,4714.19,4711.8,4712.67,284.0
2026-04-27 09:00:00+00:00,4712.89,4712.91,4710.75,4712.1,351.0
2026-04-27 09:01:00+00:00,4712.36,4713.95,4712.11,4712.97,289.0
2026-04-27 09:02:00+00:00,4713.2,4714.29,4712.25,4714.29,258.0
2026-04-27 09:03:00+00:00,4714.57,4715.99,4713.54,4715.24,298.0
2026-04-27 09:04:00+00:00,4715.47,4717.47,4715.0,4717.2,275.0
2026-04-27 09:05:00+00:00,4717.34,4717.09,4714.63,4714.79,298.0
2026-04-27 09:06:00+00:00,4715.07,4717.42,4714.82,4717.42,255.0
2026-04-27 09:07:00+00:00,4717.65,4718.05,4716.26,4717.82,326.0
2026-04-27 09:08:00+00:00,4717.97,4717.72,4714.64,4715.63,352.0
2026-04-27 09:09:00+00:00,4715.95,4716.95,4715.34,4716.94,259.0
2026-04-27 09:10:00+00:00,4717.13,4717.46,4715.45,4715.45,269.0
2026-04-27 09:11:00+00:00,4715.69,4716.54,4714.0,4714.99,270.0
2026-04-27 09:12:00+00:00,4715.28,4716.41,4714.48,4716.3,270.0
2026-04-27 09:13:00+00:00,4716.57,4716.66,4715.35,4716.51,267.0
2026-04-27 09:14:00+00:00,4716.75,4717.34,4716.43,4716.98,192.0
2026-04-27 09:15:00+00:00,4717.18,4717.14,4715.4,4715.42,255.0
2026-04-27 09:16:00+00:00,4715.76,4715.72,4712.09,4713.68,302.0
2026-04-27 09:17:00+00:00,4713.99,4715.12,4713.15,4713.28,213.0
2026-04-27 09:18:00+00:00,4713.51,4714.12,4712.49,4712.69,228.0
2026-04-27 09:19:00+00:00,4712.95,4715.44,4712.7,4715.06,259.0
2026-04-27 09:20:00+00:00,4715.3,4716.55,4714.42,4715.2,294.0
2026-04-27 09:21:00+00:00,4715.43,4715.34,4713.51,4715.03,300.0
2026-04-27 09:22:00+00:00,4715.25,4715.73,4714.71,4715.41,249.0
2026-04-27 09:23:00+00:00,4715.65,4717.56,4715.4,4716.95,269.0
2026-04-27 09:24:00+00:00,4717.19,4718.23,4716.78,4717.61,227.0
2026-04-27 09:25:00+00:00,4717.88,4717.98,4717.07,4717.65,247.0
2026-04-27 09:26:00+00:00,4717.88,4718.13,4716.82,4717.1,230.0
2026-04-27 09:27:00+00:00,4717.34,4717.18,4714.18,4714.48,253.0
2026-04-27 09:28:00+00:00,4714.66,4715.03,4714.1,4714.92,223.0
2026-04-27 09:29:00+00:00,4715.07,4715.9,4714.65,4715.87,182.0
2026-04-27 09:30:00+00:00,4716.13,4716.58,4713.52,4714.22,297.0
2026-04-27 09:31:00+00:00,4714.46,4716.54,4714.13,4716.04,232.0
2026-04-27 09:32:00+00:00,4716.31,4716.74,4715.69,4715.82,220.0
2026-04-27 09:33:00+00:00,4716.1,4717.25,4715.85,4716.76,253.0
2026-04-27 09:34:00+00:00,4716.97,4716.82,4716.15,4716.42,217.0
2026-04-27 09:35:00+00:00,4716.69,4716.5,4714.45,4714.51,241.0
2026-04-27 09:36:00+00:00,4714.77,4715.22,4713.74,4713.76,231.0
2026-04-27 09:37:00+00:00,4714.005,4714.55,4713.46,4713.61,218.0
2026-04-27 09:38:00+00:00,4713.84,4714.93,4713.34,4714.11,201.0
2026-04-27 09:39:00+00:00,4714.39,4716.43,4714.14,4715.78,287.0
2026-04-27 09:40:00+00:00,4715.95,4716.09,4714.49,4714.87,222.0
2026-04-27 09:41:00+00:00,4715.16,4716.16,4714.42,4715.27,282.0
2026-04-27 09:42:00+00:00,4715.54,4716.7,4714.43,4715.94,281.0
2026-04-27 09:43:00+00:00,4716.11,4716.22,4715.05,4715.17,250.0
2026-04-27 09:44:00+00:00,4715.41,4716.43,4714.61,4714.78,228.0
2026-04-27 09:45:00+00:00,4715.01,4715.45,4714.43,4715.02,179.0
2026-04-27 09:46:00+00:00,4715.26,4716.77,4714.96,4716.43,233.0
2026-04-27 09:47:00+00:00,4716.61,4716.44,4715.16,4715.26,255.0
2026-04-27 09:48:00+00:00,4715.54,4715.42,4714.43,4714.54,219.0
2026-04-27 09:49:00+00:00,4714.81,4714.82,4712.98,4714.19,246.0
2026-04-27 09:50:00+00:00,4714.43,4714.51,4712.59,4713.62,236.0
2026-04-27 09:51:00+00:00,4713.79,4714.61,4712.14,4713.48,325.0
2026-04-27 09:52:00+00:00,4713.8,4713.63,4712.62,4712.94,277.0
2026-04-27 09:53:00+00:00,4713.22,4713.09,4710.19,4710.82,296.0
2026-04-27 09:54:00+00:00,4711.125,4712.04,4709.77,4711.95,246.0
2026-04-27 09:55:00+00:00,4712.19,4712.65,4711.94,4711.98,205.0
2026-04-27 09:56:00+00:00,4712.24,4713.43,4711.62,4713.06,279.0
2026-04-27 09:57:00+00:00,4713.24,4713.58,4712.58,4713.33,209.0
2026-04-27 09:58:00+00:00,4713.52,4714.26,4713.07,4714.16,224.0
2026-04-27 09:59:00+00:00,4714.42,4714.27,4712.91,4713.21,235.0
2026-04-27 10:00:00+00:00,4713.4,4713.15,4710.2,4711.89,401.0
2026-04-27 10:01:00+00:00,4712.275,4714.23,4710.46,4711.23,377.0
2026-04-27 10:02:00+00:00,4711.61,4711.78,4710.42,4711.48,304.0
2026-04-27 10:03:00+00:00,4711.78,4711.64,4710.68,4711.37,271.0
2026-04-27 10:04:00+00:00,4711.58,4712.41,4710.73,4712.07,287.0
2026-04-27 10:05:00+00:00,4712.36,4713.1,4712.01,4712.29,228.0
2026-04-27 10:06:00+00:00,4712.58,4712.35,4710.17,4710.63,291.0
2026-04-27 10:07:00+00:00,4710.84,4712.58,4710.21,4712.3,284.0
2026-04-27 10:08:00+00:00,4712.54,4713.01,4711.96,4712.56,308.0
2026-04-27 10:09:00+00:00,4712.83,4713.35,4711.22,4711.52,357.0
2026-04-27 10:10:00+00:00,4711.915,4712.49,4710.64,4710.96,334.0
2026-04-27 10:11:00+00:00,4711.15,4712.74,4709.96,4712.74,323.0
2026-04-27 10:12:00+00:00,4712.93,4713.69,4711.32,4712.14,272.0
2026-04-27 10:13:00+00:00,4712.44,4713.15,4710.98,4711.81,307.0
2026-04-27 10:14:00+00:00,4712.07,4711.82,4710.69,4710.82,230.0
2026-04-27 10:15:00+00:00,4711.09,4712.88,4710.59,4712.62,267.0
2026-04-27 10:16:00+00:00,4712.86,4713.94,4712.59,4713.19,258.0
2026-04-27 10:17:00+00:00,4713.53,4713.87,4712.6,4713.87,240.0
2026-04-27 10:18:00+00:00,4714.1,4713.88,4712.22,4712.71,229.0
2026-04-27 10:19:00+00:00,4712.97,4712.74,4710.27,4710.37,234.0
2026-04-27 10:20:00+00:00,4710.64,4711.47,4709.71,4711.16,233.0
2026-04-27 10:21:00+00:00,4711.39,4711.54,4710.44,4711.32,211.0
2026-04-27 10:22:00+00:00,4711.56,4712.27,4710.78,4711.07,222.0
2026-04-27 10:23:00+00:00,4711.29,4711.22,4709.29,4709.48,279.0
2026-04-27 10:24:00+00:00,4709.74,4711.17,4709.49,4711.0,222.0
2026-04-27 10:25:00+00:00,4711.28,4711.69,4710.39,4710.39,279.0
2026-04-27 10:26:00+00:00,4710.58,4710.57,4709.32,4709.5,243.0
2026-04-27 10:27:00+00:00,4709.74,4711.02,4709.49,4710.5,251.0
2026-04-27 10:28:00+00:00,4710.73,4711.01,4710.17,4710.32,239.0
2026-04-27 10:29:00+00:00,4710.66,4711.7,4709.68,4710.58,244.0
2026-04-27 10:30:00+00:00,4710.85,4710.6,4706.77,4707.87,389.0
2026-04-27 10:31:00+00:00,4708.17,4709.59,4707.75,4708.83,247.0
2026-04-27 10:32:00+00:00,4709.09,4710.17,4708.38,4708.97,264.0
2026-04-27 10:33:00+00:00,4709.2,4709.12,4707.69,4708.68,252.0
2026-04-27 10:34:00+00:00,4708.94,4709.58,4708.17,4709.44,205.0
2026-04-27 10:35:00+00:00,4709.71,4709.74,4708.4,4709.0,202.0
2026-04-27 10:36:00+00:00,4709.415,4709.28,4708.36,4708.67,212.0
2026-04-27 10:37:00+00:00,4708.9,4708.77,4706.9,4707.3,188.0
2026-04-27 10:38:00+00:00,4707.63,4708.57,4707.11,4708.32,200.0
2026-04-27 10:39:00+00:00,4708.56,4708.31,4707.1,4707.37,195.0
2026-04-27 10:40:00+00:00,4707.56,4707.31,4705.1,4706.18,237.0
2026-04-27 10:41:00+00:00,4706.45,4707.52,4705.81,4707.1,223.0
2026-04-27 10:42:00+00:00,4707.36,4708.06,4706.63,4707.68,249.0
2026-04-27 10:43:00+00:00,4707.94,4710.42,4707.69,4710.41,251.0
2026-04-27 10:44:00+00:00,4710.69,4711.73,4710.15,4711.7,270.0
2026-04-27 10:45:00+00:00,4711.94,4713.27,4711.67,4712.75,250.0
2026-04-27 10:46:00+00:00,4713.05,4714.17,4712.02,4713.32,272.0
2026-04-27 10:47:00+00:00,4713.585,4714.56,4713.05,4713.81,237.0
2026-04-27 10:48:00+00:00,4714.08,4714.1,4712.97,4713.18,207.0
2026-04-27 10:49:00+00:00,4713.39,4713.19,4711.28,4712.1,207.0
2026-04-27 10:50:00+00:00,4712.39,4712.3,4710.64,4711.29,239.0
2026-04-27 10:51:00+00:00,4711.44,4711.33,4709.92,4710.6,202.0
2026-04-27 10:52:00+00:00,4710.87,4710.67,4708.77,4708.82,256.0
2026-04-27 10:53:00+00:00,4709.11,4708.86,4706.95,4707.54,257.0
2026-04-27 10:54:00+00:00,4707.81,4707.68,4706.59,4706.83,187.0
2026-04-27 10:55:00+00:00,4707.06,4707.09,4706.19,4706.36,212.0
2026-04-27 10:56:00+00:00,4706.775,4708.43,4706.4,4708.31,230.0
2026-04-27 10:57:00+00:00,4708.51,4708.26,4707.0,4707.62,175.0
2026-04-27 10:58:00+00:00,4707.95,4707.79,4706.59,4706.98,206.0
2026-04-27 10:59:00+00:00,4707.24,4707.01,4705.27,4706.65,220.0
2026-04-27 11:00:00+00:00,4706.95,4707.98,4706.12,4707.13,325.0
2026-04-27 11:01:00+00:00,4707.35,4707.2,4706.24,4706.27,190.0
2026-04-27 11:02:00+00:00,4706.45,4707.04,4705.45,4706.59,258.0
2026-04-27 11:03:00+00:00,4706.86,4707.16,4705.68,4705.69,236.0
2026-04-27 11:04:00+00:00,4705.96,4706.38,4705.66,4706.25,190.0
2026-04-27 11:05:00+00:00,4706.55,4706.61,4705.47,4706.12,217.0
2026-04-27 11:06:00+00:00,4706.39,4707.1,4705.76,4706.72,188.0
2026-04-27 11:07:00+00:00,4706.95,4708.08,4706.02,4707.8,238.0
2026-04-27 11:08:00+00:00,4708.12,4708.12,4706.35,4707.05,190.0
2026-04-27 11:09:00+00:00,4707.31,4707.17,4704.08,4704.3,195.0
2026-04-27 11:10:00+00:00,4704.665,4704.68,4703.29,4704.25,222.0
2026-04-27 11:11:00+00:00,4704.49,4704.25,4702.34,4703.15,260.0
2026-04-27 11:12:00+00:00,4703.45,4704.57,4702.96,4704.17,221.0
2026-04-27 11:13:00+00:00,4704.41,4705.53,4703.69,4705.39,191.0
2026-04-27 11:14:00+00:00,4705.59,4705.94,4704.59,4705.02,202.0
2026-04-27 11:15:00+00:00,4705.17,4705.1,4703.69,4703.93,251.0
2026-04-27 11:16:00+00:00,4704.285,4704.45,4703.29,4703.46,229.0
2026-04-27 11:17:00+00:00,4703.68,4705.17,4703.4,4704.91,193.0
2026-04-27 11:18:00+00:00,4705.15,4705.88,4704.54,4705.31,276.0
2026-04-27 11:19:00+00:00,4705.64,4705.65,4704.26,4705.35,183.0
2026-04-27 11:20:00+00:00,4705.58,4705.49,4704.68,4704.93,223.0
2026-04-27 11:21:00+00:00,4705.19,4705.55,4704.7,4705.02,154.0
2026-04-27 11:22:00+00:00,4705.25,4705.79,4704.92,4705.52,204.0
2026-04-27 11:23:00+00:00,4705.76,4705.68,4705.21,4705.43,161.0
2026-04-27 11:24:00+00:00,4705.71,4705.98,4705.37,4705.66,155.0
2026-04-27 11:25:00+00:00,4705.9,4706.53,4705.18,4705.18,206.0
2026-04-27 11:26:00+00:00,4705.44,4705.3,4704.51,4704.94,191.0
2026-04-27 11:27:00+00:00,4705.21,4705.19,4703.45,4703.45,161.0
2026-04-27 11:28:00+00:00,4703.69,4704.5,4702.47,4702.71,218.0
2026-04-27 11:29:00+00:00,4702.94,4702.72,4701.4,4702.19,209.0
2026-04-27 11:30:00+00:00,4702.37,4702.89,4699.34,4700.55,285.0
2026-04-27 11:31:00+00:00,4700.89,4702.55,4700.26,4701.59,279.0
2026-04-27 11:32:00+00:00,4702.015,4703.55,4701.64,4703.54,240.0
2026-04-27 11:33:00+00:00,4703.925,4703.63,4702.02,4702.68,263.0
2026-04-27 11:34:00+00:00,4702.98,4703.53,4702.52,4702.84,200.0
2026-04-27 11:35:00+00:00,4703.08,4703.18,4701.53,4701.62,196.0
2026-04-27 11:36:00+00:00,4701.86,4702.4,4700.59,4701.29,249.0
2026-04-27 11:37:00+00:00,4701.56,4702.65,4701.14,4701.9,250.0
2026-04-27 11:38:00+00:00,4702.24,4703.22,4701.65,4702.72,180.0
2026-04-27 11:39:00+00:00,4702.975,4704.22,4702.6,4704.22,249.0
2026-04-27 11:40:00+00:00,4704.45,4705.29,4703.6,4704.14,184.0
2026-04-27 11:41:00+00:00,4704.395,4705.26,4703.71,4705.14,179.0
2026-04-27 11:42:00+00:00,4705.37,4705.15,4703.62,4703.97,181.0
2026-04-27 11:43:00+00:00,4704.23,4703.99,4703.18,4703.4,155.0
2026-04-27 11:44:00+00:00,4703.64,4704.51,4703.31,4704.39,188.0
2026-04-27 11:45:00+00:00,4704.755,4704.38,4702.08,4702.16,199.0
2026-04-27 11:46:00+00:00,4702.45,4702.68,4701.79,4702.44,173.0
2026-04-27 11:47:00+00:00,4702.7,4702.7,4700.98,4701.29,183.0
2026-04-27 11:48:00+00:00,4701.52,4701.27,4700.16,4700.67,198.0
2026-04-27 11:49:00+00:00,4700.91,4700.71,4699.99,4700.25,158.0
2026-04-27 11:50:00+00:00,4700.47,4700.34,4699.43,4699.43,184.0
2026-04-27 11:51:00+00:00,4699.7,4700.78,4699.43,4700.11,226.0
2026-04-27 11:52:00+00:00,4700.355,4701.62,4699.83,4701.19,214.0
2026-04-27 11:53:00+00:00,4701.47,4702.47,4701.21,4702.13,168.0
2026-04-27 11:54:00+00:00,4702.39,4702.14,4700.0,4700.21,169.0
2026-04-27 11:55:00+00:00,4700.555,4702.28,4700.18,4702.09,202.0
2026-04-27 11:56:00+00:00,4702.33,4702.21,4701.41,4701.84,219.0
2026-04-27 11:57:00+00:00,4702.13,4702.44,4701.88,4702.03,146.0
2026-04-27 11:58:00+00:00,4702.25,4703.24,4701.88,4702.75,224.0
2026-04-27 11:59:00+00:00,4703.08,4704.14,4702.79,4703.43,218.0
2026-04-27 12:00:00+00:00,4703.71,4703.8,4702.8,4702.8,144.0
2026-04-27 12:01:00+00:00,4703.07,4703.51,4702.54,4703.45,191.0
2026-04-27 12:02:00+00:00,4703.73,4704.63,4703.04,4703.71,187.0
2026-04-27 12:03:00+00:00,4703.95,4704.7,4703.67,4704.59,163.0
2026-04-27 12:04:00+00:00,4704.75,4705.92,4704.47,4705.11,218.0
2026-04-27 12:05:00+00:00,4705.43,4706.17,4705.17,4705.91,181.0
2026-04-27 12:06:00+00:00,4706.15,4706.7,4705.9,4706.26,162.0
2026-04-27 12:07:00+00:00,4706.43,4706.18,4704.63,4704.99,228.0
2026-04-27 12:08:00+00:00,4705.25,4705.35,4704.4,4704.67,176.0
2026-04-27 12:09:00+00:00,4704.91,4704.66,4703.25,4703.64,183.0
2026-04-27 12:10:00+00:00,4703.88,4703.95,4703.09,4703.92,165.0
2026-04-27 12:11:00+00:00,4704.15,4704.11,4703.27,4703.71,169.0
2026-04-27 12:12:00+00:00,4703.97,4703.81,4703.02,4703.07,138.0
2026-04-27 12:13:00+00:00,4703.3,4703.38,4702.36,4702.61,153.0
2026-04-27 12:14:00+00:00,4702.82,4702.63,4701.38,4701.8,145.0
2026-04-27 12:15:00+00:00,4702.06,4701.82,4699.43,4700.57,231.0
2026-04-27 12:16:00+00:00,4700.84,4700.8,4699.85,4700.42,196.0
2026-04-27 12:17:00+00:00,4700.68,4702.9,4700.3,4702.42,200.0
2026-04-27 12:18:00+00:00,4702.68,4702.87,4701.9,4702.53,141.0
2026-04-27 12:19:00+00:00,4702.82,4702.61,4702.02,4702.02,97.0
2026-04-27 12:20:00+00:00,4702.28,4703.52,4702.03,4703.42,134.0
2026-04-27 12:21:00+00:00,4703.61,4704.43,4703.35,4703.65,171.0
2026-04-27 12:22:00+00:00,4703.92,4704.0,4703.53,4703.73,114.0
2026-04-27 12:23:00+00:00,4704.06,4705.64,4703.81,4705.64,199.0
2026-04-27 12:24:00+00:00,4705.91,4705.67,4704.21,4704.22,183.0
2026-04-27 12:25:00+00:00,4704.52,4704.32,4703.31,4703.77,126.0
2026-04-27 12:26:00+00:00,4704.04,4704.25,4703.75,4703.79,161.0
2026-04-27 12:27:00+00:00,4703.91,4704.4,4703.46,4704.34,139.0
2026-04-27 12:28:00+00:00,4704.55,4705.37,4704.04,4704.15,173.0
2026-04-27 12:29:00+00:00,4704.3,4705.2,4703.38,4704.95,180.0
2026-04-27 12:30:00+00:00,4705.22,4705.17,4704.58,4705.01,149.0
2026-04-27 12:31:00+00:00,4705.22,4705.37,4704.49,4705.37,118.0
2026-04-27 12:32:00+00:00,4705.58,4707.15,4705.33,4706.56,217.0
2026-04-27 12:33:00+00:00,4706.945,4707.86,4706.21,4707.6,232.0
2026-04-27 12:34:00+00:00,4707.77,4707.99,4707.13,4707.25,194.0
2026-04-27 12:35:00+00:00,4707.51,4707.26,4705.21,4705.21,157.0
2026-04-27 12:36:00+00:00,4705.58,4707.91,4705.19,4707.77,193.0
2026-04-27 12:37:00+00:00,4708.18,4709.48,4707.73,4708.87,204.0
2026-04-27 12:38:00+00:00,4709.16,4709.01,4707.71,4708.17,204.0
2026-04-27 12:39:00+00:00,4708.43,4708.2,4707.36,4708.04,191.0
2026-04-27 12:40:00+00:00,4708.395,4708.84,4708.02,4708.64,148.0
2026-04-27 12:41:00+00:00,4708.9,4710.31,4708.64,4709.39,231.0
2026-04-27 12:42:00+00:00,4709.62,4710.05,4709.29,4709.78,213.0
2026-04-27 12:43:00+00:00,4710.06,4710.0,4708.61,4708.97,202.0
2026-04-27 12:44:00+00:00,4709.21,4709.53,4708.32,4708.87,195.0
2026-04-27 12:45:00+00:00,4709.23,4710.53,4708.38,4710.3,261.0
2026-04-27 12:46:00+00:00,4710.54,4710.44,4708.72,4708.74,195.0
2026-04-27 12:47:00+00:00,4708.98,4709.13,4708.0,4708.3,207.0
2026-04-27 12:48:00+00:00,4708.57,4709.07,4707.66,4709.01,192.0
2026-04-27 12:49:00+00:00,4709.27,4709.02,4708.14,4708.22,186.0
2026-04-27 12:50:00+00:00,4708.51,4708.75,4707.09,4707.11,203.0
2026-04-27 12:51:00+00:00,4707.465,4708.83,4706.84,4708.54,191.0
2026-04-27 12:52:00+00:00,4708.8,4709.19,4708.29,4709.14,148.0
2026-04-27 12:53:00+00:00,4709.38,4710.11,4708.97,4709.53,198.0
2026-04-27 12:54:00+00:00,4709.8,4709.73,4708.79,4709.1,232.0
2026-04-27 12:55:00+00:00,4709.39,4710.5,4709.14,4710.23,199.0
2026-04-27 12:56:00+00:00,4710.5,4710.69,4709.32,4709.34,184.0
2026-04-27 12:57:00+00:00,4709.61,4710.2,4709.36,4709.93,182.0
2026-04-27 12:58:00+00:00,4710.16,4709.94,4708.26,4708.45,162.0
2026-04-27 12:59:00+00:00,4708.74,4708.75,4708.09,4708.66,197.0
2026-04-27 13:00:00+00:00,4708.93,4708.93,4707.12,4707.94,247.0
2026-04-27 13:01:00+00:00,4708.18,4707.99,4705.83,4707.12,308.0
2026-04-27 13:02:00+00:00,4707.35,4707.3,4705.19,4706.2,258.0
2026-04-27 13:03:00+00:00,4706.36,4706.65,4705.55,4705.96,200.0
2026-04-27 13:04:00+00:00,4706.22,4706.14,4705.45,4705.66,219.0
2026-04-27 13:05:00+00:00,4705.92,4706.49,4705.17,4706.12,220.0
2026-04-27 13:06:00+00:00,4706.4,4707.65,4706.15,4706.49,228.0
2026-04-27 13:07:00+00:00,4706.73,4707.1,4706.48,4706.91,142.0
2026-04-27 13:08:00+00:00,4707.22,4707.04,4706.28,4706.7,171.0
2026-04-27 13:09:00+00:00,4706.93,4707.0,4706.29,4706.79,163.0
2026-04-27 13:10:00+00:00,4707.05,4706.83,4705.75,4705.8,202.0
2026-04-27 13:11:00+00:00,4706.07,4705.98,4704.7,4705.39,267.0
2026-04-27 13:12:00+00:00,4705.66,4705.69,4704.62,4704.96,229.0
2026-04-27 13:13:00+00:00,4705.19,4705.3,4704.29,4704.47,209.0
2026-04-27 13:14:00+00:00,4704.73,4704.87,4703.7,4703.93,200.0
2026-04-27 13:15:00+00:00,4704.19,4704.11,4702.9,4702.9,199.0
2026-04-27 13:16:00+00:00,4703.16,4702.91,4700.85,4701.51,250.0
2026-04-27 13:17:00+00:00,4701.8,4702.45,4700.3,4702.36,247.0
2026-04-27 13:18:00+00:00,4702.52,4702.86,4701.91,4702.76,187.0
2026-04-27 13:19:00+00:00,4702.95,4704.67,4702.7,4703.82,293.0
2026-04-27 13:20:00+00:00,4704.03,4704.6,4702.82,4702.82,203.0
2026-04-27 13:21:00+00:00,4703.08,4703.02,4701.44,4701.8,236.0
2026-04-27 13:22:00+00:00,4701.99,4702.03,4700.11,4701.77,261.0
2026-04-27 13:23:00+00:00,4702.185,4704.32,4701.47,4703.89,382.0
2026-04-27 13:24:00+00:00,4704.13,4704.26,4703.14,4703.91,272.0
2026-04-27 13:25:00+00:00,4704.15,4704.09,4703.0,4704.07,231.0
2026-04-27 13:26:00+00:00,4704.26,4706.09,4703.89,4705.73,242.0
2026-04-27 13:27:00+00:00,4706.01,4706.25,4704.72,4705.79,225.0
2026-04-27 13:28:00+00:00,4706.05,4706.53,4705.0,4706.44,197.0
2026-04-27 13:29:00+00:00,4706.79,4706.81,4705.01,4705.07,254.0
2026-04-27 13:30:00+00:00,4705.33,4705.89,4704.78,4705.04,259.0
2026-04-27 13:31:00+00:00,4705.31,4705.83,4704.17,4705.62,232.0
2026-04-27 13:32:00+00:00,4705.86,4708.0,4704.97,4707.92,245.0
2026-04-27 13:33:00+00:00,4708.2,4708.22,4705.86,4706.48,250.0
2026-04-27 13:34:00+00:00,4706.71,4706.76,4705.25,4705.39,209.0
2026-04-27 13:35:00+00:00,4705.65,4705.65,4704.58,4704.74,189.0
2026-04-27 13:36:00+00:00,4705.0,4705.27,4702.67,4703.7,254.0
2026-04-27 13:37:00+00:00,4704.04,4704.35,4699.87,4701.07,284.0
2026-04-27 13:38:00+00:00,4701.3,4702.64,4700.9,4702.53,235.0
2026-04-27 13:39:00+00:00,4702.77,4703.54,4701.81,4701.82,248.0
2026-04-27 13:40:00+00:00,4702.0,4702.02,4699.88,4700.21,194.0
2026-04-27 13:41:00+00:00,4700.48,4702.71,4700.22,4702.37,206.0
2026-04-27 13:42:00+00:00,4702.59,4703.51,4702.11,4703.47,186.0
2026-04-27 13:43:00+00:00,4703.73,4704.03,4703.39,4703.96,194.0
2026-04-27 13:44:00+00:00,4704.2,4704.06,4701.71,4702.48,246.0
2026-04-27 13:45:00+00:00,4702.72,4704.99,4702.46,4704.89,202.0
2026-04-27 13:46:00+00:00,4705.1,4705.1,4703.57,4703.76,174.0
2026-04-27 13:47:00+00:00,4704.02,4703.77,4702.99,4703.45,116.0
2026-04-27 13:48:00+00:00,4703.68,4703.69,4702.68,4703.5,179.0
2026-04-27 13:49:00+00:00,4703.895,4703.77,4702.69,4702.69,142.0
2026-04-27 13:50:00+00:00,4702.92,4702.96,4702.37,4702.55,143.0
2026-04-27 13:51:00+00:00,4702.82,4702.57,4700.96,4701.09,172.0
2026-04-27 13:52:00+00:00,4701.35,4702.28,4700.83,4701.76,237.0
2026-04-27 13:53:00+00:00,4702.03,4702.66,4701.32,4702.5,191.0
2026-04-27 13:54:00+00:00,4702.82,4703.24,4702.57,4703.16,156.0
2026-04-27 13:55:00+00:00,4703.46,4703.45,4702.21,4702.21,177.0
2026-04-27 13:56:00+00:00,4702.475,4703.06,4701.51,4702.49,183.0
2026-04-27 13:57:00+00:00,4702.73,4703.07,4700.75,4702.84,266.0
2026-04-27 13:58:00+00:00,4703.13,4704.57,4702.88,4704.22,225.0
2026-04-27 13:59:00+00:00,4704.45,4704.95,4703.95,4704.65,165.0
2026-04-27 14:00:00+00:00,4704.91,4706.15,4703.78,4704.03,292.0
2026-04-27 14:01:00+00:00,4704.29,4704.28,4702.56,4703.17,284.0
2026-04-27 14:02:00+00:00,4703.4,4703.8,4702.55,4702.82,216.0
2026-04-27 14:03:00+00:00,4703.18,4703.24,4702.44,4702.61,260.0
2026-04-27 14:04:00+00:00,4702.89,4705.1,4702.61,4704.95,229.0
2026-04-27 14:05:00+00:00,4705.25,4705.51,4704.22,4704.57,234.0
2026-04-27 14:06:00+00:00,4704.86,4704.61,4702.36,4703.04,288.0
2026-04-27 14:07:00+00:00,4703.3,4705.12,4703.04,4704.03,273.0
2026-04-27 14:08:00+00:00,4704.29,4705.26,4704.04,4705.03,210.0
2026-04-27 14:09:00+00:00,4705.24,4706.06,4704.94,4705.99,230.0
2026-04-27 14:10:00+00:00,4706.19,4708.1,4704.7,4705.19,431.0
2026-04-27 14:11:00+00:00,4705.53,4706.64,4703.99,4705.88,278.0
2026-04-27 14:12:00+00:00,4706.12,4707.21,4705.46,4707.16,248.0
2026-04-27 14:13:00+00:00,4707.625,4708.07,4707.02,4708.01,230.0
2026-04-27 14:14:00+00:00,4708.19,4709.03,4707.18,4708.74,266.0
2026-04-27 14:15:00+00:00,4709.01,4710.76,4708.52,4709.81,406.0
2026-04-27 14:16:00+00:00,4710.075,4710.97,4709.7,4710.22,245.0
2026-04-27 14:17:00+00:00,4710.51,4710.26,4707.17,4708.18,359.0
2026-04-27 14:18:00+00:00,4708.44,4710.74,4708.03,4710.56,319.0
2026-04-27 14:19:00+00:00,4710.83,4711.25,4709.98,4710.72,290.0
2026-04-27 14:20:00+00:00,4710.915,4712.46,4710.54,4711.86,294.0
2026-04-27 14:21:00+00:00,4711.97,4711.79,4709.3,4710.25,309.0
2026-04-27 14:22:00+00:00,4710.48,4710.62,4709.4,4710.21,267.0
2026-04-27 14:23:00+00:00,4710.59,4710.34,4707.95,4708.77,252.0
2026-04-27 14:24:00+00:00,4709.125,4710.84,4708.16,4709.07,360.0
2026-04-27 14:25:00+00:00,4709.31,4709.65,4707.64,4707.64,290.0
2026-04-27 14:26:00+00:00,4708.0,4708.3,4703.92,4706.99,444.0
2026-04-27 14:27:00+00:00,4707.2,4707.52,4705.12,4705.55,376.0
2026-04-27 14:28:00+00:00,4705.855,4705.68,4701.77,4703.82,422.0
2026-04-27 14:29:00+00:00,4704.02,4706.91,4703.71,4706.83,276.0
2026-04-27 14:30:00+00:00,4707.07,4706.89,4704.23,4705.43,316.0
2026-04-27 14:31:00+00:00,4705.675,4707.07,4705.02,4706.46,232.0
2026-04-27 14:32:00+00:00,4706.82,4707.59,4705.36,4705.38,253.0
2026-04-27 14:33:00+00:00,4705.64,4707.09,4705.39,4706.67,237.0
2026-04-27 14:34:00+00:00,4706.93,4707.19,4703.95,4704.29,292.0
2026-04-27 14:35:00+00:00,4704.63,4705.15,4704.13,4704.74,259.0
2026-04-27 14:36:00+00:00,4705.06,4705.13,4703.0,4703.66,266.0
2026-04-27 14:37:00+00:00,4703.915,4704.34,4703.08,4704.02,285.0
2026-04-27 14:38:00+00:00,4704.25,4704.01,4702.79,4703.21,231.0
2026-04-27 14:39:00+00:00,4703.38,4703.13,4700.91,4701.46,364.0
2026-04-27 14:40:00+00:00,4701.69,4702.3,4698.99,4699.53,345.0
2026-04-27 14:41:00+00:00,4699.74,4701.68,4697.25,4697.78,528.0
2026-04-27 14:42:00+00:00,4698.07,4699.51,4696.96,4698.49,371.0
2026-04-27 14:43:00+00:00,4698.7,4700.95,4698.25,4700.7,305.0
2026-04-27 14:44:00+00:00,4700.97,4701.2,4697.75,4698.7,333.0
2026-04-27 14:45:00+00:00,4698.87,4699.56,4697.29,4699.34,328.0
2026-04-27 14:46:00+00:00,4699.6,4700.53,4698.67,4700.14,294.0
2026-04-27 14:47:00+00:00,4700.395,4701.28,4698.71,4700.48,284.0
2026-04-27 14:48:00+00:00,4700.89,4702.87,4700.5,4702.57,334.0
2026-04-27 14:49:00+00:00,4702.855,4703.43,4702.48,4703.11,282.0
2026-04-27 14:50:00+00:00,4703.475,4704.27,4702.32,4704.18,250.0
2026-04-27 14:51:00+00:00,4704.49,4704.39,4702.46,4703.62,310.0
2026-04-27 14:52:00+00:00,4703.94,4703.77,4702.73,4703.01,228.0
2026-04-27 14:53:00+00:00,4703.29,4703.04,4701.59,4702.05,280.0
2026-04-27 14:54:00+00:00,4702.355,4702.78,4701.38,4702.67,296.0
2026-04-27 14:55:00+00:00,4703.02,4702.77,4699.33,4699.38,272.0
2026-04-27 14:56:00+00:00,4699.64,4700.03,4698.27,4698.6,341.0
2026-04-27 14:57:00+00:00,4698.91,4700.08,4698.46,4698.83,279.0
2026-04-27 14:58:00+00:00,4699.265,4699.16,4696.66,4697.49,405.0
2026-04-27 14:59:00+00:00,4697.72,4699.35,4696.96,4699.04,392.0
2026-04-27 15:00:00+00:00,4699.39,4700.43,4698.21,4699.3,672.0
2026-04-27 15:01:00+00:00,4699.53,4700.18,4692.96,4695.34,743.0
2026-04-27 15:02:00+00:00,4695.645,4695.72,4693.98,4695.06,441.0
2026-04-27 15:03:00+00:00,4695.32,4696.3,4694.11,4696.02,411.0
2026-04-27 15:04:00+00:00,4696.18,4697.15,4693.8,4696.14,410.0
2026-04-27 15:05:00+00:00,4696.38,4696.14,4693.0,4694.24,411.0
2026-04-27 15:06:00+00:00,4694.51,4696.17,4693.33,4696.13,473.0
2026-04-27 15:07:00+00:00,4696.3,4696.24,4693.85,4694.67,370.0
2026-04-27 15:08:00+00:00,4695.07,4696.13,4694.23,4695.37,343.0
2026-04-27 15:09:00+00:00,4695.63,4696.69,4695.19,4696.06,311.0
2026-04-27 15:10:00+00:00,4696.3,4698.53,4695.8,4698.02,355.0
2026-04-27 15:11:00+00:00,4698.39,4699.47,4696.46,4697.24,577.0
2026-04-27 15:12:00+00:00,4697.5,4697.89,4695.52,4696.74,353.0
2026-04-27 15:13:00+00:00,4697.0,4697.78,4694.81,4695.59,365.0
2026-04-27 15:14:00+00:00,4695.985,4696.0,4693.73,4695.84,339.0
2026-04-27 15:15:00+00:00,4696.03,4699.01,4695.43,4699.01,392.0
2026-04-27 15:16:00+00:00,4699.22,4700.6,4698.08,4700.43,309.0
2026-04-27 15:17:00+00:00,4700.74,4701.35,4700.1,4701.22,310.0
2026-04-27 15:18:00+00:00,4701.49,4703.52,4700.84,4701.3,331.0
2026-04-27 15:19:00+00:00,4701.54,4701.48,4699.86,4700.43,292.0
2026-04-27 15:20:00+00:00,4700.73,4702.39,4700.39,4702.32,268.0
2026-04-27 15:21:00+00:00,4702.5,4702.87,4700.91,4701.04,286.0
2026-04-27 15:22:00+00:00,4701.3,4701.13,4699.29,4699.33,266.0
2026-04-27 15:23:00+00:00,4699.61,4700.28,4698.94,4699.47,234.0
2026-04-27 15:24:00+00:00,4699.81,4700.16,4699.15,4699.34,244.0
2026-04-27 15:25:00+00:00,4699.57,4699.32,4697.87,4698.74,246.0
2026-04-27 15:26:00+00:00,4698.96,4699.88,4698.35,4698.49,266.0
2026-04-27 15:27:00+00:00,4698.75,4698.73,4697.42,4698.28,303.0
2026-04-27 15:28:00+00:00,4698.54,4699.15,4697.68,4699.1,284.0
2026-04-27 15:29:00+00:00,4699.28,4700.04,4698.99,4699.81,305.0
2026-04-27 15:30:00+00:00,4700.04,4700.39,4696.23,4697.54,564.0
2026-04-27 15:31:00+00:00,4697.895,4701.92,4696.99,4701.75,530.0
2026-04-27 15:32:00+00:00,4701.99,4702.42,4698.8,4699.09,525.0
2026-04-27 15:33:00+00:00,4699.38,4699.21,4693.97,4695.7,581.0
2026-04-27 15:34:00+00:00,4696.03,4695.97,4693.46,4694.45,435.0
2026-04-27 15:35:00+00:00,4694.585,4695.35,4691.82,4693.73,557.0
2026-04-27 15:36:00+00:00,4693.985,4693.98,4691.17,4692.52,549.0
2026-04-27 15:37:00+00:00,4692.985,4695.33,4692.61,4693.59,510.0
2026-04-27 15:38:00+00:00,4693.76,4694.26,4691.07,4692.97,454.0
2026-04-27 15:39:00+00:00,4693.24,4693.11,4689.07,4692.42,629.0
2026-04-27 15:40:00+00:00,4692.69,4693.95,4691.41,4693.23,515.0
2026-04-27 15:41:00+00:00,4693.565,4694.37,4692.52,4693.82,438.0
2026-04-27 15:42:00+00:00,4694.105,4694.09,4690.77,4693.7,490.0
2026-04-27 15:43:00+00:00,4693.99,4694.31,4692.0,4693.29,446.0
2026-04-27 15:44:00+00:00,4693.51,4694.21,4692.11,4693.22,419.0
2026-04-27 15:45:00+00:00,4693.49,4693.69,4690.49,4692.18,485.0
2026-04-27 15:46:00+00:00,4692.45,4694.54,4691.21,4693.73,457.0
2026-04-27 15:47:00+00:00,4694.075,4695.13,4692.71,4694.23,462.0
2026-04-27 15:48:00+00:00,4694.51,4695.51,4692.04,4693.21,478.0
2026-04-27 15:49:00+00:00,4693.625,4694.2,4689.29,4689.5,443.0
2026-04-27 15:50:00+00:00,4689.835,4692.21,4689.2,4691.48,466.0
2026-04-27 15:51:00+00:00,4691.76,4692.6,4689.45,4692.6,458.0
2026-04-27 15:52:00+00:00,4692.9,4695.34,4691.99,4695.0,1048.0
2026-04-27 15:53:00+00:00,4695.395,4695.72,4692.63,4692.63,844.0
2026-04-27 15:54:00+00:00,4692.89,4694.57,4691.77,4694.57,407.0
2026-04-27 15:55:00+00:00,4694.77,4695.46,4693.89,4694.0,381.0
2026-04-27 15:56:00+00:00,4694.32,4694.5,4692.6,4693.42,442.0
2026-04-27 15:57:00+00:00,4693.68,4695.64,4693.01,4695.07,351.0
2026-04-27 15:58:00+00:00,4695.28,4695.52,4693.92,4695.35,348.0
2026-04-27 15:59:00+00:00,4695.64,4697.25,4695.26,4695.83,407.0
2026-04-27 16:00:00+00:00,4696.255,4696.01,4692.09,4694.01,583.0
2026-04-27 16:01:00+00:00,4694.3,4694.78,4692.07,4693.88,472.0
2026-04-27 16:02:00+00:00,4694.06,4693.82,4691.75,4693.7,528.0
2026-04-27 16:03:00+00:00,4693.87,4694.9,4692.73,4694.61,462.0
2026-04-27 16:04:00+00:00,4694.84,4695.38,4693.78,4693.88,455.0
2026-04-27 16:05:00+00:00,4694.12,4694.02,4691.23,4693.75,552.0
2026-04-27 16:06:00+00:00,4693.99,4696.12,4692.63,4695.2,568.0
2026-04-27 16:07:00+00:00,4695.585,4695.3,4691.6,4692.49,465.0
2026-04-27 16:08:00+00:00,4692.76,4694.21,4690.05,4690.77,472.0
2026-04-27 16:09:00+00:00,4691.01,4690.86,4688.34,4688.69,496.0
2026-04-27 16:10:00+00:00,4688.98,4689.43,4687.56,4688.46,504.0
2026-04-27 16:11:00+00:00,4688.67,4691.87,4688.16,4691.77,431.0
2026-04-27 16:12:00+00:00,4692.01,4692.97,4691.22,4691.39,455.0
2026-04-27 16:13:00+00:00,4691.65,4691.4,4689.74,4690.91,381.0
2026-04-27 16:14:00+00:00,4691.225,4692.53,4690.5,4692.39,406.0
2026-04-27 16:15:00+00:00,4692.665,4693.45,4690.63,4691.96,474.0
2026-04-27 16:16:00+00:00,4692.225,4692.85,4691.2,4692.81,428.0
2026-04-27 16:17:00+00:00,4693.08,4693.29,4691.07,4692.06,423.0
2026-04-27 16:18:00+00:00,4692.13,4693.78,4690.57,4693.64,368.0
2026-04-27 16:19:00+00:00,4693.98,4696.47,4693.65,4695.19,413.0
2026-04-27 16:20:00+00:00,4695.4,4696.13,4693.34,4694.96,441.0
2026-04-27 16:21:00+00:00,4695.22,4696.11,4694.24,4694.44,381.0
2026-04-27 16:22:00+00:00,4694.77,4694.9,4692.96,4693.93,346.0
2026-04-27 16:23:00+00:00,4694.16,4694.35,4692.83,4693.42,327.0
2026-04-27 16:24:00+00:00,4693.69,4693.56,4691.71,4693.06,327.0
2026-04-27 16:25:00+00:00,4693.29,4694.06,4692.43,4692.8,372.0
2026-04-27 16:26:00+00:00,4693.02,4692.99,4689.11,4689.4,431.0
2026-04-27 16:27:00+00:00,4689.63,4689.76,4685.91,4688.28,586.0
2026-04-27 16:28:00+00:00,4688.47,4689.82,4687.36,4687.79,796.0
2026-04-27 16:29:00+00:00,4688.11,4690.37,4687.23,4689.01,942.0
2026-04-27 16:30:00+00:00,4689.22,4689.07,4685.95,4686.75,1096.0
2026-04-27 16:31:00+00:00,4687.16,4687.49,4684.86,4687.47,990.0
2026-04-27 16:32:00+00:00,4687.79,4688.09,4684.48,4685.59,1004.0
2026-04-27 16:33:00+00:00,4685.955,4686.75,4683.8,4684.77,936.0
2026-04-27 16:34:00+00:00,4685.01,4685.97,4683.46,4685.61,369.0
2026-04-27 16:35:00+00:00,4685.95,4690.67,4685.23,4690.67,397.0
2026-04-27 16:36:00+00:00,4691.15,4696.47,4690.31,4692.74,1066.0
2026-04-27 16:37:00+00:00,4693.02,4693.44,4691.1,4691.73,485.0
2026-04-27 16:38:00+00:00,4692.0,4693.04,4691.21,4691.75,375.0
2026-04-27 16:39:00+00:00,4692.03,4693.12,4690.62,4693.12,386.0
2026-04-27 16:40:00+00:00,4693.375,4694.57,4692.18,4692.55,440.0
2026-04-27 16:41:00+00:00,4692.83,4692.64,4690.09,4690.48,405.0
2026-04-27 16:42:00+00:00,4690.74,4691.47,4690.01,4690.01,351.0
2026-04-27 16:43:00+00:00,4690.25,4692.14,4689.82,4691.73,431.0
2026-04-27 16:44:00+00:00,4692.03,4695.09,4691.78,4693.26,509.0
2026-04-27 16:45:00+00:00,4693.59,4693.86,4690.7,4691.28,381.0
2026-04-27 16:46:00+00:00,4691.52,4691.81,4690.96,4691.15,297.0
2026-04-27 16:47:00+00:00,4691.39,4692.68,4690.98,4692.58,301.0
2026-04-27 16:48:00+00:00,4692.82,4693.14,4691.66,4691.78,358.0
2026-04-27 16:49:00+00:00,4692.02,4692.24,4690.3,4690.76,315.0
2026-04-27 16:50:00+00:00,4691.02,4691.73,4687.57,4688.03,406.0
2026-04-27 16:51:00+00:00,4688.3,4689.7,4687.71,4688.46,320.0
2026-04-27 16:52:00+00:00,4688.785,4688.41,4684.97,4685.12,410.0
2026-04-27 16:53:00+00:00,4685.38,4685.36,4680.14,4680.79,593.0
2026-04-27 16:54:00+00:00,4681.22,4681.43,4679.83,4680.47,493.0
2026-04-27 16:55:00+00:00,4680.66,4680.89,4676.73,4677.97,615.0
2026-04-27 16:56:00+00:00,4678.3,4678.3,4676.46,4677.56,447.0
2026-04-27 16:57:00+00:00,4677.79,4679.91,4677.16,4677.18,386.0
2026-04-27 16:58:00+00:00,4677.45,4678.83,4676.65,4676.74,374.0
2026-04-27 16:59:00+00:00,4676.875,4678.3,4676.46,4677.93,357.0
2026-04-27 17:00:00+00:00,4678.28,4679.22,4677.77,4678.24,363.0
2026-04-27 17:01:00+00:00,4678.45,4678.2,4675.18,4675.88,888.0
2026-04-27 17:02:00+00:00,4676.17,4676.65,4668.7,4672.75,1752.0
2026-04-27 17:03:00+00:00,4673.11,4674.86,4669.69,4670.77,1260.0
2026-04-27 17:04:00+00:00,4671.14,4671.28,4667.74,4668.84,1154.0
2026-04-27 17:05:00+00:00,4669.12,4670.47,4666.99,4670.43,524.0
2026-04-27 17:06:00+00:00,4670.59,4673.05,4670.19,4672.01,466.0
2026-04-27 17:07:00+00:00,4672.34,4672.45,4668.95,4671.94,426.0
2026-04-27 17:08:00+00:00,4672.105,4673.18,4670.07,4673.08,556.0
2026-04-27 17:09:00+00:00,4673.475,4673.34,4669.9,4670.08,462.0
2026-04-27 17:10:00+00:00,4670.425,4675.8,4670.05,4675.8,554.0
2026-04-27 17:11:00+00:00,4676.125,4675.91,4674.04,4675.66,408.0
2026-04-27 17:12:00+00:00,4675.855,4676.26,4674.5,4674.86,404.0
2026-04-27 17:13:00+00:00,4675.09,4676.87,4671.67,4671.67,459.0
2026-04-27 17:14:00+00:00,4671.88,4674.75,4671.61,4674.41,476.0
2026-04-27 17:15:00+00:00,4674.58,4675.72,4672.6,4674.95,481.0
2026-04-27 17:16:00+00:00,4675.18,4676.68,4674.56,4676.26,400.0
2026-04-27 17:17:00+00:00,4676.5,4677.39,4675.96,4676.59,345.0
2026-04-27 17:18:00+00:00,4676.915,4677.49,4675.39,4676.47,372.0
2026-04-27 17:19:00+00:00,4676.73,4677.77,4675.77,4677.56,334.0
2026-04-27 17:20:00+00:00,4677.8,4678.03,4676.87,4677.31,362.0
2026-04-27 17:21:00+00:00,4677.55,4678.18,4675.61,4675.61,425.0
2026-04-27 17:22:00+00:00,4675.93,4675.84,4671.7,4672.95,687.0
2026-04-27 17:23:00+00:00,4673.22,4674.68,4672.05,4674.42,392.0
2026-04-27 17:24:00+00:00,4674.66,4674.44,4673.02,4673.62,359.0
2026-04-27 17:25:00+00:00,4673.9,4673.8,4671.77,4672.94,394.0
2026-04-27 17:26:00+00:00,4673.18,4675.67,4672.62,4675.58,402.0
2026-04-27 17:27:00+00:00,4675.91,4677.02,4675.46,4676.28,346.0
2026-04-27 17:28:00+00:00,4676.51,4678.21,4675.65,4677.37,366.0
2026-04-27 17:29:00+00:00,4677.64,4681.09,4677.22,4681.09,328.0
2026-04-27 17:30:00+00:00,4681.355,4682.07,4680.3,4682.0,393.0
2026-04-27 17:31:00+00:00,4682.36,4682.2,4679.77,4680.36,372.0
2026-04-27 17:32:00+00:00,4680.63,4680.92,4678.18,4679.19,433.0
2026-04-27 17:33:00+00:00,4679.46,4679.53,4676.77,4676.93,358.0
2026-04-27 17:34:00+00:00,4677.375,4679.2,4677.0,4678.39,363.0
2026-04-27 17:35:00+00:00,4678.775,4678.73,4677.11,4678.12,339.0
2026-04-27 17:36:00+00:00,4678.35,4678.35,4677.1,4677.74,325.0
2026-04-27 17:37:00+00:00,4677.91,4678.61,4677.15,4677.58,287.0
2026-04-27 17:38:00+00:00,4677.82,4679.15,4677.38,4677.96,313.0
2026-04-27 17:39:00+00:00,4678.19,4679.4,4677.84,4678.96,277.0
2026-04-27 17:40:00+00:00,4679.2,4679.4,4677.79,4678.86,289.0
2026-04-27 17:41:00+00:00,4679.1,4681.01,4678.84,4679.35,325.0
2026-04-27 17:42:00+00:00,4679.59,4680.08,4678.61,4679.18,323.0
2026-04-27 17:43:00+00:00,4679.44,4679.26,4677.19,4678.2,280.0
2026-04-27 17:44:00+00:00,4678.44,4678.26,4677.24,4677.4,286.0
2026-04-27 17:45:00+00:00,4677.67,4677.86,4675.47,4675.63,312.0
2026-04-27 17:46:00+00:00,4675.85,4675.81,4674.8,4675.7,286.0
2026-04-27 17:47:00+00:00,4676.03,4677.92,4675.5,4676.58,312.0
2026-04-27 17:48:00+00:00,4676.84,4677.01,4675.1,4675.8,300.0
2026-04-27 17:49:00+00:00,4676.08,4676.57,4674.13,4674.22,326.0
2026-04-27 17:50:00+00:00,4674.415,4674.81,4672.63,4674.27,401.0
2026-04-27 17:51:00+00:00,4674.665,4676.24,4674.2,4675.97,355.0
2026-04-27 17:52:00+00:00,4676.23,4676.05,4674.16,4675.41,340.0
2026-04-27 17:53:00+00:00,4675.71,4675.67,4673.75,4673.91,325.0
2026-04-27 17:54:00+00:00,4674.18,4674.14,4670.46,4671.33,524.0
2026-04-27 17:55:00+00:00,4671.55,4672.69,4670.43,4672.25,410.0
2026-04-27 17:56:00+00:00,4672.57,4672.46,4669.48,4669.64,362.0
2026-04-27 17:57:00+00:00,4669.86,4670.39,4668.9,4669.76,313.0
2026-04-27 17:58:00+00:00,4670.03,4670.85,4667.93,4667.93,331.0
2026-04-27 17:59:00+00:00,4668.28,4670.39,4667.77,4669.88,438.0
2026-04-27 18:00:00+00:00,4670.1,4670.13,4667.13,4667.17,357.0
2026-04-27 18:01:00+00:00,4667.535,4669.03,4666.98,4668.79,352.0
2026-04-27 18:02:00+00:00,4669.06,4670.25,4668.61,4669.77,385.0
2026-04-27 18:03:00+00:00,4670.165,4670.62,4668.88,4669.73,298.0
2026-04-27 18:04:00+00:00,4669.92,4670.71,4668.51,4670.56,326.0
2026-04-27 18:05:00+00:00,4670.77,4672.47,4670.38,4671.64,323.0
2026-04-27 18:06:00+00:00,4672.125,4672.65,4671.39,4671.64,307.0
2026-04-27 18:07:00+00:00,4672.005,4673.86,4671.55,4673.49,326.0
2026-04-27 18:08:00+00:00,4673.7,4674.28,4672.73,4673.41,270.0
2026-04-27 18:09:00+00:00,4673.64,4673.39,4671.76,4672.65,276.0
2026-04-27 18:10:00+00:00,4672.87,4673.69,4672.54,4673.56,261.0
2026-04-27 18:11:00+00:00,4673.83,4674.52,4672.46,4674.03,320.0
2026-04-27 18:12:00+00:00,4674.31,4674.65,4673.31,4674.32,253.0
2026-04-27 18:13:00+00:00,4674.6,4674.73,4673.77,4673.99,248.0
2026-04-27 18:14:00+00:00,4674.3,4674.72,4672.71,4674.35,328.0
2026-04-27 18:15:00+00:00,4674.49,4675.71,4673.85,4674.96,279.0
2026-04-27 18:16:00+00:00,4675.25,4676.84,4674.5,4676.08,322.0
2026-04-27 18:17:00+00:00,4676.435,4676.76,4675.84,4676.39,244.0
2026-04-27 18:18:00+00:00,4676.71,4677.31,4675.95,4676.81,213.0
2026-04-27 18:19:00+00:00,4677.08,4677.38,4675.96,4676.72,274.0
2026-04-27 18:20:00+00:00,4676.95,4677.07,4676.0,4676.34,264.0
2026-04-27 18:21:00+00:00,4676.55,4676.43,4675.22,4676.19,424.0
2026-04-27 18:22:00+00:00,4676.42,4677.05,4674.99,4675.24,290.0
2026-04-27 18:23:00+00:00,4675.45,4676.06,4674.48,4675.8,263.0
2026-04-27 18:24:00+00:00,4676.03,4676.04,4675.21,4675.52,214.0
2026-04-27 18:25:00+00:00,4675.76,4675.64,4673.73,4674.72,307.0
2026-04-27 18:26:00+00:00,4674.98,4674.77,4673.73,4674.19,267.0
2026-04-27 18:27:00+00:00,4674.41,4675.45,4673.53,4674.93,290.0
2026-04-27 18:28:00+00:00,4675.19,4675.36,4674.16,4675.25,244.0
2026-04-27 18:29:00+00:00,4675.51,4676.05,4675.21,4676.05,227.0
2026-04-27 18:30:00+00:00,4676.28,4677.69,4675.71,4676.53,279.0
2026-04-27 18:31:00+00:00,4676.77,4678.05,4676.41,4677.83,286.0
2026-04-27 18:32:00+00:00,4678.11,4677.9,4676.13,4677.51,306.0
2026-04-27 18:33:00+00:00,4677.69,4678.81,4677.44,4677.94,244.0
2026-04-27 18:34:00+00:00,4678.2,4678.26,4677.35,4677.83,194.0
2026-04-27 18:35:00+00:00,4678.1,4678.77,4677.79,4677.93,258.0
2026-04-27 18:36:00+00:00,4678.2,4679.15,4677.6,4677.95,291.0
2026-04-27 18:37:00+00:00,4678.21,4679.35,4677.85,4678.81,248.0
2026-04-27 18:38:00+00:00,4679.04,4679.22,4677.86,4678.83,227.0
2026-04-27 18:39:00+00:00,4679.06,4678.81,4676.93,4677.44,261.0
2026-04-27 18:40:00+00:00,4677.7,4677.45,4676.33,4676.98,259.0
2026-04-27 18:41:00+00:00,4677.22,4677.37,4675.98,4676.17,272.0
2026-04-27 18:42:00+00:00,4676.4,4676.65,4675.03,4675.03,197.0
2026-04-27 18:43:00+00:00,4675.255,4676.02,4674.88,4675.83,191.0
2026-04-27 18:44:00+00:00,4676.07,4675.82,4674.16,4674.67,216.0
2026-04-27 18:45:00+00:00,4674.91,4676.33,4674.48,4676.33,200.0
2026-04-27 18:46:00+00:00,4676.55,4677.89,4676.3,4677.39,245.0
2026-04-27 18:47:00+00:00,4677.58,4677.33,4675.16,4675.57,202.0
2026-04-27 18:48:00+00:00,4675.9,4675.81,4674.94,4675.28,212.0
2026-04-27 18:49:00+00:00,4675.5,4675.98,4675.25,4675.73,179.0
2026-04-27 18:50:00+00:00,4675.93,4676.91,4675.47,4676.81,195.0
2026-04-27 18:51:00+00:00,4677.05,4677.44,4675.08,4675.61,235.0
2026-04-27 18:52:00+00:00,4675.81,4675.97,4674.86,4675.59,234.0
2026-04-27 18:53:00+00:00,4675.955,4676.87,4675.57,4676.8,206.0
2026-04-27 18:54:00+00:00,4677.07,4676.98,4675.94,4676.32,233.0
2026-04-27 18:55:00+00:00,4676.49,4677.13,4675.65,4676.68,240.0
2026-04-27 18:56:00+00:00,4676.86,4677.26,4676.21,4676.6,258.0
2026-04-27 18:57:00+00:00,4676.86,4676.61,4675.94,4676.37,224.0
2026-04-27 18:58:00+00:00,4676.63,4677.08,4676.3,4676.73,218.0
2026-04-27 18:59:00+00:00,4677.02,4676.89,4676.36,4676.53,181.0
2026-04-27 19:00:00+00:00,4676.8,4678.23,4676.55,4678.06,304.0
2026-04-27 19:01:00+00:00,4678.425,4678.25,4676.18,4676.27,230.0
2026-04-27 19:02:00+00:00,4676.51,4676.56,4675.0,4675.46,316.0
2026-04-27 19:03:00+00:00,4675.68,4675.98,4675.06,4675.62,247.0
2026-04-27 19:04:00+00:00,4675.86,4675.79,4673.79,4673.88,272.0
2026-04-27 19:05:00+00:00,4674.205,4674.92,4673.52,4673.97,285.0
2026-04-27 19:06:00+00:00,4674.2,4675.23,4673.45,4675.09,257.0
2026-04-27 19:07:00+00:00,4675.33,4675.32,4673.16,4673.2,203.0
2026-04-27 19:08:00+00:00,4673.39,4674.63,4672.75,4673.57,319.0
2026-04-27 19:09:00+00:00,4673.78,4673.73,4672.87,4673.33,258.0
2026-04-27 19:10:00+00:00,4673.585,4673.46,4671.5,4671.91,358.0
2026-04-27 19:11:00+00:00,4672.125,4673.45,4671.73,4672.94,269.0
2026-04-27 19:12:00+00:00,4673.21,4674.18,4672.69,4674.11,261.0
2026-04-27 19:13:00+00:00,4674.505,4674.61,4672.41,4672.88,224.0
2026-04-27 19:14:00+00:00,4673.12,4673.56,4672.27,4673.55,254.0
2026-04-27 19:15:00+00:00,4673.81,4674.38,4673.54,4673.69,272.0
2026-04-27 19:16:00+00:00,4673.88,4673.65,4671.19,4671.19,302.0
2026-04-27 19:17:00+00:00,4671.36,4671.92,4669.98,4670.92,345.0
2026-04-27 19:18:00+00:00,4671.14,4670.91,4667.94,4669.63,373.0
2026-04-27 19:19:00+00:00,4669.96,4671.42,4669.63,4671.24,285.0
2026-04-27 19:20:00+00:00,4671.47,4671.28,4669.73,4670.44,261.0
2026-04-27 19:21:00+00:00,4670.71,4673.1,4670.27,4672.5,279.0
2026-04-27 19:22:00+00:00,4672.84,4673.48,4672.12,4672.75,261.0
2026-04-27 19:23:00+00:00,4673.035,4676.78,4672.42,4675.99,666.0
2026-04-27 19:24:00+00:00,4676.26,4676.3,4674.04,4674.39,348.0
2026-04-27 19:25:00+00:00,4674.68,4678.05,4674.41,4677.97,351.0
2026-04-27 19:26:00+00:00,4678.24,4678.5,4677.46,4677.82,247.0
2026-04-27 19:27:00+00:00,4678.14,4678.05,4676.71,4677.4,265.0
2026-04-27 19:28:00+00:00,4677.685,4678.18,4676.54,4676.83,245.0
2026-04-27 19:29:00+00:00,4677.06,4679.77,4676.52,4679.67,498.0
2026-04-27 19:30:00+00:00,4679.91,4680.64,4679.33,4680.09,337.0
2026-04-27 19:31:00+00:00,4680.27,4681.01,4679.4,4680.97,308.0
2026-04-27 19:32:00+00:00,4681.21,4683.53,4680.56,4683.44,326.0
2026-04-27 19:33:00+00:00,4683.72,4685.36,4682.42,4684.47,350.0
2026-04-27 19:34:00+00:00,4684.81,4685.04,4684.07,4684.92,307.0
2026-04-27 19:35:00+00:00,4685.2,4685.84,4684.77,4685.18,375.0
2026-04-27 19:36:00+00:00,4685.45,4685.22,4683.46,4683.88,343.0
2026-04-27 19:37:00+00:00,4684.16,4684.17,4682.87,4683.61,303.0
2026-04-27 19:38:00+00:00,4683.93,4683.95,4682.04,4682.45,250.0
2026-04-27 19:39:00+00:00,4682.68,4682.51,4679.83,4680.38,304.0
2026-04-27 19:40:00+00:00,4680.65,4681.75,4680.26,4681.05,292.0
2026-04-27 19:41:00+00:00,4681.29,4681.79,4680.9,4681.38,231.0
2026-04-27 19:42:00+00:00,4681.61,4681.74,4680.34,4680.5,253.0
2026-04-27 19:43:00+00:00,4680.8,4682.61,4680.44,4682.3,294.0
2026-04-27 19:44:00+00:00,4682.53,4683.1,4681.79,4682.96,241.0
2026-04-27 19:45:00+00:00,4683.3,4684.32,4683.0,4683.24,290.0
2026-04-27 19:46:00+00:00,4683.55,4683.3,4681.56,4682.06,306.0
2026-04-27 19:47:00+00:00,4682.28,4682.14,4681.4,4681.81,242.0
2026-04-27 19:48:00+00:00,4682.02,4682.28,4680.89,4681.96,242.0
2026-04-27 19:49:00+00:00,4682.15,4682.69,4681.44,4682.02,254.0
2026-04-27 19:50:00+00:00,4682.26,4683.04,4681.86,4683.0,250.0
2026-04-27 19:51:00+00:00,4683.27,4683.24,4681.94,4682.46,264.0
2026-04-27 19:52:00+00:00,4682.72,4682.8,4682.01,4682.64,230.0
2026-04-27 19:53:00+00:00,4682.87,4682.76,4681.83,4681.83,254.0
2026-04-27 19:54:00+00:00,4682.02,4682.13,4681.32,4681.79,215.0
2026-04-27 19:55:00+00:00,4682.06,4683.27,4681.8,4682.62,287.0
2026-04-27 19:56:00+00:00,4682.86,4683.69,4682.51,4683.11,226.0
2026-04-27 19:57:00+00:00,4683.44,4683.56,4682.42,4683.54,235.0
2026-04-27 19:58:00+00:00,4683.8,4683.66,4682.42,4682.42,202.0
2026-04-27 19:59:00+00:00,4682.65,4682.59,4681.99,4682.04,223.0
2026-04-27 20:00:00+00:00,4682.26,4682.14,4681.07,4681.68,281.0
2026-04-27 20:01:00+00:00,4681.92,4682.05,4680.75,4680.84,287.0
2026-04-27 20:02:00+00:00,4681.06,4681.45,4680.68,4681.18,257.0
2026-04-27 20:03:00+00:00,4681.56,4681.75,4681.04,4681.6,236.0
2026-04-27 20:04:00+00:00,4681.86,4681.64,4679.92,4680.23,275.0
2026-04-27 20:05:00+00:00,4680.49,4680.24,4679.16,4679.18,272.0
2026-04-27 20:06:00+00:00,4679.45,4681.31,4678.8,4680.86,312.0
2026-04-27 20:07:00+00:00,4681.07,4681.31,4680.54,4681.08,233.0
2026-04-27 20:08:00+00:00,4681.47,4681.86,4680.41,4681.75,264.0
2026-04-27 20:09:00+00:00,4681.99,4682.04,4680.92,4681.78,255.0
2026-04-27 20:10:00+00:00,4682.02,4682.62,4681.56,4682.41,236.0
2026-04-27 20:11:00+00:00,4682.64,4682.43,4681.71,4681.81,184.0
2026-04-27 20:12:00+00:00,4682.09,4682.11,4680.96,4681.36,236.0
2026-04-27 20:13:00+00:00,4681.62,4681.82,4680.56,4681.49,240.0
2026-04-27 20:14:00+00:00,4681.8,4682.42,4681.23,4681.29,251.0
2026-04-27 20:15:00+00:00,4681.49,4681.46,4680.83,4681.05,245.0
2026-04-27 20:16:00+00:00,4681.32,4681.31,4680.42,4681.23,242.0
2026-04-27 20:17:00+00:00,4681.47,4682.23,4680.82,4682.18,256.0
2026-04-27 20:18:00+00:00,4682.42,4682.55,4680.87,4681.91,281.0
2026-04-27 20:19:00+00:00,4682.15,4682.48,4681.45,4681.63,266.0
2026-04-27 20:20:00+00:00,4681.84,4682.29,4681.54,4682.19,231.0
2026-04-27 20:21:00+00:00,4682.45,4683.36,4682.09,4683.01,284.0
2026-04-27 20:22:00+00:00,4683.3,4683.58,4682.84,4682.84,254.0
2026-04-27 20:23:00+00:00,4683.08,4684.19,4682.83,4683.92,265.0
2026-04-27 20:24:00+00:00,4684.165,4684.42,4683.47,4683.99,231.0
2026-04-27 20:25:00+00:00,4684.22,4684.01,4683.35,4683.68,240.0
2026-04-27 20:26:00+00:00,4683.95,4684.42,4683.59,4684.13,215.0
2026-04-27 20:27:00+00:00,4684.45,4685.32,4684.15,4684.33,260.0
2026-04-27 20:28:00+00:00,4684.46,4684.25,4683.0,4683.25,335.0
2026-04-27 20:29:00+00:00,4683.64,4684.19,4683.27,4683.92,286.0
2026-04-27 20:30:00+00:00,4684.14,4684.01,4682.96,4683.32,235.0
2026-04-27 20:31:00+00:00,4683.59,4683.57,4683.0,4683.38,194.0
2026-04-27 20:32:00+00:00,4683.64,4684.08,4683.18,4683.68,229.0
2026-04-27 20:33:00+00:00,4683.89,4684.01,4683.48,4683.83,192.0
2026-04-27 20:34:00+00:00,4684.11,4683.94,4683.0,4683.14,186.0
2026-04-27 20:35:00+00:00,4683.36,4684.06,4682.96,4683.45,205.0
2026-04-27 20:36:00+00:00,4683.68,4683.65,4682.23,4682.86,198.0
2026-04-27 20:37:00+00:00,4683.125,4683.08,4682.57,4683.01,174.0
2026-04-27 20:38:00+00:00,4683.21,4683.74,4682.81,4683.25,192.0
2026-04-27 20:39:00+00:00,4683.54,4683.66,4682.93,4683.11,187.0
2026-04-27 20:40:00+00:00,4683.31,4684.58,4682.77,4684.07,196.0
2026-04-27 20:41:00+00:00,4684.33,4684.43,4683.64,4684.05,267.0
2026-04-27 20:42:00+00:00,4684.32,4685.15,4683.96,4684.97,235.0
2026-04-27 20:43:00+00:00,4685.16,4684.91,4683.65,4683.92,264.0
2026-04-27 20:44:00+00:00,4684.2,4684.15,4682.41,4682.67,252.0
2026-04-27 20:45:00+00:00,4682.9,4682.89,4681.43,4681.95,290.0
2026-04-27 20:46:00+00:00,4682.17,4683.28,4681.71,4682.68,268.0
2026-04-27 20:47:00+00:00,4682.96,4683.46,4682.68,4683.06,215.0
2026-04-27 20:48:00+00:00,4683.34,4683.09,4682.46,4682.92,267.0
2026-04-27 20:49:00+00:00,4683.16,4683.89,4682.82,4683.47,197.0
2026-04-27 20:50:00+00:00,4683.76,4684.87,4682.98,4684.57,262.0
2026-04-27 20:51:00+00:00,4684.85,4684.6,4684.06,4684.39,234.0
2026-04-27 20:52:00+00:00,4684.63,4684.57,4684.1,4684.35,179.0
2026-04-27 20:53:00+00:00,4684.57,4684.46,4683.92,4683.95,184.0
2026-04-27 20:54:00+00:00,4684.22,4684.19,4683.21,4683.48,191.0
2026-04-27 20:55:00+00:00,4683.74,4683.61,4682.18,4682.4,258.0
2026-04-27 20:56:00+00:00,4682.67,4682.94,4682.15,4682.23,246.0
2026-04-27 20:57:00+00:00,4682.49,4682.37,4681.09,4681.15,265.0
2026-04-27 20:58:00+00:00,4681.37,4681.6,4680.68,4681.03,224.0
2026-04-27 20:59:00+00:00,4681.3,4681.2,4680.48,4680.53,189.0
2026-04-27 21:00:00+00:00,4680.77,4680.71,4678.68,4679.07,252.0
2026-04-27 21:01:00+00:00,4679.455,4679.97,4679.08,4679.77,215.0
2026-04-27 21:02:00+00:00,4680.01,4680.51,4679.58,4680.51,210.0
2026-04-27 21:03:00+00:00,4680.77,4681.05,4679.71,4679.75,240.0
2026-04-27 21:04:00+00:00,4680.165,4680.02,4678.42,4678.95,250.0
2026-04-27 21:05:00+00:00,4679.18,4680.07,4678.93,4680.04,171.0
2026-04-27 21:06:00+00:00,4680.32,4680.24,4678.67,4679.39,241.0
2026-04-27 21:07:00+00:00,4679.65,4679.85,4679.2,4679.81,153.0
2026-04-27 21:08:00+00:00,4680.02,4679.8,4679.23,4679.45,204.0
2026-04-27 21:09:00+00:00,4679.67,4679.83,4678.96,4679.33,192.0
2026-04-27 21:10:00+00:00,4679.52,4679.61,4678.77,4679.37,216.0
2026-04-27 21:11:00+00:00,4679.61,4680.06,4679.35,4680.03,136.0
2026-04-27 21:12:00+00:00,4680.3,4680.33,4679.77,4679.96,156.0
2026-04-27 21:13:00+00:00,4680.18,4680.81,4679.8,4680.51,215.0
2026-04-27 21:14:00+00:00,4680.78,4680.54,4679.48,4680.14,181.0
2026-04-27 21:15:00+00:00,4680.35,4680.54,4679.61,4680.54,229.0
2026-04-27 21:16:00+00:00,4680.83,4681.07,4679.97,4680.91,218.0
2026-04-27 21:17:00+00:00,4681.17,4681.09,4680.48,4680.6,208.0
2026-04-27 21:18:00+00:00,4680.9,4681.07,4680.32,4680.43,235.0
2026-04-27 21:19:00+00:00,4680.69,4681.73,4680.07,4681.56,221.0
2026-04-27 21:20:00+00:00,4681.77,4681.81,4680.93,4681.21,178.0
2026-04-27 21:21:00+00:00,4681.57,4681.74,4681.07,4681.4,207.0
2026-04-27 21:22:00+00:00,4681.61,4681.88,4681.07,4681.53,212.0
2026-04-27 21:23:00+00:00,4681.81,4682.07,4681.56,4681.75,154.0
2026-04-27 21:24:00+00:00,4681.99,4682.53,4681.61,4682.33,184.0
2026-04-27 21:25:00+00:00,4682.65,4682.47,4681.2,4681.55,200.0
2026-04-27 21:26:00+00:00,4681.78,4681.73,4680.75,4680.96,160.0
2026-04-27 21:27:00+00:00,4681.2,4682.07,4680.95,4681.73,162.0
2026-04-27 21:28:00+00:00,4681.97,4682.4,4681.71,4682.16,163.0
2026-04-27 21:29:00+00:00,4682.42,4682.23,4681.89,4682.07,173.0
2026-04-27 21:30:00+00:00,4682.39,4682.2,4680.54,4680.64,238.0
2026-04-27 21:31:00+00:00,4680.85,4680.62,4679.6,4679.99,207.0
2026-04-27 21:32:00+00:00,4680.21,4680.83,4679.88,4679.97,174.0
2026-04-27 21:33:00+00:00,4680.2,4680.03,4678.23,4678.49,229.0
2026-04-27 21:34:00+00:00,4678.82,4679.48,4678.23,4678.7,239.0
2026-04-27 21:35:00+00:00,4678.99,4678.95,4677.16,4678.05,208.0
2026-04-27 21:36:00+00:00,4678.38,4678.45,4677.02,4677.15,208.0
2026-04-27 21:37:00+00:00,4677.39,4677.19,4676.51,4676.91,185.0
2026-04-27 21:38:00+00:00,4677.12,4677.7,4676.87,4677.61,185.0
2026-04-27 21:39:00+00:00,4677.84,4677.59,4676.66,4677.4,227.0
2026-04-27 21:40:00+00:00,4677.66,4678.68,4677.27,4678.6,223.0
2026-04-27 21:41:00+00:00,4678.86,4678.79,4677.25,4677.58,202.0
2026-04-27 21:42:00+00:00,4677.81,4678.66,4677.33,4678.57,176.0
2026-04-27 21:43:00+00:00,4678.81,4678.96,4677.94,4678.71,220.0
2026-04-27 21:44:00+00:00,4679.03,4680.0,4678.66,4679.7,215.0
2026-04-27 21:45:00+00:00,4680.05,4681.32,4679.12,4680.33,443.0
2026-04-27 21:46:00+00:00,4680.55,4680.37,4678.33,4678.69,296.0
2026-04-27 21:47:00+00:00,4678.93,4679.63,4678.29,4679.61,245.0
2026-04-27 21:48:00+00:00,4679.87,4680.4,4679.32,4680.06,228.0
2026-04-27 21:49:00+00:00,4680.37,4681.01,4679.9,4680.87,232.0
2026-04-27 21:50:00+00:00,4681.08,4681.04,4679.85,4680.31,310.0
2026-04-27 21:51:00+00:00,4680.58,4680.39,4679.16,4679.97,263.0
2026-04-27 21:52:00+00:00,4680.2,4680.25,4679.27,4679.44,279.0
2026-04-27 21:53:00+00:00,4679.64,4679.9,4678.98,4679.28,221.0
2026-04-27 21:54:00+00:00,4679.49,4680.21,4679.1,4679.76,204.0
2026-04-27 21:55:00+00:00,4679.92,4679.99,4679.37,4679.43,207.0
2026-04-27 21:56:00+00:00,4679.67,4679.9,4678.94,4678.99,227.0
2026-04-27 21:57:00+00:00,4679.26,4679.75,4679.01,4679.37,273.0
2026-04-27 21:58:00+00:00,4679.63,4680.19,4678.88,4679.83,275.0
2026-04-27 21:59:00+00:00,4680.15,4681.03,4679.73,4680.58,404.0
2026-04-27 22:00:00+00:00,4680.82,4681.28,4679.94,4680.12,240.0
2026-04-27 22:01:00+00:00,4680.385,4680.82,4680.01,4680.7,115.0
2026-04-27 22:02:00+00:00,4680.99,4680.76,4679.92,4680.07,121.0
2026-04-27 22:03:00+00:00,4680.31,4680.24,4678.2,4679.56,199.0
2026-04-27 22:04:00+00:00,4679.76,4679.65,4678.85,4678.86,96.0
2026-04-27 22:05:00+00:00,4679.14,4679.04,4678.46,4678.46,110.0
2026-04-27 22:06:00+00:00,4678.68,4678.43,4677.2,4678.36,146.0
2026-04-27 22:07:00+00:00,4678.58,4678.39,4677.99,4678.08,84.0
2026-04-27 22:08:00+00:00,4678.32,4678.59,4677.51,4678.51,99.0
2026-04-27 22:09:00+00:00,4678.79,4678.96,4678.46,4678.88,77.0
2026-04-27 22:10:00+00:00,4679.15,4679.24,4678.55,4678.67,98.0
2026-04-27 22:11:00+00:00,4678.96,4679.16,4678.66,4679.0,77.0
2026-04-27 22:12:00+00:00,4679.425,4679.28,4678.93,4679.17,70.0
2026-04-27 22:13:00+00:00,4679.43,4679.22,4678.79,4679.04,60.0
2026-04-27 22:14:00+00:00,4679.3,4679.09,4678.79,4678.96,86.0
2026-04-27 22:15:00+00:00,4679.24,4679.47,4678.94,4679.38,114.0
2026-04-27 22:16:00+00:00,4679.64,4679.57,4679.24,4679.46,105.0
2026-04-27 22:17:00+00:00,4679.74,4679.54,4678.96,4678.96,74.0
2026-04-27 22:18:00+00:00,4679.22,4679.23,4678.81,4679.18,53.0
2026-04-27 22:19:00+00:00,4679.38,4679.4,4679.07,4679.16,51.0
2026-04-27 22:20:00+00:00,4679.44,4679.52,4678.89,4679.39,112.0
2026-04-27 22:21:00+00:00,4679.63,4679.38,4678.7,4678.77,82.0
2026-04-27 22:22:00+00:00,4679.01,4678.96,4678.45,4678.49,67.0
2026-04-27 22:23:00+00:00,4678.73,4679.1,4678.44,4678.88,69.0
2026-04-27 22:24:00+00:00,4679.21,4679.02,4678.81,4678.98,77.0
2026-04-27 22:25:00+00:00,4679.21,4679.19,4678.9,4678.9,67.0
2026-04-27 22:26:00+00:00,4679.12,4679.92,4678.79,4679.69,68.0
2026-04-27 22:27:00+00:00,4680.01,4679.78,4679.51,4679.76,73.0
2026-04-27 22:28:00+00:00,4680.0,4680.44,4679.64,4680.43,94.0
2026-04-27 22:29:00+00:00,4680.72,4680.61,4679.46,4679.46,86.0
2026-04-27 22:30:00+00:00,4679.78,4680.15,4679.4,4680.07,116.0
2026-04-27 22:31:00+00:00,4680.46,4680.35,4679.12,4679.3,106.0
2026-04-27 22:32:00+00:00,4679.54,4679.31,4678.69,4679.07,87.0
2026-04-27 22:33:00+00:00,4679.33,4679.32,4679.02,4679.03,34.0
2026-04-27 22:34:00+00:00,4679.21,4679.22,4678.61,4679.15,84.0
2026-04-27 22:35:00+00:00,4679.41,4679.44,4678.98,4679.44,46.0
2026-04-27 22:36:00+00:00,4679.66,4679.52,4679.17,4679.38,71.0
2026-04-27 22:37:00+00:00,4679.65,4679.76,4679.4,4679.76,53.0
2026-04-27 22:38:00+00:00,4679.99,4680.11,4679.29,4679.54,97.0
2026-04-27 22:39:00+00:00,4679.8,4679.59,4679.4,4679.48,51.0
2026-04-27 22:40:00+00:00,4679.72,4679.58,4679.25,4679.39,51.0
2026-04-27 22:41:00+00:00,4679.63,4679.44,4679.03,4679.05,64.0
2026-04-27 22:42:00+00:00,4679.29,4679.52,4678.89,4679.52,73.0
2026-04-27 22:43:00+00:00,4679.73,4679.64,4679.45,4679.58,74.0
2026-04-27 22:44:00+00:00,4679.82,4680.01,4679.19,4680.01,94.0
2026-04-27 22:45:00+00:00,4680.25,4680.26,4679.77,4679.94,71.0
2026-04-27 22:46:00+00:00,4680.17,4680.07,4679.36,4679.89,92.0
2026-04-27 22:47:00+00:00,4680.16,4679.94,4679.51,4679.63,84.0
2026-04-27 22:48:00+00:00,4679.89,4679.64,4679.14,4679.15,77.0
2026-04-27 22:49:00+00:00,4679.41,4679.9,4679.15,4679.79,89.0
2026-04-27 22:50:00+00:00,4679.96,4679.9,4679.02,4679.23,74.0
2026-04-27 22:51:00+00:00,4679.49,4679.26,4678.7,4678.71,69.0
2026-04-27 22:52:00+00:00,4678.98,4678.79,4678.29,4678.77,85.0
2026-04-27 22:53:00+00:00,4679.03,4679.1,4678.69,4679.1,62.0
2026-04-27 22:54:00+00:00,4679.32,4679.2,4678.76,4678.96,78.0
2026-04-27 22:55:00+00:00,4679.14,4679.57,4678.87,4679.56,99.0
2026-04-27 22:56:00+00:00,4679.73,4679.48,4678.68,4678.77,81.0
2026-04-27 22:57:00+00:00,4679.14,4679.92,4678.74,4679.8,87.0
2026-04-27 22:58:00+00:00,4680.1,4681.4,4679.82,4681.2,78.0
2026-04-28 00:00:00+00:00,4683.91,4686.9,4683.01,4683.97,249.0
2026-04-28 00:01:00+00:00,4684.21,4684.93,4683.29,4683.7,161.0
2026-04-28 00:02:00+00:00,4684.01,4684.04,4683.14,4683.21,111.0
2026-04-28 00:03:00+00:00,4683.53,4684.0,4682.28,4683.97,128.0
2026-04-28 00:04:00+00:00,4684.16,4684.52,4682.34,4682.45,137.0
2026-04-28 00:05:00+00:00,4682.72,4687.01,4682.38,4685.54,348.0
2026-04-28 00:06:00+00:00,4685.435,4687.95,4684.58,4686.19,413.0
2026-04-28 00:07:00+00:00,4686.4,4687.86,4686.14,4687.73,148.0
2026-04-28 00:08:00+00:00,4687.99,4689.38,4687.51,4688.87,194.0
2026-04-28 00:09:00+00:00,4689.2,4689.37,4688.68,4688.76,154.0
2026-04-28 00:10:00+00:00,4689.05,4691.07,4688.58,4690.52,196.0
2026-04-28 00:11:00+00:00,4690.76,4690.51,4689.19,4689.54,133.0
2026-04-28 00:12:00+00:00,4689.81,4689.56,4688.32,4689.39,157.0
2026-04-28 00:13:00+00:00,4689.62,4689.68,4688.77,4689.68,133.0
2026-04-28 00:14:00+00:00,4689.85,4690.54,4688.83,4689.14,166.0
2026-04-28 00:15:00+00:00,4689.41,4689.68,4688.43,4688.78,153.0
2026-04-28 00:16:00+00:00,4689.06,4689.44,4688.24,4688.56,150.0
2026-04-28 00:17:00+00:00,4688.82,4688.99,4687.23,4687.82,174.0
2026-04-28 00:18:00+00:00,4688.06,4688.61,4687.24,4688.2,170.0
2026-04-28 00:19:00+00:00,4688.44,4688.33,4687.57,4688.18,115.0
2026-04-28 00:20:00+00:00,4688.42,4688.18,4687.71,4687.79,125.0
2026-04-28 00:21:00+00:00,4688.03,4688.29,4687.54,4687.99,102.0
2026-04-28 00:22:00+00:00,4688.15,4687.9,4686.81,4687.23,136.0
2026-04-28 00:23:00+00:00,4687.46,4687.74,4686.96,4687.72,97.0
2026-04-28 00:24:00+00:00,4687.96,4688.07,4686.98,4687.43,109.0
2026-04-28 00:25:00+00:00,4687.63,4687.98,4687.38,4687.79,96.0
2026-04-28 00:26:00+00:00,4688.0,4687.89,4687.49,4687.82,86.0
2026-04-28 00:27:00+00:00,4688.08,4689.02,4687.77,4689.0,118.0
2026-04-28 00:28:00+00:00,4689.26,4689.16,4688.75,4689.16,99.0
2026-04-28 00:29:00+00:00,4689.4,4689.19,4688.85,4688.92,70.0
2026-04-28 00:30:00+00:00,4689.16,4689.6,4688.48,4689.48,168.0
2026-04-28 00:31:00+00:00,4689.76,4689.59,4688.73,4689.33,129.0
2026-04-28 00:32:00+00:00,4689.57,4689.41,4688.46,4688.79,122.0
2026-04-28 00:33:00+00:00,4689.05,4688.96,4688.53,4688.69,126.0
2026-04-28 00:34:00+00:00,4688.89,4689.07,4688.36,4688.53,117.0
2026-04-28 00:35:00+00:00,4688.76,4688.61,4687.17,4687.19,145.0
2026-04-28 00:36:00+00:00,4687.49,4687.35,4686.84,4686.94,101.0
2026-04-28 00:37:00+00:00,4687.2,4687.93,4686.95,4687.62,96.0
2026-04-28 00:38:00+00:00,4687.89,4688.34,4687.62,4688.21,92.0
2026-04-28 00:39:00+00:00,4688.57,4688.32,4687.59,4687.99,86.0
2026-04-28 00:40:00+00:00,4688.25,4688.25,4687.74,4687.97,85.0
2026-04-28 00:41:00+00:00,4688.27,4688.45,4688.0,4688.25,95.0
2026-04-28 00:42:00+00:00,4688.525,4688.87,4687.93,4687.94,114.0
2026-04-28 00:43:00+00:00,4688.14,4687.89,4686.28,4686.96,102.0
2026-04-28 00:44:00+00:00,4687.25,4687.28,4687.0,4687.24,77.0
2026-04-28 00:45:00+00:00,4687.51,4687.5,4686.11,4686.4,135.0
2026-04-28 00:46:00+00:00,4686.73,4687.04,4686.25,4687.03,113.0
2026-04-28 00:47:00+00:00,4687.26,4687.07,4686.37,4686.64,87.0
2026-04-28 00:48:00+00:00,4686.9,4687.13,4686.62,4686.96,80.0
2026-04-28 00:49:00+00:00,4687.2,4687.02,4686.75,4686.91,83.0
2026-04-28 00:50:00+00:00,4687.17,4687.26,4686.61,4687.09,117.0
2026-04-28 00:51:00+00:00,4687.33,4687.32,4686.68,4686.73,90.0
2026-04-28 00:52:00+00:00,4686.97,4687.09,4686.19,4687.06,111.0
2026-04-28 00:53:00+00:00,4687.34,4687.55,4687.0,4687.14,93.0
2026-04-28 00:54:00+00:00,4687.37,4687.33,4686.84,4687.31,75.0
2026-04-28 00:55:00+00:00,4687.58,4687.69,4686.87,4687.03,107.0
2026-04-28 00:56:00+00:00,4687.26,4687.34,4686.88,4686.94,71.0
2026-04-28 00:57:00+00:00,4687.2,4687.13,4686.9,4687.13,60.0
2026-04-28 00:58:00+00:00,4687.35,4687.84,4686.94,4687.51,111.0
2026-04-28 00:59:00+00:00,4687.78,4688.01,4687.45,4687.8,104.0
2026-04-28 01:00:00+00:00,4688.0,4688.52,4687.12,4687.55,162.0
2026-04-28 01:01:00+00:00,4687.83,4688.77,4687.51,4688.54,110.0
2026-04-28 01:02:00+00:00,4688.8,4688.6,4688.17,4688.53,85.0
2026-04-28 01:03:00+00:00,4688.8,4688.95,4688.28,4688.94,89.0
2026-04-28 01:04:00+00:00,4689.2,4689.32,4688.32,4688.45,159.0
2026-04-28 01:05:00+00:00,4688.78,4688.53,4687.37,4687.4,96.0
2026-04-28 01:06:00+00:00,4687.62,4687.63,4687.13,4687.44,105.0
2026-04-28 01:07:00+00:00,4687.71,4688.18,4687.3,4688.1,103.0
2026-04-28 01:08:00+00:00,4688.36,4688.46,4687.82,4688.4,95.0
2026-04-28 01:09:00+00:00,4688.67,4688.46,4687.78,4688.01,110.0
2026-04-28 01:10:00+00:00,4688.25,4688.06,4687.25,4687.42,114.0
2026-04-28 01:11:00+00:00,4687.69,4687.8,4687.44,4687.77,56.0
2026-04-28 01:12:00+00:00,4688.01,4688.17,4687.22,4687.91,86.0
2026-04-28 01:13:00+00:00,4688.14,4689.26,4687.78,4689.18,102.0
2026-04-28 01:14:00+00:00,4689.38,4689.85,4689.1,4689.74,106.0
2026-04-28 01:15:00+00:00,4689.97,4690.22,4689.48,4689.83,151.0
2026-04-28 01:16:00+00:00,4690.1,4690.21,4689.32,4690.19,119.0
2026-04-28 01:17:00+00:00,4690.42,4691.24,4690.13,4690.78,132.0
2026-04-28 01:18:00+00:00,4691.005,4690.85,4690.21,4690.43,116.0
2026-04-28 01:19:00+00:00,4690.72,4690.99,4690.45,4690.85,91.0
2026-04-28 01:20:00+00:00,4691.12,4691.14,4690.0,4690.07,131.0
2026-04-28 01:21:00+00:00,4690.31,4690.81,4690.06,4690.28,116.0
2026-04-28 01:22:00+00:00,4690.54,4690.36,4689.85,4689.89,100.0
2026-04-28 01:23:00+00:00,4690.15,4690.85,4689.9,4690.66,110.0
2026-04-28 01:24:00+00:00,4690.92,4691.08,4690.48,4690.73,116.0
2026-04-28 01:25:00+00:00,4690.95,4691.08,4690.61,4690.93,84.0
2026-04-28 01:26:00+00:00,4691.14,4690.89,4690.05,4690.05,140.0
2026-04-28 01:27:00+00:00,4690.46,4690.28,4689.91,4689.97,79.0
2026-04-28 01:28:00+00:00,4690.24,4691.52,4689.99,4690.37,145.0
2026-04-28 01:29:00+00:00,4690.6,4691.01,4690.25,4690.44,105.0
2026-04-28 01:30:00+00:00,4690.7,4691.69,4690.25,4691.45,119.0
2026-04-28 01:31:00+00:00,4691.69,4691.87,4691.09,4691.64,115.0
2026-04-28 01:32:00+00:00,4691.79,4691.54,4690.93,4691.45,113.0
2026-04-28 01:33:00+00:00,4691.71,4691.46,4691.09,4691.31,98.0
2026-04-28 01:34:00+00:00,4691.58,4691.87,4691.25,4691.81,105.0
2026-04-28 01:35:00+00:00,4692.07,4692.21,4691.81,4692.05,107.0
2026-04-28 01:36:00+00:00,4692.38,4693.3,4692.08,4693.01,151.0
2026-04-28 01:37:00+00:00,4693.22,4693.03,4692.4,4692.59,114.0
2026-04-28 01:38:00+00:00,4692.82,4693.4,4692.56,4693.34,113.0
2026-04-28 01:39:00+00:00,4693.58,4694.09,4692.14,4693.27,179.0
2026-04-28 01:40:00+00:00,4693.58,4693.37,4692.54,4692.69,115.0
2026-04-28 01:41:00+00:00,4692.96,4692.86,4692.08,4692.34,123.0
2026-04-28 01:42:00+00:00,4692.62,4692.52,4691.72,4691.97,135.0
2026-04-28 01:43:00+00:00,4692.2,4693.23,4691.65,4693.23,110.0
2026-04-28 01:44:00+00:00,4693.46,4694.2,4692.9,4694.18,189.0
2026-04-28 01:45:00+00:00,4694.395,4694.33,4693.34,4693.34,172.0
2026-04-28 01:46:00+00:00,4693.665,4693.73,4693.08,4693.37,158.0
2026-04-28 01:47:00+00:00,4693.64,4693.69,4693.24,4693.24,129.0
2026-04-28 01:48:00+00:00,4693.51,4694.07,4693.26,4694.06,142.0
2026-04-28 01:49:00+00:00,4694.45,4694.81,4693.36,4694.43,167.0
2026-04-28 01:50:00+00:00,4694.64,4694.41,4693.84,4694.03,128.0
2026-04-28 01:51:00+00:00,4694.23,4694.14,4693.51,4694.07,126.0
2026-04-28 01:52:00+00:00,4694.3,4694.71,4693.95,4694.28,152.0
2026-04-28 01:53:00+00:00,4694.54,4694.64,4694.06,4694.2,102.0
2026-04-28 01:54:00+00:00,4694.51,4694.51,4694.01,4694.49,109.0
2026-04-28 01:55:00+00:00,4694.73,4694.5,4693.83,4694.11,110.0
2026-04-28 01:56:00+00:00,4694.33,4694.14,4693.47,4693.95,110.0
2026-04-28 01:57:00+00:00,4694.185,4693.81,4693.18,4693.28,113.0
2026-04-28 01:58:00+00:00,4693.56,4693.31,4692.44,4692.44,100.0
2026-04-28 01:59:00+00:00,4692.76,4692.8,4691.64,4691.64,119.0
2026-04-28 02:00:00+00:00,4692.125,4694.41,4691.48,4693.97,283.0
2026-04-28 02:01:00+00:00,4694.21,4695.92,4693.13,4695.74,261.0
2026-04-28 02:02:00+00:00,4696.0,4696.4,4695.54,4696.25,219.0
2026-04-28 02:03:00+00:00,4696.61,4696.61,4694.6,4695.18,241.0
2026-04-28 02:04:00+00:00,4695.415,4697.26,4694.23,4696.82,275.0
2026-04-28 02:05:00+00:00,4697.02,4698.3,4696.53,4698.07,255.0
2026-04-28 02:06:00+00:00,4698.33,4698.09,4697.07,4697.67,218.0
2026-04-28 02:07:00+00:00,4697.86,4699.66,4696.89,4699.62,236.0
2026-04-28 02:08:00+00:00,4699.88,4699.82,4698.54,4698.87,260.0
2026-04-28 02:09:00+00:00,4699.19,4700.96,4698.85,4699.94,290.0
2026-04-28 02:10:00+00:00,4700.24,4700.76,4699.82,4700.48,238.0
2026-04-28 02:11:00+00:00,4700.72,4701.02,4700.33,4700.71,194.0
2026-04-28 02:12:00+00:00,4700.93,4700.68,4698.93,4699.29,230.0
2026-04-28 02:13:00+00:00,4699.53,4699.32,4698.07,4698.31,218.0
2026-04-28 02:14:00+00:00,4698.54,4698.37,4697.62,4697.74,209.0
2026-04-28 02:15:00+00:00,4698.01,4698.97,4697.25,4698.84,287.0
2026-04-28 02:16:00+00:00,4699.11,4699.28,4698.06,4698.81,253.0
2026-04-28 02:17:00+00:00,4699.04,4698.91,4697.54,4697.68,189.0
2026-04-28 02:18:00+00:00,4697.94,4698.37,4697.64,4698.29,195.0
2026-04-28 02:19:00+00:00,4698.53,4698.35,4696.46,4696.96,201.0
2026-04-28 02:20:00+00:00,4697.25,4697.06,4695.25,4696.26,238.0
2026-04-28 02:21:00+00:00,4696.54,4696.38,4695.59,4695.87,188.0
2026-04-28 02:22:00+00:00,4696.11,4697.52,4695.83,4697.33,232.0
2026-04-28 02:23:00+00:00,4697.56,4697.31,4696.07,4696.74,253.0
2026-04-28 02:24:00+00:00,4697.04,4697.4,4696.6,4696.8,184.0
2026-04-28 02:25:00+00:00,4697.01,4697.69,4696.41,4697.51,213.0
2026-04-28 02:26:00+00:00,4697.71,4697.47,4695.25,4695.56,222.0
2026-04-28 02:27:00+00:00,4695.915,4695.65,4692.18,4693.23,357.0
2026-04-28 02:28:00+00:00,4693.47,4694.56,4693.21,4694.16,283.0
2026-04-28 02:29:00+00:00,4694.4,4694.83,4693.97,4694.77,214.0
2026-04-28 02:30:00+00:00,4695.08,4695.02,4693.55,4693.65,222.0
2026-04-28 02:31:00+00:00,4693.91,4693.66,4692.32,4693.11,264.0
2026-04-28 02:32:00+00:00,4693.35,4695.06,4693.1,4694.62,216.0
2026-04-28 02:33:00+00:00,4694.88,4694.63,4693.46,4693.53,176.0
2026-04-28 02:34:00+00:00,4693.835,4693.55,4692.46,4692.98,226.0
2026-04-28 02:35:00+00:00,4693.24,4693.29,4692.58,4692.88,195.0
2026-04-28 02:36:00+00:00,4693.1,4692.87,4692.33,4692.76,152.0
2026-04-28 02:37:00+00:00,4692.99,4693.64,4692.64,4693.39,160.0
2026-04-28 02:38:00+00:00,4693.67,4694.57,4692.92,4694.09,208.0
2026-04-28 02:39:00+00:00,4694.33,4694.09,4691.61,4691.61,203.0
2026-04-28 02:40:00+00:00,4691.93,4693.99,4691.43,4693.35,208.0
2026-04-28 02:41:00+00:00,4693.61,4693.64,4693.0,4693.56,200.0
2026-04-28 02:42:00+00:00,4693.78,4693.53,4692.05,4693.09,190.0
2026-04-28 02:43:00+00:00,4693.36,4694.39,4692.74,4694.3,190.0
2026-04-28 02:44:00+00:00,4694.58,4694.36,4692.71,4693.46,184.0
2026-04-28 02:45:00+00:00,4693.81,4694.48,4693.4,4693.93,222.0
2026-04-28 02:46:00+00:00,4694.17,4693.93,4692.27,4692.94,217.0
2026-04-28 02:47:00+00:00,4693.26,4694.32,4692.8,4693.76,176.0
2026-04-28 02:48:00+00:00,4693.99,4693.75,4692.89,4693.73,132.0
2026-04-28 02:49:00+00:00,4694.0,4694.1,4693.38,4693.62,152.0
2026-04-28 02:50:00+00:00,4693.88,4693.85,4692.73,4693.65,207.0
2026-04-28 02:51:00+00:00,4693.93,4693.98,4693.21,4693.23,166.0
2026-04-28 02:52:00+00:00,4693.47,4693.22,4692.26,4692.37,148.0
2026-04-28 02:53:00+00:00,4692.63,4693.25,4692.35,4693.08,199.0
2026-04-28 02:54:00+00:00,4693.35,4693.11,4692.4,4692.83,195.0
2026-04-28 02:55:00+00:00,4693.13,4693.12,4692.35,4693.09,188.0
2026-04-28 02:56:00+00:00,4693.35,4693.4,4692.94,4693.02,153.0
2026-04-28 02:57:00+00:00,4693.28,4693.3,4692.43,4692.69,170.0
2026-04-28 02:58:00+00:00,4692.9,4692.65,4692.23,4692.41,152.0
2026-04-28 02:59:00+00:00,4692.6,4692.71,4690.25,4690.29,306.0
2026-04-28 03:00:00+00:00,4690.585,4690.66,4687.55,4688.1,590.0
2026-04-28 03:01:00+00:00,4688.465,4688.48,4685.78,4687.25,391.0
2026-04-28 03:02:00+00:00,4687.51,4687.34,4684.23,4685.97,407.0
2026-04-28 03:03:00+00:00,4686.2,4688.84,4685.84,4687.5,350.0
2026-04-28 03:04:00+00:00,4687.71,4689.24,4687.17,4689.16,356.0
2026-04-28 03:05:00+00:00,4689.39,4689.73,4686.74,4687.7,360.0
2026-04-28 03:06:00+00:00,4687.98,4688.4,4686.31,4688.4,347.0
2026-04-28 03:07:00+00:00,4688.52,4690.07,4687.96,4689.78,294.0
2026-04-28 03:08:00+00:00,4690.01,4690.36,4688.95,4689.53,248.0
2026-04-28 03:09:00+00:00,4689.8,4690.43,4688.29,4688.71,265.0
2026-04-28 03:10:00+00:00,4688.99,4689.22,4687.87,4688.46,274.0
2026-04-28 03:11:00+00:00,4688.73,4690.69,4688.48,4690.17,270.0
2026-04-28 03:12:00+00:00,4690.43,4690.18,4687.09,4687.31,302.0
2026-04-28 03:13:00+00:00,4687.54,4689.55,4687.17,4688.26,296.0
2026-04-28 03:14:00+00:00,4688.5,4688.59,4687.21,4687.85,247.0
2026-04-28 03:15:00+00:00,4688.08,4688.04,4685.68,4686.27,322.0
2026-04-28 03:16:00+00:00,4686.74,4687.67,4686.17,4687.65,253.0
2026-04-28 03:17:00+00:00,4687.88,4687.83,4687.24,4687.8,214.0
2026-04-28 03:18:00+00:00,4688.01,4689.19,4687.41,4688.94,261.0
2026-04-28 03:19:00+00:00,4689.24,4689.38,4688.66,4689.14,184.0
2026-04-28 03:20:00+00:00,4689.35,4689.1,4686.27,4687.22,316.0
2026-04-28 03:21:00+00:00,4687.45,4690.5,4687.19,4689.96,321.0
2026-04-28 03:22:00+00:00,4690.39,4690.57,4688.9,4689.3,226.0
2026-04-28 03:23:00+00:00,4689.5,4689.94,4689.09,4689.68,214.0
2026-04-28 03:24:00+00:00,4689.95,4689.7,4688.02,4689.39,218.0
2026-04-28 03:25:00+00:00,4689.58,4689.74,4688.73,4688.84,233.0
2026-04-28 03:26:00+00:00,4689.105,4689.6,4688.48,4689.01,216.0
2026-04-28 03:27:00+00:00,4689.29,4689.55,4688.8,4688.82,222.0
2026-04-28 03:28:00+00:00,4689.1,4688.97,4687.63,4687.76,223.0
2026-04-28 03:29:00+00:00,4688.05,4687.85,4686.82,4687.4,260.0
2026-04-28 03:30:00+00:00,4687.64,4687.72,4685.66,4685.83,292.0
2026-04-28 03:31:00+00:00,4686.305,4686.65,4685.14,4685.14,255.0
2026-04-28 03:32:00+00:00,4685.33,4685.58,4684.23,4684.67,276.0
2026-04-28 03:33:00+00:00,4685.165,4686.28,4683.53,4683.96,321.0
2026-04-28 03:34:00+00:00,4684.36,4684.57,4683.68,4684.05,246.0
2026-04-28 03:35:00+00:00,4684.34,4686.04,4684.09,4685.55,251.0
2026-04-28 03:36:00+00:00,4685.79,4686.56,4685.36,4686.26,234.0
2026-04-28 03:37:00+00:00,4686.47,4688.79,4686.15,4688.75,235.0
2026-04-28 03:38:00+00:00,4689.03,4689.44,4687.21,4688.48,273.0
2026-04-28 03:39:00+00:00,4688.78,4690.21,4688.04,4690.02,275.0
2026-04-28 03:40:00+00:00,4690.425,4691.2,4689.32,4689.33,260.0
2026-04-28 03:41:00+00:00,4689.6,4691.03,4689.12,4690.99,246.0
2026-04-28 03:42:00+00:00,4691.18,4690.97,4688.75,4689.73,251.0
2026-04-28 03:43:00+00:00,4690.09,4690.26,4687.98,4688.53,239.0
2026-04-28 03:44:00+00:00,4688.79,4688.57,4686.92,4687.07,295.0
2026-04-28 03:45:00+00:00,4687.33,4687.51,4685.67,4685.83,290.0
2026-04-28 03:46:00+00:00,4686.07,4686.11,4685.12,4686.09,289.0
2026-04-28 03:47:00+00:00,4686.35,4687.31,4685.93,4687.01,239.0
2026-04-28 03:48:00+00:00,4687.21,4686.96,4686.01,4686.47,212.0
2026-04-28 03:49:00+00:00,4686.71,4686.63,4684.48,4684.89,315.0
2026-04-28 03:50:00+00:00,4685.12,4685.4,4681.48,4682.23,609.0
2026-04-28 03:51:00+00:00,4682.55,4683.86,4682.02,4683.43,354.0
2026-04-28 03:52:00+00:00,4683.71,4683.88,4680.85,4682.02,313.0
2026-04-28 03:53:00+00:00,4682.26,4682.06,4680.52,4680.78,311.0
2026-04-28 03:54:00+00:00,4680.99,4681.44,4680.54,4680.64,220.0
2026-04-28 03:55:00+00:00,4680.98,4680.8,4678.77,4679.45,335.0
2026-04-28 03:56:00+00:00,4679.645,4679.41,4676.77,4677.17,331.0
2026-04-28 03:57:00+00:00,4677.35,4677.16,4673.06,4673.16,503.0
2026-04-28 03:58:00+00:00,4673.36,4673.38,4669.34,4671.52,504.0
2026-04-28 03:59:00+00:00,4671.915,4672.18,4669.85,4670.56,403.0
2026-04-28 04:00:00+00:00,4670.8,4670.73,4666.5,4667.03,562.0
2026-04-28 04:01:00+00:00,4667.24,4668.28,4666.23,4666.63,387.0
2026-04-28 04:02:00+00:00,4666.87,4668.58,4666.27,4668.13,378.0
2026-04-28 04:03:00+00:00,4668.4,4672.14,4668.03,4672.02,410.0
2026-04-28 04:04:00+00:00,4672.34,4673.34,4671.61,4672.61,329.0
2026-04-28 04:05:00+00:00,4672.77,4676.32,4672.17,4675.85,383.0
2026-04-28 04:06:00+00:00,4676.11,4676.53,4675.03,4675.56,277.0
2026-04-28 04:07:00+00:00,4675.84,4676.22,4674.54,4675.24,243.0
2026-04-28 04:08:00+00:00,4675.51,4675.92,4674.6,4674.61,225.0
2026-04-28 04:09:00+00:00,4675.015,4675.14,4672.82,4675.03,334.0
2026-04-28 04:10:00+00:00,4675.3,4675.31,4674.5,4674.73,275.0
2026-04-28 04:11:00+00:00,4674.9,4676.38,4674.04,4676.37,239.0
2026-04-28 04:12:00+00:00,4676.64,4677.78,4676.39,4677.35,267.0
2026-04-28 04:13:00+00:00,4677.5,4677.76,4676.21,4676.49,227.0
2026-04-28 04:14:00+00:00,4676.77,4677.24,4676.11,4677.12,237.0
2026-04-28 04:15:00+00:00,4677.38,4678.43,4676.95,4678.23,205.0
2026-04-28 04:16:00+00:00,4678.43,4679.2,4677.84,4679.16,202.0
2026-04-28 04:17:00+00:00,4679.42,4679.64,4678.98,4679.01,177.0
2026-04-28 04:18:00+00:00,4679.27,4679.44,4678.19,4678.53,175.0
2026-04-28 04:19:00+00:00,4678.79,4678.79,4677.66,4677.99,164.0
2026-04-28 04:20:00+00:00,4678.25,4678.4,4677.46,4677.84,200.0
2026-04-28 04:21:00+00:00,4678.08,4679.41,4677.83,4678.33,161.0
2026-04-28 04:22:00+00:00,4678.61,4679.35,4677.59,4677.59,201.0
2026-04-28 04:23:00+00:00,4677.825,4677.58,4677.04,4677.3,205.0
2026-04-28 04:24:00+00:00,4677.57,4677.46,4675.25,4675.27,203.0
2026-04-28 04:25:00+00:00,4675.74,4676.9,4675.4,4676.87,291.0
2026-04-28 04:26:00+00:00,4677.15,4677.43,4674.82,4674.98,219.0
2026-04-28 04:27:00+00:00,4675.415,4677.23,4674.8,4677.23,235.0
2026-04-28 04:28:00+00:00,4677.41,4677.16,4674.32,4674.79,185.0
2026-04-28 04:29:00+00:00,4675.35,4676.34,4674.88,4675.39,241.0
2026-04-28 04:30:00+00:00,4675.66,4675.51,4671.27,4672.59,352.0
2026-04-28 04:31:00+00:00,4672.85,4674.41,4672.48,4673.51,362.0
2026-04-28 04:32:00+00:00,4673.74,4673.74,4672.05,4673.67,309.0
2026-04-28 04:33:00+00:00,4673.91,4674.46,4671.71,4671.95,312.0
2026-04-28 04:34:00+00:00,4672.3,4674.22,4671.27,4673.43,321.0
2026-04-28 04:35:00+00:00,4673.7,4673.48,4672.24,4673.37,255.0
2026-04-28 04:36:00+00:00,4673.56,4673.8,4672.22,4672.99,250.0
2026-04-28 04:37:00+00:00,4673.23,4673.64,4672.82,4672.95,215.0
2026-04-28 04:38:00+00:00,4673.24,4673.21,4670.75,4671.21,233.0
2026-04-28 04:39:00+00:00,4671.415,4672.25,4670.69,4670.89,297.0
2026-04-28 04:40:00+00:00,4671.13,4671.94,4670.62,4671.07,291.0
2026-04-28 04:41:00+00:00,4671.24,4671.85,4670.89,4671.32,249.0
2026-04-28 04:42:00+00:00,4671.54,4673.09,4671.23,4671.84,223.0
2026-04-28 04:43:00+00:00,4672.07,4673.06,4671.71,4673.03,230.0
2026-04-28 04:44:00+00:00,4673.26,4673.05,4670.43,4670.84,273.0
2026-04-28 04:45:00+00:00,4671.03,4671.16,4669.12,4671.07,291.0
2026-04-28 04:46:00+00:00,4671.4,4671.15,4669.17,4669.65,285.0
2026-04-28 04:47:00+00:00,4669.94,4669.86,4668.46,4668.99,263.0
2026-04-28 04:48:00+00:00,4669.23,4669.9,4668.45,4669.26,255.0
2026-04-28 04:49:00+00:00,4669.49,4670.3,4668.91,4669.98,257.0
2026-04-28 04:50:00+00:00,4670.22,4670.74,4669.0,4670.23,273.0
2026-04-28 04:51:00+00:00,4670.57,4670.61,4669.18,4670.29,252.0
2026-04-28 04:52:00+00:00,4670.53,4670.46,4669.57,4669.89,246.0
2026-04-28 04:53:00+00:00,4670.12,4669.87,4668.4,4668.75,266.0
2026-04-28 04:54:00+00:00,4668.91,4670.82,4668.33,4670.52,275.0
2026-04-28 04:55:00+00:00,4670.835,4670.51,4668.46,4668.69,245.0
2026-04-28 04:56:00+00:00,4669.03,4669.47,4666.89,4666.9,321.0
2026-04-28 04:57:00+00:00,4667.13,4668.45,4666.37,4668.36,323.0
2026-04-28 04:58:00+00:00,4668.625,4668.74,4667.69,4668.67,279.0
2026-04-28 04:59:00+00:00,4668.91,4669.8,4668.43,4668.84,248.0
2026-04-28 05:00:00+00:00,4669.255,4670.93,4668.29,4670.49,278.0
2026-04-28 05:01:00+00:00,4670.72,4670.64,4668.33,4668.33,228.0
2026-04-28 05:02:00+00:00,4668.6,4669.98,4668.35,4669.93,204.0
2026-04-28 05:03:00+00:00,4670.19,4670.22,4669.43,4669.83,193.0
2026-04-28 05:04:00+00:00,4670.04,4672.01,4669.17,4670.93,547.0
2026-04-28 05:05:00+00:00,4671.2,4671.93,4670.44,4671.77,287.0
2026-04-28 05:06:00+00:00,4671.99,4672.13,4670.92,4671.79,240.0
2026-04-28 05:07:00+00:00,4672.0,4672.79,4671.73,4672.26,243.0
2026-04-28 05:08:00+00:00,4672.5,4672.9,4671.71,4672.32,217.0
2026-04-28 05:09:00+00:00,4672.52,4673.24,4671.57,4672.54,230.0
2026-04-28 05:10:00+00:00,4672.895,4673.78,4672.52,4673.29,228.0
2026-04-28 05:11:00+00:00,4673.5,4673.56,4673.21,4673.48,207.0
2026-04-28 05:12:00+00:00,4673.74,4673.88,4672.63,4672.98,236.0
2026-04-28 05:13:00+00:00,4673.22,4674.07,4672.92,4673.61,227.0
2026-04-28 05:14:00+00:00,4673.85,4673.74,4672.04,4672.85,207.0
2026-04-28 05:15:00+00:00,4673.07,4672.83,4672.11,4672.61,210.0
2026-04-28 05:16:00+00:00,4672.88,4672.63,4671.53,4672.02,220.0
2026-04-28 05:17:00+00:00,4672.28,4672.27,4671.25,4671.29,170.0
2026-04-28 05:18:00+00:00,4671.52,4673.62,4671.27,4673.38,240.0
2026-04-28 05:19:00+00:00,4673.68,4673.5,4672.66,4673.17,215.0
2026-04-28 05:20:00+00:00,4673.41,4675.06,4673.16,4674.22,229.0
2026-04-28 05:21:00+00:00,4674.49,4674.99,4674.0,4674.48,181.0
2026-04-28 05:22:00+00:00,4674.7,4674.59,4672.39,4672.4,227.0
2026-04-28 05:23:00+00:00,4672.77,4672.95,4672.22,4672.94,197.0
2026-04-28 05:24:00+00:00,4673.21,4673.27,4672.65,4672.65,166.0
2026-04-28 05:25:00+00:00,4672.94,4673.01,4672.22,4672.45,203.0
2026-04-28 05:26:00+00:00,4672.69,4672.7,4671.41,4672.65,197.0
2026-04-28 05:27:00+00:00,4672.89,4673.8,4672.3,4673.79,184.0
2026-04-28 05:28:00+00:00,4674.05,4675.66,4672.35,4675.1,341.0
2026-04-28 05:29:00+00:00,4675.37,4675.33,4674.47,4674.6,186.0
2026-04-28 05:30:00+00:00,4674.985,4675.25,4673.67,4675.25,238.0
2026-04-28 05:31:00+00:00,4675.37,4675.25,4673.35,4673.42,199.0
2026-04-28 05:32:00+00:00,4673.62,4674.45,4673.03,4673.05,224.0
2026-04-28 05:33:00+00:00,4673.31,4673.53,4672.04,4672.32,176.0
2026-04-28 05:34:00+00:00,4672.55,4672.66,4671.65,4672.29,171.0
2026-04-28 05:35:00+00:00,4672.47,4672.42,4671.79,4672.21,152.0
2026-04-28 05:36:00+00:00,4672.38,4672.59,4671.7,4672.55,145.0
2026-04-28 05:37:00+00:00,4672.78,4673.44,4671.89,4673.33,188.0
2026-04-28 05:38:00+00:00,4673.59,4673.88,4673.09,4673.6,199.0
2026-04-28 05:39:00+00:00,4673.87,4673.62,4672.56,4673.03,150.0
2026-04-28 05:40:00+00:00,4673.27,4673.21,4672.39,4672.4,132.0
2026-04-28 05:41:00+00:00,4672.6,4672.72,4671.92,4672.69,125.0
2026-04-28 05:42:00+00:00,4672.86,4673.65,4672.61,4672.92,183.0
2026-04-28 05:43:00+00:00,4673.16,4672.91,4671.84,4671.86,125.0
2026-04-28 05:44:00+00:00,4672.06,4672.27,4671.45,4671.82,138.0
2026-04-28 05:45:00+00:00,4672.03,4672.05,4671.04,4671.82,193.0
2026-04-28 05:46:00+00:00,4672.09,4672.49,4671.52,4672.18,129.0
2026-04-28 05:47:00+00:00,4672.42,4672.2,4671.21,4671.45,169.0
2026-04-28 05:48:00+00:00,4671.72,4671.77,4671.24,4671.73,144.0
2026-04-28 05:49:00+00:00,4671.99,4671.74,4671.19,4671.33,107.0
2026-04-28 05:50:00+00:00,4671.59,4671.57,4670.69,4671.07,169.0
2026-04-28 05:51:00+00:00,4671.31,4671.42,4670.55,4670.87,122.0
2026-04-28 05:52:00+00:00,4671.11,4670.86,4670.31,4670.67,124.0
2026-04-28 05:53:00+00:00,4670.9,4670.78,4670.4,4670.49,108.0
2026-04-28 05:54:00+00:00,4670.73,4670.65,4669.29,4669.53,181.0
2026-04-28 05:55:00+00:00,4669.785,4670.79,4669.04,4670.76,177.0
2026-04-28 05:56:00+00:00,4671.06,4671.46,4670.48,4671.29,148.0
2026-04-28 05:57:00+00:00,4671.55,4671.37,4670.78,4671.23,133.0
2026-04-28 05:58:00+00:00,4671.5,4671.52,4670.78,4671.47,142.0
2026-04-28 05:59:00+00:00,4671.71,4671.52,4670.36,4670.75,137.0
2026-04-28 06:00:00+00:00,4670.99,4671.1,4667.67,4667.81,216.0
2026-04-28 06:01:00+00:00,4668.175,4667.89,4666.65,4666.81,190.0
2026-04-28 06:02:00+00:00,4667.07,4668.06,4666.68,4667.52,220.0
2026-04-28 06:03:00+00:00,4667.75,4668.33,4667.2,4667.96,169.0
2026-04-28 06:04:00+00:00,4668.22,4668.33,4667.81,4667.84,138.0
2026-04-28 06:05:00+00:00,4668.01,4667.88,4666.96,4667.72,164.0
2026-04-28 06:06:00+00:00,4667.95,4668.28,4667.07,4667.83,170.0
2026-04-28 06:07:00+00:00,4668.07,4668.39,4667.51,4667.7,174.0
2026-04-28 06:08:00+00:00,4667.93,4668.3,4667.66,4668.2,116.0
2026-04-28 06:09:00+00:00,4668.43,4668.89,4667.75,4667.76,144.0
2026-04-28 06:10:00+00:00,4667.91,4668.99,4667.37,4668.96,208.0
2026-04-28 06:11:00+00:00,4669.2,4668.97,4667.32,4668.12,198.0
2026-04-28 06:12:00+00:00,4668.35,4668.98,4667.93,4668.89,142.0
2026-04-28 06:13:00+00:00,4669.15,4669.34,4668.72,4669.34,132.0
2026-04-28 06:14:00+00:00,4669.57,4669.68,4669.01,4669.59,124.0
2026-04-28 06:15:00+00:00,4669.83,4669.58,4668.63,4669.51,119.0
2026-04-28 06:16:00+00:00,4669.75,4669.55,4668.51,4668.74,103.0
2026-04-28 06:17:00+00:00,4668.97,4669.5,4668.72,4669.39,131.0
2026-04-28 06:18:00+00:00,4669.625,4669.42,4668.67,4669.28,120.0
2026-04-28 06:19:00+00:00,4669.63,4669.4,4668.21,4668.4,133.0
2026-04-28 06:20:00+00:00,4668.62,4668.37,4667.09,4667.27,210.0
2026-04-28 06:21:00+00:00,4667.685,4667.74,4667.05,4667.37,170.0
2026-04-28 06:22:00+00:00,4667.65,4667.43,4666.69,4666.94,162.0
2026-04-28 06:23:00+00:00,4667.16,4666.95,4666.41,4666.82,160.0
2026-04-28 06:24:00+00:00,4667.085,4666.95,4666.58,4666.7,125.0
2026-04-28 06:25:00+00:00,4667.105,4667.45,4666.73,4666.9,118.0
2026-04-28 06:26:00+00:00,4667.16,4667.13,4666.68,4666.76,144.0
2026-04-28 06:27:00+00:00,4667.0,4666.89,4666.69,4666.85,113.0
2026-04-28 06:28:00+00:00,4667.08,4667.42,4666.64,4667.18,142.0
2026-04-28 06:29:00+00:00,4667.41,4667.6,4667.16,4667.28,125.0
2026-04-28 06:30:00+00:00,4667.51,4667.46,4666.64,4666.82,133.0
2026-04-28 06:31:00+00:00,4667.1,4668.55,4666.84,4667.95,232.0
2026-04-28 06:32:00+00:00,4668.19,4668.56,4667.29,4668.13,172.0
2026-04-28 06:33:00+00:00,4668.375,4668.92,4667.93,4668.18,154.0
2026-04-28 06:34:00+00:00,4668.42,4668.56,4667.66,4668.51,135.0
2026-04-28 06:35:00+00:00,4668.77,4669.01,4667.79,4667.8,137.0
2026-04-28 06:36:00+00:00,4668.03,4668.43,4667.21,4667.26,137.0
2026-04-28 06:37:00+00:00,4667.57,4668.59,4667.3,4668.15,164.0
2026-04-28 06:38:00+00:00,4668.32,4668.52,4667.93,4668.42,105.0
2026-04-28 06:39:00+00:00,4668.68,4668.86,4668.3,4668.81,124.0
2026-04-28 06:40:00+00:00,4669.05,4668.8,4667.4,4668.07,144.0
2026-04-28 06:41:00+00:00,4668.31,4668.44,4667.75,4667.76,105.0
2026-04-28 06:42:00+00:00,4668.0,4668.07,4667.41,4667.78,96.0
2026-04-28 06:43:00+00:00,4668.02,4668.32,4667.52,4668.07,132.0
2026-04-28 06:44:00+00:00,4668.33,4669.73,4668.06,4669.64,184.0
2026-04-28 06:45:00+00:00,4669.9,4669.76,4669.1,4669.19,145.0
2026-04-28 06:46:00+00:00,4669.45,4669.25,4668.22,4668.29,159.0
2026-04-28 06:47:00+00:00,4668.45,4668.92,4668.09,4668.52,109.0
2026-04-28 06:48:00+00:00,4668.72,4668.6,4667.63,4667.71,110.0
2026-04-28 06:49:00+00:00,4667.94,4667.88,4667.31,4667.54,109.0
2026-04-28 06:50:00+00:00,4667.72,4667.81,4667.04,4667.66,127.0
2026-04-28 06:51:00+00:00,4667.9,4668.66,4667.48,4668.59,109.0
2026-04-28 06:52:00+00:00,4668.83,4669.57,4668.27,4668.95,154.0
2026-04-28 06:53:00+00:00,4669.18,4668.93,4667.54,4667.56,164.0
2026-04-28 06:54:00+00:00,4667.73,4667.83,4667.37,4667.79,111.0
2026-04-28 06:55:00+00:00,4668.0,4668.4,4667.48,4668.25,162.0
2026-04-28 06:56:00+00:00,4668.51,4668.37,4667.61,4667.68,148.0
2026-04-28 06:57:00+00:00,4667.91,4667.94,4667.59,4667.79,124.0
2026-04-28 06:58:00+00:00,4668.05,4667.8,4667.25,4667.73,107.0
2026-04-28 06:59:00+00:00,4667.99,4667.74,4667.19,4667.47,105.0
2026-04-28 07:00:00+00:00,4667.73,4667.8,4663.15,4664.93,397.0
2026-04-28 07:01:00+00:00,4665.165,4665.32,4663.54,4664.74,305.0
2026-04-28 07:02:00+00:00,4665.07,4666.32,4664.75,4666.22,241.0
2026-04-28 07:03:00+00:00,4666.53,4666.35,4661.74,4662.38,254.0
2026-04-28 07:04:00+00:00,4662.53,4663.56,4662.21,4663.1,225.0
2026-04-28 07:05:00+00:00,4663.36,4663.28,4661.65,4662.18,167.0
2026-04-28 07:06:00+00:00,4662.45,4662.64,4648.55,4652.09,910.0
2026-04-28 07:07:00+00:00,4652.39,4653.57,4650.08,4652.31,390.0
2026-04-28 07:08:00+00:00,4652.54,4653.55,4650.51,4653.5,377.0
2026-04-28 07:09:00+00:00,4653.915,4653.91,4652.56,4653.45,268.0
2026-04-28 07:10:00+00:00,4653.76,4654.8,4652.59,4654.21,291.0
2026-04-28 07:11:00+00:00,4654.605,4654.23,4650.61,4651.93,354.0
2026-04-28 07:12:00+00:00,4652.22,4652.17,4648.75,4650.42,372.0
2026-04-28 07:13:00+00:00,4650.63,4651.29,4648.59,4651.29,280.0
2026-04-28 07:14:00+00:00,4651.735,4652.89,4650.75,4652.11,344.0
2026-04-28 07:15:00+00:00,4652.505,4652.67,4650.95,4651.51,284.0
2026-04-28 07:16:00+00:00,4651.75,4652.65,4651.5,4652.34,222.0
2026-04-28 07:17:00+00:00,4652.57,4653.42,4652.27,4652.85,207.0
2026-04-28 07:18:00+00:00,4653.275,4653.49,4651.78,4653.47,175.0
2026-04-28 07:19:00+00:00,4653.76,4655.35,4653.23,4654.98,245.0
2026-04-28 07:20:00+00:00,4655.11,4658.57,4654.86,4657.65,332.0
2026-04-28 07:21:00+00:00,4658.035,4658.77,4657.46,4657.99,234.0
2026-04-28 07:22:00+00:00,4658.22,4658.79,4657.97,4658.62,136.0
2026-04-28 07:23:00+00:00,4658.86,4659.24,4658.04,4658.53,207.0
2026-04-28 07:24:00+00:00,4658.72,4658.85,4657.0,4658.71,236.0
2026-04-28 07:25:00+00:00,4658.97,4658.87,4657.0,4657.4,231.0
2026-04-28 07:26:00+00:00,4657.62,4658.34,4656.78,4658.34,197.0
2026-04-28 07:27:00+00:00,4658.6,4658.5,4657.25,4657.77,179.0
2026-04-28 07:28:00+00:00,4658.0,4659.04,4657.5,4658.46,210.0
2026-04-28 07:29:00+00:00,4658.63,4658.69,4657.73,4658.02,177.0
2026-04-28 07:30:00+00:00,4658.38,4658.2,4642.99,4647.23,1415.0
2026-04-28 07:31:00+00:00,4647.57,4650.18,4645.18,4647.06,662.0
2026-04-28 07:32:00+00:00,4647.34,4650.63,4646.34,4648.89,546.0
2026-04-28 07:33:00+00:00,4649.225,4650.44,4648.52,4648.53,418.0
2026-04-28 07:34:00+00:00,4648.71,4648.46,4642.72,4644.34,651.0
2026-04-28 07:35:00+00:00,4644.61,4644.41,4640.4,4641.42,613.0
2026-04-28 07:36:00+00:00,4641.695,4641.35,4637.82,4638.95,703.0
2026-04-28 07:37:00+00:00,4639.21,4640.32,4637.73,4640.32,549.0
2026-04-28 07:38:00+00:00,4640.53,4641.3,4637.09,4637.46,541.0
2026-04-28 07:39:00+00:00,4637.76,4641.04,4637.36,4637.91,495.0
2026-04-28 07:40:00+00:00,4638.145,4637.77,4628.22,4632.54,975.0
2026-04-28 07:41:00+00:00,4632.91,4632.73,4629.05,4629.73,588.0
2026-04-28 07:42:00+00:00,4629.97,4630.46,4627.92,4629.96,500.0
2026-04-28 07:43:00+00:00,4630.2,4630.01,4627.27,4627.53,648.0
2026-04-28 07:44:00+00:00,4627.8,4628.95,4624.39,4624.94,559.0
2026-04-28 07:45:00+00:00,4625.2,4628.84,4623.73,4623.96,643.0
2026-04-28 07:46:00+00:00,4624.33,4627.57,4623.75,4626.86,536.0
2026-04-28 07:47:00+00:00,4627.04,4630.32,4626.04,4628.18,447.0
2026-04-28 07:48:00+00:00,4628.535,4629.83,4627.46,4628.28,422.0
2026-04-28 07:49:00+00:00,4628.52,4628.45,4625.88,4627.6,430.0
2026-04-28 07:50:00+00:00,4627.92,4630.95,4626.4,4627.43,548.0
2026-04-28 07:51:00+00:00,4627.74,4629.51,4626.54,4628.46,491.0
2026-04-28 07:52:00+00:00,4628.875,4629.29,4626.71,4628.92,466.0
2026-04-28 07:53:00+00:00,4629.1,4630.57,4628.77,4629.97,405.0
2026-04-28 07:54:00+00:00,4630.24,4631.8,4628.79,4631.64,414.0
2026-04-28 07:55:00+00:00,4631.88,4633.74,4631.37,4632.46,450.0
2026-04-28 07:56:00+00:00,4632.7,4634.06,4632.42,4633.52,377.0
2026-04-28 07:57:00+00:00,4633.75,4633.89,4631.96,4633.34,377.0
2026-04-28 07:58:00+00:00,4633.67,4633.7,4631.7,4633.35,378.0
2026-04-28 07:59:00+00:00,4633.715,4633.6,4631.48,4631.92,331.0
2026-04-28 08:00:00+00:00,4632.265,4631.89,4628.61,4629.08,797.0
2026-04-28 08:01:00+00:00,4629.35,4631.05,4625.67,4625.7,864.0
2026-04-28 08:02:00+00:00,4625.98,4629.86,4625.72,4628.82,742.0
2026-04-28 08:03:00+00:00,4629.04,4630.68,4628.4,4630.19,549.0
2026-04-28 08:04:00+00:00,4630.46,4633.97,4629.72,4633.85,418.0
2026-04-28 08:05:00+00:00,4634.16,4637.57,4633.76,4637.57,316.0
2026-04-28 08:06:00+00:00,4637.73,4639.62,4636.64,4639.11,374.0
2026-04-28 08:07:00+00:00,4639.37,4640.09,4638.8,4639.66,331.0
2026-04-28 08:08:00+00:00,4639.95,4642.77,4639.29,4641.51,421.0
2026-04-28 08:09:00+00:00,4641.73,4642.11,4639.59,4639.89,376.0
2026-04-28 08:10:00+00:00,4640.125,4641.57,4637.96,4639.56,475.0
2026-04-28 08:11:00+00:00,4639.8,4640.39,4638.37,4639.43,401.0
2026-04-28 08:12:00+00:00,4639.67,4639.95,4638.75,4639.3,333.0
2026-04-28 08:13:00+00:00,4639.53,4639.47,4637.58,4638.11,316.0
2026-04-28 08:14:00+00:00,4638.33,4640.77,4637.77,4640.45,304.0
2026-04-28 08:15:00+00:00,4640.71,4640.98,4636.97,4636.97,288.0
2026-04-28 08:16:00+00:00,4637.17,4638.78,4636.48,4637.39,285.0
2026-04-28 08:17:00+00:00,4637.65,4637.44,4635.38,4635.66,250.0
2026-04-28 08:18:00+00:00,4635.92,4635.83,4632.74,4634.86,329.0
2026-04-28 08:19:00+00:00,4635.22,4636.23,4633.73,4633.76,308.0
2026-04-28 08:20:00+00:00,4634.02,4633.77,4631.54,4631.65,321.0
2026-04-28 08:21:00+00:00,4632.055,4632.1,4630.0,4631.5,321.0
2026-04-28 08:22:00+00:00,4631.76,4631.63,4625.98,4626.44,389.0
2026-04-28 08:23:00+00:00,4626.74,4627.3,4623.26,4625.3,566.0
2026-04-28 08:24:00+00:00,4625.51,4626.76,4623.75,4625.9,434.0
2026-04-28 08:25:00+00:00,4626.08,4626.37,4623.57,4625.82,461.0
2026-04-28 08:26:00+00:00,4626.09,4627.66,4624.46,4626.84,417.0
2026-04-28 08:27:00+00:00,4627.105,4631.2,4626.4,4630.04,468.0
2026-04-28 08:28:00+00:00,4630.36,4632.25,4630.11,4631.99,306.0
2026-04-28 08:29:00+00:00,4632.28,4632.26,4630.79,4631.48,278.0
2026-04-28 08:30:00+00:00,4631.76,4633.93,4631.13,4633.21,302.0
2026-04-28 08:31:00+00:00,4633.43,4634.19,4632.2,4632.41,318.0
2026-04-28 08:32:00+00:00,4632.775,4633.34,4631.23,4632.84,364.0
2026-04-28 08:33:00+00:00,4633.12,4634.11,4631.48,4631.54,270.0
2026-04-28 08:34:00+00:00,4631.78,4631.76,4628.64,4629.53,369.0
2026-04-28 08:35:00+00:00,4629.7,4629.47,4626.63,4627.54,367.0
2026-04-28 08:36:00+00:00,4627.83,4628.85,4625.2,4626.17,411.0
2026-04-28 08:37:00+00:00,4626.39,4629.07,4626.14,4628.02,345.0
2026-04-28 08:38:00+00:00,4628.25,4629.99,4627.21,4628.57,373.0
2026-04-28 08:39:00+00:00,4628.955,4631.76,4627.52,4631.75,355.0
2026-04-28 08:40:00+00:00,4632.01,4634.57,4631.34,4631.87,384.0
2026-04-28 08:41:00+00:00,4632.05,4633.16,4628.58,4629.39,528.0
2026-04-28 08:42:00+00:00,4629.66,4632.12,4629.41,4630.08,345.0
2026-04-28 08:43:00+00:00,4630.32,4630.76,4628.25,4630.3,410.0
2026-04-28 08:44:00+00:00,4630.5,4631.24,4629.12,4629.53,321.0
2026-04-28 08:45:00+00:00,4629.79,4631.55,4628.57,4628.84,362.0
2026-04-28 08:46:00+00:00,4629.15,4629.45,4623.73,4625.01,519.0
2026-04-28 08:47:00+00:00,4625.28,4626.14,4623.63,4623.84,452.0
2026-04-28 08:48:00+00:00,4624.11,4625.97,4623.86,4625.03,325.0
2026-04-28 08:49:00+00:00,4625.34,4626.54,4624.18,4625.46,403.0
2026-04-28 08:50:00+00:00,4625.79,4631.45,4625.26,4629.66,390.0
2026-04-28 08:51:00+00:00,4629.89,4629.89,4626.77,4626.77,346.0
2026-04-28 08:52:00+00:00,4626.86,4626.67,4623.12,4623.23,399.0
2026-04-28 08:53:00+00:00,4623.61,4625.83,4623.18,4625.8,318.0
2026-04-28 08:54:00+00:00,4626.01,4627.17,4625.66,4626.22,281.0
2026-04-28 08:55:00+00:00,4626.45,4627.63,4625.04,4627.63,291.0
2026-04-28 08:56:00+00:00,4627.89,4629.74,4627.64,4629.22,258.0
2026-04-28 08:57:00+00:00,4629.52,4631.51,4629.18,4629.41,330.0
2026-04-28 08:58:00+00:00,4629.69,4630.12,4627.74,4627.98,288.0
2026-04-28 08:59:00+00:00,4628.22,4629.62,4627.79,4628.82,306.0
2026-04-28 09:00:00+00:00,4628.96,4632.93,4627.22,4632.8,551.0
2026-04-28 09:01:00+00:00,4633.07,4633.94,4628.78,4630.24,502.0
2026-04-28 09:02:00+00:00,4630.55,4635.2,4630.1,4634.93,484.0
2026-04-28 09:03:00+00:00,4635.165,4636.55,4634.21,4635.48,319.0
2026-04-28 09:04:00+00:00,4635.895,4639.13,4634.71,4638.86,352.0
2026-04-28 09:05:00+00:00,4639.07,4639.2,4637.12,4637.58,368.0
2026-04-28 09:06:00+00:00,4637.85,4638.53,4634.56,4634.9,358.0
2026-04-28 09:07:00+00:00,4635.16,4635.81,4634.05,4634.57,305.0
2026-04-28 09:08:00+00:00,4634.74,4634.9,4633.99,4634.09,239.0
2026-04-28 09:09:00+00:00,4634.32,4634.14,4632.21,4633.73,276.0
2026-04-28 09:10:00+00:00,4633.94,4634.83,4632.23,4634.35,326.0
2026-04-28 09:11:00+00:00,4634.56,4636.23,4634.02,4634.99,280.0
2026-04-28 09:12:00+00:00,4635.17,4635.99,4631.99,4633.5,511.0
2026-04-28 09:13:00+00:00,4633.63,4633.55,4632.18,4632.73,298.0
2026-04-28 09:14:00+00:00,4633.0,4634.1,4632.34,4634.09,264.0
2026-04-28 09:15:00+00:00,4634.31,4634.67,4632.52,4632.52,281.0
2026-04-28 09:16:00+00:00,4632.79,4632.54,4630.29,4631.15,407.0
2026-04-28 09:17:00+00:00,4631.275,4633.31,4630.42,4632.81,325.0
2026-04-28 09:18:00+00:00,4633.01,4634.39,4632.18,4632.27,282.0
2026-04-28 09:19:00+00:00,4632.46,4632.51,4630.82,4632.32,325.0
2026-04-28 09:20:00+00:00,4632.725,4633.61,4631.92,4631.98,335.0
2026-04-28 09:21:00+00:00,4632.24,4632.89,4630.33,4630.33,287.0
2026-04-28 09:22:00+00:00,4630.585,4631.99,4629.9,4631.82,276.0
2026-04-28 09:23:00+00:00,4632.08,4632.86,4629.37,4629.55,332.0
2026-04-28 09:24:00+00:00,4630.015,4630.3,4628.03,4629.7,328.0
2026-04-28 09:25:00+00:00,4629.94,4630.85,4627.72,4627.86,323.0
2026-04-28 09:26:00+00:00,4628.125,4629.57,4627.65,4628.42,320.0
2026-04-28 09:27:00+00:00,4628.71,4630.36,4627.53,4627.59,380.0
2026-04-28 09:28:00+00:00,4627.87,4630.34,4627.04,4630.32,319.0
2026-04-28 09:29:00+00:00,4630.585,4630.25,4629.05,4629.35,303.0
2026-04-28 09:30:00+00:00,4629.675,4629.84,4627.88,4629.65,350.0
2026-04-28 09:31:00+00:00,4629.89,4631.32,4628.2,4630.29,389.0
2026-04-28 09:32:00+00:00,4630.7,4634.93,4630.18,4634.31,295.0
2026-04-28 09:33:00+00:00,4634.58,4635.14,4632.48,4632.5,298.0
2026-04-28 09:34:00+00:00,4632.89,4632.67,4625.92,4626.71,446.0
2026-04-28 09:35:00+00:00,4626.99,4630.19,4625.88,4628.32,461.0
2026-04-28 09:36:00+00:00,4628.61,4629.71,4627.85,4629.34,363.0
2026-04-28 09:37:00+00:00,4629.54,4630.07,4628.0,4628.64,291.0
2026-04-28 09:38:00+00:00,4628.88,4629.25,4626.09,4626.46,357.0
2026-04-28 09:39:00+00:00,4626.73,4628.39,4626.11,4627.64,313.0
2026-04-28 09:40:00+00:00,4627.85,4628.66,4626.88,4628.34,315.0
2026-04-28 09:41:00+00:00,4628.58,4628.9,4626.94,4628.33,266.0
2026-04-28 09:42:00+00:00,4628.6,4630.81,4628.33,4630.69,238.0
2026-04-28 09:43:00+00:00,4630.92,4633.24,4628.07,4628.41,499.0
2026-04-28 09:44:00+00:00,4628.62,4629.22,4627.64,4629.22,326.0
2026-04-28 09:45:00+00:00,4629.46,4629.3,4627.58,4628.62,327.0
2026-04-28 09:46:00+00:00,4628.94,4629.33,4627.54,4627.94,298.0
2026-04-28 09:47:00+00:00,4628.11,4628.1,4626.58,4627.08,290.0
2026-04-28 09:48:00+00:00,4627.29,4627.71,4626.07,4627.42,364.0
2026-04-28 09:49:00+00:00,4627.66,4628.33,4627.19,4628.06,296.0
2026-04-28 09:50:00+00:00,4628.33,4628.11,4623.48,4623.72,342.0
2026-04-28 09:51:00+00:00,4624.04,4627.03,4623.25,4626.66,381.0
2026-04-28 09:52:00+00:00,4626.93,4627.52,4625.35,4625.89,357.0
2026-04-28 09:53:00+00:00,4626.18,4627.0,4625.48,4626.53,260.0
2026-04-28 09:54:00+00:00,4626.82,4627.0,4625.27,4626.17,274.0
2026-04-28 09:55:00+00:00,4626.32,4626.29,4620.4,4621.83,470.0
2026-04-28 09:56:00+00:00,4622.02,4625.0,4621.75,4624.97,363.0
2026-04-28 09:57:00+00:00,4625.24,4631.03,4624.75,4630.38,489.0
2026-04-28 09:58:00+00:00,4630.57,4633.61,4629.67,4631.41,503.0
2026-04-28 09:59:00+00:00,4631.53,4633.04,4630.97,4632.94,362.0
2026-04-28 10:00:00+00:00,4633.2,4633.25,4625.0,4626.63,880.0
2026-04-28 10:01:00+00:00,4626.92,4626.8,4620.98,4623.3,752.0
2026-04-28 10:02:00+00:00,4623.575,4623.55,4619.14,4619.89,524.0
2026-04-28 10:03:00+00:00,4620.1,4620.47,4617.22,4618.95,511.0
2026-04-28 10:04:00+00:00,4619.3,4621.01,4617.92,4620.04,420.0
2026-04-28 10:05:00+00:00,4620.355,4620.03,4618.03,4618.51,463.0
2026-04-28 10:06:00+00:00,4618.82,4622.63,4615.85,4622.63,601.0
2026-04-28 10:07:00+00:00,4622.94,4622.69,4618.64,4619.8,415.0
2026-04-28 10:08:00+00:00,4619.98,4621.68,4619.24,4621.53,367.0
2026-04-28 10:09:00+00:00,4621.82,4624.53,4621.36,4621.5,415.0
2026-04-28 10:10:00+00:00,4621.91,4623.11,4620.25,4621.72,362.0
2026-04-28 10:11:00+00:00,4621.98,4622.2,4614.46,4617.2,512.0
2026-04-28 10:12:00+00:00,4617.42,4619.38,4615.78,4619.05,473.0
2026-04-28 10:13:00+00:00,4619.4,4620.24,4617.33,4620.09,422.0
2026-04-28 10:14:00+00:00,4620.36,4621.16,4618.73,4620.06,455.0
2026-04-28 10:15:00+00:00,4620.44,4621.46,4619.66,4620.86,387.0
2026-04-28 10:16:00+00:00,4621.19,4622.73,4620.53,4621.44,381.0
2026-04-28 10:17:00+00:00,4621.74,4621.84,4618.89,4620.44,362.0
2026-04-28 10:18:00+00:00,4620.7,4622.68,4620.45,4622.52,388.0
2026-04-28 10:19:00+00:00,4622.72,4623.58,4621.5,4621.7,322.0
2026-04-28 10:20:00+00:00,4622.03,4623.55,4621.02,4622.96,373.0
2026-04-28 10:21:00+00:00,4623.22,4623.05,4620.7,4620.73,329.0
2026-04-28 10:22:00+00:00,4620.95,4622.08,4619.95,4619.98,356.0
2026-04-28 10:23:00+00:00,4620.22,4621.14,4619.09,4621.1,413.0
2026-04-28 10:24:00+00:00,4621.37,4622.26,4620.27,4621.3,413.0
2026-04-28 10:25:00+00:00,4621.64,4622.85,4620.16,4621.67,305.0
2026-04-28 10:26:00+00:00,4621.83,4622.78,4620.84,4622.74,276.0
2026-04-28 10:27:00+00:00,4622.89,4623.2,4621.56,4622.54,278.0
2026-04-28 10:28:00+00:00,4622.78,4623.27,4620.79,4623.26,291.0
2026-04-28 10:29:00+00:00,4623.63,4626.8,4623.38,4626.7,414.0
2026-04-28 10:30:00+00:00,4626.92,4630.34,4626.49,4629.75,561.0
2026-04-28 10:31:00+00:00,4630.175,4631.68,4629.69,4631.6,393.0
2026-04-28 10:32:00+00:00,4631.96,4634.31,4631.25,4634.04,406.0
2026-04-28 10:33:00+00:00,4634.325,4635.24,4632.93,4634.85,481.0
2026-04-28 10:34:00+00:00,4635.07,4634.95,4631.96,4632.43,308.0
2026-04-28 10:35:00+00:00,4632.75,4632.52,4630.06,4631.15,336.0
2026-04-28 10:36:00+00:00,4631.36,4631.28,4628.79,4629.78,255.0
2026-04-28 10:37:00+00:00,4630.01,4631.39,4629.66,4630.67,355.0
2026-04-28 10:38:00+00:00,4630.91,4630.91,4629.84,4630.33,304.0
2026-04-28 10:39:00+00:00,4630.695,4631.4,4628.46,4628.95,309.0
2026-04-28 10:40:00+00:00,4629.22,4629.36,4627.28,4627.87,256.0
2026-04-28 10:41:00+00:00,4628.13,4628.17,4626.73,4627.54,262.0
2026-04-28 10:42:00+00:00,4627.78,4627.97,4626.8,4627.43,226.0
2026-04-28 10:43:00+00:00,4627.67,4628.51,4626.83,4628.23,274.0
2026-04-28 10:44:00+00:00,4628.59,4630.41,4627.27,4627.96,484.0
2026-04-28 10:45:00+00:00,4628.28,4628.36,4626.83,4627.95,302.0
2026-04-28 10:46:00+00:00,4628.18,4629.11,4626.82,4628.85,282.0
2026-04-28 10:47:00+00:00,4629.06,4628.82,4627.48,4628.02,253.0
2026-04-28 10:48:00+00:00,4628.26,4628.01,4624.75,4626.16,336.0
2026-04-28 10:49:00+00:00,4626.4,4626.5,4625.08,4625.83,254.0
2026-04-28 10:50:00+00:00,4626.06,4626.72,4625.33,4625.89,231.0
2026-04-28 10:51:00+00:00,4626.22,4626.23,4625.47,4625.92,198.0
2026-04-28 10:52:00+00:00,4626.19,4627.81,4625.84,4626.92,265.0
2026-04-28 10:53:00+00:00,4627.13,4629.32,4626.84,4628.71,411.0
2026-04-28 10:54:00+00:00,4629.055,4629.03,4627.15,4627.35,254.0
2026-04-28 10:55:00+00:00,4627.68,4628.18,4626.64,4626.77,213.0
2026-04-28 10:56:00+00:00,4627.01,4630.05,4626.76,4628.46,287.0
2026-04-28 10:57:00+00:00,4628.76,4629.12,4627.46,4628.97,268.0
2026-04-28 10:58:00+00:00,4629.29,4629.66,4628.72,4629.07,244.0
2026-04-28 10:59:00+00:00,4629.31,4630.56,4628.86,4629.53,252.0
2026-04-28 11:00:00+00:00,4629.72,4629.87,4626.4,4626.64,465.0
2026-04-28 11:01:00+00:00,4626.97,4627.43,4625.53,4625.56,273.0
2026-04-28 11:02:00+00:00,4625.9,4627.03,4624.55,4626.84,314.0
2026-04-28 11:03:00+00:00,4627.04,4628.0,4622.42,4622.89,497.0
2026-04-28 11:04:00+00:00,4623.15,4623.34,4621.42,4622.35,315.0
2026-04-28 11:05:00+00:00,4622.755,4622.99,4621.43,4622.11,283.0
2026-04-28 11:06:00+00:00,4622.29,4624.82,4621.73,4624.52,273.0
2026-04-28 11:07:00+00:00,4624.72,4625.64,4622.8,4625.62,292.0
2026-04-28 11:08:00+00:00,4625.88,4626.24,4624.65,4625.22,299.0
2026-04-28 11:09:00+00:00,4625.45,4627.43,4625.13,4627.01,308.0
2026-04-28 11:10:00+00:00,4627.29,4627.62,4625.81,4625.81,273.0
2026-04-28 11:11:00+00:00,4625.98,4625.88,4623.99,4624.86,275.0
2026-04-28 11:12:00+00:00,4625.165,4627.43,4624.63,4627.43,262.0
2026-04-28 11:13:00+00:00,4627.62,4627.79,4625.66,4627.79,277.0
2026-04-28 11:14:00+00:00,4628.03,4627.78,4624.84,4625.28,224.0
2026-04-28 11:15:00+00:00,4625.49,4625.24,4621.87,4622.13,317.0
2026-04-28 11:16:00+00:00,4622.41,4625.32,4621.68,4624.15,375.0
2026-04-28 11:17:00+00:00,4624.41,4625.04,4623.48,4624.95,298.0
2026-04-28 11:18:00+00:00,4625.31,4625.82,4623.23,4624.5,490.0
2026-04-28 11:19:00+00:00,4624.77,4624.54,4621.6,4621.9,262.0
2026-04-28 11:20:00+00:00,4622.11,4622.09,4619.04,4619.74,328.0
2026-04-28 11:21:00+00:00,4620.03,4619.78,4617.3,4617.54,271.0
2026-04-28 11:22:00+00:00,4617.875,4617.5,4614.58,4615.41,335.0
2026-04-28 11:23:00+00:00,4615.55,4615.52,4613.47,4615.07,360.0
2026-04-28 11:24:00+00:00,4615.39,4616.54,4613.63,4616.07,512.0
2026-04-28 11:25:00+00:00,4616.315,4616.41,4612.66,4614.05,381.0
2026-04-28 11:26:00+00:00,4614.28,4617.7,4613.62,4617.0,314.0
2026-04-28 11:27:00+00:00,4617.27,4618.15,4616.54,4617.57,325.0
2026-04-28 11:28:00+00:00,4617.76,4618.77,4617.01,4618.07,341.0
2026-04-28 11:29:00+00:00,4618.28,4618.03,4615.13,4617.98,442.0
2026-04-28 11:30:00+00:00,4618.2,4618.88,4612.48,4615.45,576.0
2026-04-28 11:31:00+00:00,4615.815,4616.14,4613.88,4614.21,286.0
2026-04-28 11:32:00+00:00,4614.44,4614.99,4611.7,4612.54,357.0
2026-04-28 11:33:00+00:00,4613.055,4612.86,4610.71,4611.17,413.0
2026-04-28 11:34:00+00:00,4611.44,4612.73,4611.08,4611.76,380.0
2026-04-28 11:35:00+00:00,4611.97,4614.5,4609.46,4610.82,663.0
2026-04-28 11:36:00+00:00,4611.03,4611.7,4609.55,4610.82,346.0
2026-04-28 11:37:00+00:00,4611.08,4610.98,4609.9,4610.22,316.0
2026-04-28 11:38:00+00:00,4610.48,4613.64,4609.51,4612.13,413.0
2026-04-28 11:39:00+00:00,4612.32,4612.11,4609.61,4610.45,347.0
2026-04-28 11:40:00+00:00,4610.55,4610.36,4608.47,4609.08,324.0
2026-04-28 11:41:00+00:00,4609.34,4610.51,4608.78,4609.25,285.0
2026-04-28 11:42:00+00:00,4609.51,4610.52,4608.1,4608.45,324.0
2026-04-28 11:43:00+00:00,4608.61,4609.16,4607.85,4609.08,322.0
2026-04-28 11:44:00+00:00,4609.31,4613.56,4608.99,4613.56,434.0
2026-04-28 11:45:00+00:00,4613.71,4613.99,4611.02,4613.09,287.0
2026-04-28 11:46:00+00:00,4613.35,4613.75,4612.5,4613.72,254.0
2026-04-28 11:47:00+00:00,4613.95,4615.07,4608.94,4609.13,509.0
2026-04-28 11:48:00+00:00,4609.49,4611.93,4608.14,4611.61,424.0
2026-04-28 11:49:00+00:00,4611.85,4612.6,4610.2,4610.34,324.0
2026-04-28 11:50:00+00:00,4610.47,4611.51,4609.53,4611.51,338.0
2026-04-28 11:51:00+00:00,4611.8,4612.76,4610.99,4612.4,280.0
2026-04-28 11:52:00+00:00,4612.67,4612.42,4610.25,4611.06,319.0
2026-04-28 11:53:00+00:00,4611.28,4612.16,4609.94,4611.25,322.0
2026-04-28 11:54:00+00:00,4611.49,4611.98,4610.32,4611.2,273.0
2026-04-28 11:55:00+00:00,4611.47,4611.76,4609.15,4609.98,306.0
2026-04-28 11:56:00+00:00,4610.24,4610.24,4606.79,4608.71,318.0
2026-04-28 11:57:00+00:00,4609.09,4608.84,4604.6,4604.67,398.0
2026-04-28 11:58:00+00:00,4605.055,4605.85,4604.42,4604.61,337.0
2026-04-28 11:59:00+00:00,4605.085,4605.99,4604.48,4604.68,276.0
2026-04-28 12:00:00+00:00,4604.8,4610.11,4604.25,4609.6,448.0
2026-04-28 12:01:00+00:00,4610.0,4611.8,4609.36,4611.73,374.0
2026-04-28 12:02:00+00:00,4612.045,4612.11,4611.04,4611.17,304.0
2026-04-28 12:03:00+00:00,4611.43,4611.3,4608.8,4608.89,263.0
2026-04-28 12:04:00+00:00,4609.17,4609.8,4607.05,4607.47,305.0
2026-04-28 12:05:00+00:00,4607.74,4608.68,4606.54,4606.74,273.0
2026-04-28 12:06:00+00:00,4607.04,4609.4,4605.73,4609.25,306.0
2026-04-28 12:07:00+00:00,4609.42,4609.34,4607.48,4608.1,309.0
2026-04-28 12:08:00+00:00,4608.36,4611.41,4608.1,4610.47,306.0
2026-04-28 12:09:00+00:00,4610.75,4610.75,4609.35,4609.73,263.0
2026-04-28 12:10:00+00:00,4610.01,4610.28,4608.84,4609.98,305.0
2026-04-28 12:11:00+00:00,4610.17,4611.32,4609.9,4610.83,250.0
2026-04-28 12:12:00+00:00,4611.18,4611.3,4610.5,4610.95,255.0
2026-04-28 12:13:00+00:00,4611.22,4612.91,4610.88,4612.47,252.0
2026-04-28 12:14:00+00:00,4612.68,4613.43,4611.63,4612.52,242.0
2026-04-28 12:15:00+00:00,4612.75,4612.5,4610.92,4611.64,240.0
2026-04-28 12:16:00+00:00,4611.93,4613.51,4611.48,4613.47,246.0
2026-04-28 12:17:00+00:00,4613.71,4613.75,4612.24,4612.48,257.0
2026-04-28 12:18:00+00:00,4612.81,4613.05,4610.72,4611.52,282.0
2026-04-28 12:19:00+00:00,4611.76,4615.52,4611.37,4614.41,371.0
2026-04-28 12:20:00+00:00,4614.65,4616.32,4614.05,4615.1,345.0
2026-04-28 12:21:00+00:00,4615.34,4616.13,4614.63,4615.58,279.0
2026-04-28 12:22:00+00:00,4615.86,4615.8,4612.23,4612.32,337.0
2026-04-28 12:23:00+00:00,4612.56,4613.4,4611.62,4613.36,286.0
2026-04-28 12:24:00+00:00,4613.62,4613.59,4612.25,4612.53,255.0
2026-04-28 12:25:00+00:00,4612.75,4612.85,4611.68,4611.74,237.0
2026-04-28 12:26:00+00:00,4612.0,4611.8,4610.71,4611.18,237.0
2026-04-28 12:27:00+00:00,4611.49,4611.7,4611.04,4611.34,171.0
2026-04-28 12:28:00+00:00,4611.6,4613.35,4611.27,4611.47,308.0
2026-04-28 12:29:00+00:00,4611.64,4612.35,4610.82,4611.41,233.0
2026-04-28 12:30:00+00:00,4611.63,4614.21,4610.77,4613.8,276.0
2026-04-28 12:31:00+00:00,4614.145,4614.77,4612.97,4613.24,257.0
2026-04-28 12:32:00+00:00,4613.48,4614.14,4612.78,4613.48,272.0
2026-04-28 12:33:00+00:00,4613.7,4614.14,4611.78,4613.71,300.0
2026-04-28 12:34:00+00:00,4613.95,4613.7,4612.04,4612.29,249.0
2026-04-28 12:35:00+00:00,4612.47,4613.46,4611.81,4613.22,249.0
2026-04-28 12:36:00+00:00,4613.46,4614.44,4612.39,4614.21,317.0
2026-04-28 12:37:00+00:00,4614.505,4615.01,4613.9,4614.26,265.0
2026-04-28 12:38:00+00:00,4614.59,4614.81,4613.17,4613.22,247.0
2026-04-28 12:39:00+00:00,4613.39,4614.52,4612.92,4614.52,242.0
2026-04-28 12:40:00+00:00,4614.69,4615.45,4614.2,4614.97,258.0
2026-04-28 12:41:00+00:00,4615.19,4615.41,4613.85,4614.53,241.0
2026-04-28 12:42:00+00:00,4614.79,4615.42,4614.24,4615.42,150.0
2026-04-28 12:43:00+00:00,4615.63,4615.73,4614.11,4614.11,230.0
2026-04-28 12:44:00+00:00,4614.35,4614.3,4612.57,4613.02,283.0
2026-04-28 12:45:00+00:00,4613.26,4613.71,4612.21,4612.98,311.0
2026-04-28 12:46:00+00:00,4613.22,4614.74,4612.49,4614.54,243.0
2026-04-28 12:47:00+00:00,4614.8,4614.63,4612.65,4613.34,255.0
2026-04-28 12:48:00+00:00,4613.68,4613.48,4610.98,4611.48,285.0
2026-04-28 12:49:00+00:00,4611.875,4615.51,4611.48,4613.41,452.0
2026-04-28 12:50:00+00:00,4613.665,4614.03,4612.27,4612.59,262.0
2026-04-28 12:51:00+00:00,4612.81,4613.35,4610.9,4610.93,223.0
2026-04-28 12:52:00+00:00,4611.19,4610.95,4608.75,4609.42,291.0
2026-04-28 12:53:00+00:00,4609.65,4610.86,4607.89,4609.79,336.0
2026-04-28 12:54:00+00:00,4610.02,4610.18,4608.74,4609.42,232.0
2026-04-28 12:55:00+00:00,4609.68,4609.94,4608.42,4608.71,224.0
2026-04-28 12:56:00+00:00,4609.065,4609.63,4608.09,4608.09,272.0
2026-04-28 12:57:00+00:00,4608.36,4609.61,4606.84,4607.3,381.0
2026-04-28 12:58:00+00:00,4607.665,4607.31,4603.27,4604.63,459.0
2026-04-28 12:59:00+00:00,4605.025,4605.77,4603.06,4603.06,365.0
2026-04-28 13:00:00+00:00,4603.23,4604.67,4601.68,4603.56,628.0
2026-04-28 13:01:00+00:00,4603.89,4606.57,4603.25,4605.02,602.0
2026-04-28 13:02:00+00:00,4605.51,4608.57,4605.02,4606.77,352.0
2026-04-28 13:03:00+00:00,4607.05,4608.02,4605.8,4606.76,369.0
2026-04-28 13:04:00+00:00,4606.98,4607.27,4604.25,4605.35,412.0
2026-04-28 13:05:00+00:00,4605.63,4605.77,4603.76,4605.12,427.0
2026-04-28 13:06:00+00:00,4605.35,4606.09,4603.84,4604.78,400.0
2026-04-28 13:07:00+00:00,4605.07,4604.83,4600.52,4602.24,501.0
2026-04-28 13:08:00+00:00,4602.47,4602.94,4600.99,4602.77,340.0
2026-04-28 13:09:00+00:00,4603.1,4602.95,4601.28,4601.83,378.0
2026-04-28 13:10:00+00:00,4602.11,4602.25,4601.22,4601.23,310.0
2026-04-28 13:11:00+00:00,4601.47,4601.54,4598.91,4599.7,373.0
2026-04-28 13:12:00+00:00,4599.97,4600.68,4599.04,4600.17,315.0
2026-04-28 13:13:00+00:00,4600.585,4600.4,4598.87,4599.18,264.0
2026-04-28 13:14:00+00:00,4599.32,4599.28,4597.71,4598.27,311.0
2026-04-28 13:15:00+00:00,4598.625,4598.82,4597.41,4598.55,323.0
2026-04-28 13:16:00+00:00,4598.81,4598.57,4596.45,4597.78,353.0
2026-04-28 13:17:00+00:00,4598.01,4600.08,4596.68,4598.82,437.0
2026-04-28 13:18:00+00:00,4599.165,4599.07,4595.41,4597.29,485.0
2026-04-28 13:19:00+00:00,4597.55,4599.07,4597.02,4597.21,360.0
2026-04-28 13:20:00+00:00,4597.45,4597.24,4594.22,4595.85,423.0
2026-04-28 13:21:00+00:00,4596.12,4597.01,4593.95,4596.26,416.0
2026-04-28 13:22:00+00:00,4596.49,4600.01,4596.22,4599.93,358.0
2026-04-28 13:23:00+00:00,4600.26,4603.11,4599.46,4603.11,344.0
2026-04-28 13:24:00+00:00,4603.335,4603.97,4600.95,4601.62,408.0
2026-04-28 13:25:00+00:00,4601.86,4602.59,4600.76,4602.53,279.0
2026-04-28 13:26:00+00:00,4602.82,4603.07,4601.78,4602.28,296.0
2026-04-28 13:27:00+00:00,4602.52,4603.0,4598.71,4599.26,342.0
2026-04-28 13:28:00+00:00,4599.5,4600.38,4598.11,4599.57,305.0
2026-04-28 13:29:00+00:00,4599.955,4600.09,4598.47,4599.25,342.0
2026-04-28 13:30:00+00:00,4599.41,4599.68,4595.6,4595.71,368.0
2026-04-28 13:31:00+00:00,4595.98,4595.86,4592.39,4592.83,454.0
2026-04-28 13:32:00+00:00,4593.12,4594.49,4592.57,4592.96,404.0
2026-04-28 13:33:00+00:00,4593.27,4593.21,4590.98,4591.57,365.0
2026-04-28 13:34:00+00:00,4591.84,4592.19,4588.89,4590.65,400.0
2026-04-28 13:35:00+00:00,4590.91,4591.46,4587.88,4587.88,367.0
2026-04-28 13:36:00+00:00,4588.09,4588.35,4580.23,4581.18,766.0
2026-04-28 13:37:00+00:00,4581.5,4581.25,4574.55,4575.92,862.0
2026-04-28 13:38:00+00:00,4576.275,4578.3,4574.0,4574.88,619.0
2026-04-28 13:39:00+00:00,4575.235,4574.98,4568.67,4569.86,715.0
2026-04-28 13:40:00+00:00,4570.145,4572.86,4567.95,4572.84,714.0
2026-04-28 13:41:00+00:00,4573.125,4572.98,4568.54,4572.61,661.0
2026-04-28 13:42:00+00:00,4572.83,4574.43,4569.41,4571.31,707.0
2026-04-28 13:43:00+00:00,4571.58,4571.59,4568.04,4570.28,624.0
2026-04-28 13:44:00+00:00,4570.51,4572.77,4569.93,4571.73,475.0
2026-04-28 13:45:00+00:00,4572.09,4573.91,4570.05,4571.4,624.0
2026-04-28 13:46:00+00:00,4571.805,4572.23,4565.75,4566.98,772.0
2026-04-28 13:47:00+00:00,4567.28,4568.71,4565.52,4567.9,584.0
2026-04-28 13:48:00+00:00,4568.12,4567.87,4560.41,4560.71,927.0
2026-04-28 13:49:00+00:00,4561.07,4562.26,4558.21,4558.84,917.0
2026-04-28 13:50:00+00:00,4559.01,4562.97,4555.48,4557.48,1062.0
2026-04-28 13:51:00+00:00,4557.77,4561.2,4555.77,4560.94,774.0
2026-04-28 13:52:00+00:00,4561.27,4561.47,4556.96,4556.96,538.0
2026-04-28 13:53:00+00:00,4557.2,4560.5,4555.38,4559.92,767.0
2026-04-28 13:54:00+00:00,4560.18,4560.57,4557.42,4559.23,545.0
2026-04-28 13:55:00+00:00,4559.32,4562.74,4558.06,4561.8,450.0
2026-04-28 13:56:00+00:00,4562.07,4564.05,4561.66,4563.74,468.0
2026-04-28 13:57:00+00:00,4564.02,4564.1,4558.69,4560.55,645.0
2026-04-28 13:58:00+00:00,4560.83,4563.18,4560.25,4560.39,416.0
2026-04-28 13:59:00+00:00,4560.61,4563.57,4560.23,4562.27,373.0
2026-04-28 14:00:00+00:00,4562.72,4564.01,4556.98,4557.25,720.0
2026-04-28 14:01:00+00:00,4557.61,4557.47,4554.5,4557.47,622.0
2026-04-28 14:02:00+00:00,4557.7,4565.68,4556.93,4564.23,657.0
2026-04-28 14:03:00+00:00,4564.565,4567.95,4563.71,4567.52,582.0
2026-04-28 14:04:00+00:00,4568.01,4569.97,4564.96,4569.14,490.0
2026-04-28 14:05:00+00:00,4569.335,4573.05,4567.21,4572.64,651.0
2026-04-28 14:06:00+00:00,4572.895,4572.58,4570.19,4570.54,475.0
2026-04-28 14:07:00+00:00,4570.8,4572.2,4569.78,4569.78,479.0
2026-04-28 14:08:00+00:00,4570.06,4573.53,4569.71,4572.77,384.0
2026-04-28 14:09:00+00:00,4573.1,4573.19,4569.5,4569.91,507.0
2026-04-28 14:10:00+00:00,4570.08,4573.99,4569.47,4573.85,512.0
2026-04-28 14:11:00+00:00,4574.18,4576.49,4573.27,4575.2,513.0
2026-04-28 14:12:00+00:00,4575.47,4578.76,4574.93,4577.06,623.0
2026-04-28 14:13:00+00:00,4577.355,4579.55,4575.69,4579.16,408.0
2026-04-28 14:14:00+00:00,4579.52,4581.52,4578.82,4581.34,405.0
2026-04-28 14:15:00+00:00,4581.7,4583.6,4579.55,4583.59,401.0
2026-04-28 14:16:00+00:00,4583.895,4586.65,4583.5,4583.98,561.0
2026-04-28 14:17:00+00:00,4584.325,4584.8,4582.42,4583.48,413.0
2026-04-28 14:18:00+00:00,4583.65,4583.43,4577.55,4577.66,398.0
2026-04-28 14:19:00+00:00,4577.96,4579.83,4577.71,4579.11,373.0
2026-04-28 14:20:00+00:00,4579.35,4597.7,4578.64,4591.51,2321.0
2026-04-28 14:21:00+00:00,4591.74,4592.51,4580.21,4580.47,1021.0
2026-04-28 14:22:00+00:00,4580.71,4582.94,4578.1,4579.72,756.0
2026-04-28 14:23:00+00:00,4580.05,4582.09,4576.47,4581.19,659.0
2026-04-28 14:24:00+00:00,4581.685,4582.42,4577.2,4577.74,529.0
2026-04-28 14:25:00+00:00,4578.04,4578.34,4573.64,4574.79,632.0
2026-04-28 14:26:00+00:00,4575.02,4578.72,4574.45,4578.72,432.0
