timestamp,open,high,low,close,volume
2025-06-30 00:00:00+00:00,3273.25,3281.74,3247.06,3249.3,8259.0
2025-06-30 00:30:00+00:00,3249.52,3265.59,3248.81,3263.68,5054.0
2025-06-30 01:00:00+00:00,3263.8199999999997,3270.77,3263.67,3268.29,4271.0
2025-06-30 01:30:00+00:00,3268.4700000000003,3270.04,3262.8,3263.72,3901.0
2025-06-30 02:00:00+00:00,3263.8,3269.56,3263.0,3268.33,4471.0
2025-06-30 02:30:00+00:00,3268.51,3268.87,3262.61,3264.55,4518.0
2025-06-30 03:00:00+00:00,3264.63,3275.76,3259.44,3275.1,7724.0
2025-06-30 03:30:00+00:00,3275.26,3275.87,3271.01,3273.89,5711.0
2025-06-30 04:00:00+00:00,3274.0699999999997,3282.51,3273.63,3280.32,5850.0
2025-06-30 04:30:00+00:00,3280.48,3283.21,3277.26,3280.17,4369.0
2025-06-30 05:00:00+00:00,3280.3,3282.65,3278.15,3278.96,4350.0
2025-06-30 05:30:00+00:00,3279.01,3281.07,3277.89,3278.9,3114.0
2025-06-30 06:00:00+00:00,3279.09,3281.4,3276.92,3278.04,2895.0
2025-06-30 06:30:00+00:00,3278.26,3286.24,3278.06,3285.61,2832.0
2025-06-30 07:00:00+00:00,3285.71,3288.81,3284.64,3288.0,3586.0
2025-06-30 07:30:00+00:00,3288.17,3291.25,3286.2,3288.89,4548.0
2025-06-30 08:00:00+00:00,3289.05,3291.62,3287.8,3290.61,4482.0
2025-06-30 08:30:00+00:00,3290.75,3295.44,3289.28,3292.03,5191.0
2025-06-30 09:00:00+00:00,3292.12,3296.7,3291.0,3295.08,4781.0
2025-06-30 09:30:00+00:00,3295.2200000000003,3296.34,3290.67,3292.84,4476.0
2025-06-30 10:00:00+00:00,3292.9,3296.49,3291.12,3292.98,4779.0
2025-06-30 10:30:00+00:00,3293.16,3293.38,3288.11,3289.07,4297.0
2025-06-30 11:00:00+00:00,3289.21,3289.06,3281.37,3284.35,5504.0
2025-06-30 11:30:00+00:00,3284.51,3287.86,3277.4,3287.76,6396.0
2025-06-30 12:00:00+00:00,3287.92,3288.71,3284.58,3285.94,3533.0
2025-06-30 12:30:00+00:00,3286.1,3286.67,3282.4,3283.48,3822.0
2025-06-30 13:00:00+00:00,3283.7200000000003,3283.7,3274.63,3275.84,4956.0
2025-06-30 13:30:00+00:00,3276.01,3280.1,3274.49,3277.82,4943.0
2025-06-30 14:00:00+00:00,3277.99,3287.11,3277.84,3284.24,5176.0
2025-06-30 14:30:00+00:00,3284.37,3288.85,3281.4,3281.91,5648.0
2025-06-30 15:00:00+00:00,3282.0299999999997,3284.97,3278.69,3282.89,7172.0
2025-06-30 15:30:00+00:00,3282.96,3287.0,3277.91,3284.73,7654.0
2025-06-30 16:00:00+00:00,3284.81,3288.58,3279.19,3285.06,7641.0
2025-06-30 16:30:00+00:00,3285.1800000000003,3289.48,3283.96,3287.58,6049.0
2025-06-30 17:00:00+00:00,3287.67,3290.62,3283.59,3287.11,6102.0
2025-06-30 17:30:00+00:00,3287.24,3290.17,3285.93,3289.51,5014.0
2025-06-30 18:00:00+00:00,3289.64,3294.3,3289.03,3292.26,4695.0
2025-06-30 18:30:00+00:00,3292.4,3297.35,3292.25,3297.22,3842.0
2025-06-30 19:00:00+00:00,3297.31,3298.45,3294.37,3295.88,4225.0
2025-06-30 19:30:00+00:00,3296.04,3296.82,3292.04,3293.95,4262.0
2025-06-30 20:00:00+00:00,3294.13,3299.03,3292.55,3299.03,3938.0
2025-06-30 20:30:00+00:00,3299.2200000000003,3299.45,3297.52,3298.4,2966.0
2025-06-30 21:00:00+00:00,3298.54,3306.91,3297.99,3305.94,4599.0
2025-06-30 21:30:00+00:00,3306.1,3309.41,3305.2,3308.54,5638.0
2025-06-30 22:00:00+00:00,3308.6800000000003,3309.12,3306.64,3306.69,2379.0
2025-06-30 22:30:00+00:00,3306.85,3307.16,3302.26,3302.9,2271.0
2025-07-01 00:00:00+00:00,3303.9,3307.64,3302.26,3307.03,2124.0
2025-07-01 00:30:00+00:00,3307.19,3314.44,3305.84,3311.38,3510.0
2025-07-01 01:00:00+00:00,3311.52,3312.16,3308.51,3309.46,3377.0
2025-07-01 01:30:00+00:00,3309.6,3312.44,3308.76,3312.41,2523.0
2025-07-01 02:00:00+00:00,3312.5699999999997,3313.23,3309.89,3310.79,3726.0
2025-07-01 02:30:00+00:00,3310.9,3314.74,3310.75,3314.65,3231.0
2025-07-01 03:00:00+00:00,3314.75,3320.81,3313.84,3320.23,5294.0
2025-07-01 03:30:00+00:00,3320.39,3320.89,3315.83,3317.74,5304.0
2025-07-01 04:00:00+00:00,3317.88,3317.89,3314.34,3316.0,4180.0
2025-07-01 04:30:00+00:00,3316.23,3319.35,3315.17,3316.08,4616.0
2025-07-01 05:00:00+00:00,3316.19,3321.88,3315.71,3321.01,3873.0
2025-07-01 05:30:00+00:00,3321.2,3322.5,3317.99,3321.05,3203.0
2025-07-01 06:00:00+00:00,3321.19,3322.96,3318.9,3322.7,3323.0
2025-07-01 06:30:00+00:00,3322.84,3322.93,3321.96,3322.84,2077.0
2025-07-01 07:00:00+00:00,3322.98,3330.01,3322.82,3329.46,3870.0
2025-07-01 07:30:00+00:00,3329.63,3332.19,3328.2,3328.74,5368.0
2025-07-01 08:00:00+00:00,3328.85,3330.54,3325.02,3328.12,4835.0
2025-07-01 08:30:00+00:00,3328.25,3334.45,3327.28,3331.26,5036.0
2025-07-01 09:00:00+00:00,3331.4700000000003,3338.74,3330.67,3338.54,5719.0
2025-07-01 09:30:00+00:00,3338.73,3339.82,3333.47,3339.47,6662.0
2025-07-01 10:00:00+00:00,3339.56,3342.03,3336.76,3339.62,4653.0
2025-07-01 10:30:00+00:00,3339.7799999999997,3342.32,3337.41,3339.45,4348.0
2025-07-01 11:00:00+00:00,3339.61,3344.88,3338.11,3342.81,4626.0
2025-07-01 11:30:00+00:00,3343.01,3348.01,3342.61,3345.7,5331.0
2025-07-01 12:00:00+00:00,3345.87,3348.55,3344.33,3346.67,4221.0
2025-07-01 12:30:00+00:00,3346.84,3349.62,3345.17,3348.6,3914.0
2025-07-01 13:00:00+00:00,3348.76,3352.25,3348.32,3351.71,5681.0
2025-07-01 13:30:00+00:00,3351.9300000000003,3352.87,3346.97,3348.96,4743.0
2025-07-01 14:00:00+00:00,3349.13,3357.05,3348.24,3352.13,6440.0
2025-07-01 14:30:00+00:00,3352.24,3357.85,3349.95,3354.47,7453.0
2025-07-01 15:00:00+00:00,3354.61,3355.45,3346.01,3349.57,7318.0
2025-07-01 15:30:00+00:00,3349.6800000000003,3352.5,3344.42,3351.32,9528.0
2025-07-01 16:00:00+00:00,3351.6800000000003,3354.31,3347.21,3351.53,9854.0
2025-07-01 16:30:00+00:00,3351.69,3352.5,3343.57,3345.64,16194.0
2025-07-01 17:00:00+00:00,3345.77,3346.53,3338.76,3340.45,8463.0
2025-07-01 17:30:00+00:00,3340.56,3342.55,3336.95,3340.17,7396.0
2025-07-01 18:00:00+00:00,3340.33,3342.2,3337.65,3338.21,5057.0
2025-07-01 18:30:00+00:00,3338.35,3343.39,3337.57,3341.68,5231.0
2025-07-01 19:00:00+00:00,3341.8199999999997,3342.11,3336.88,3337.58,5127.0
2025-07-01 19:30:00+00:00,3337.84,3340.77,3337.1,3339.62,4496.0
2025-07-01 20:00:00+00:00,3339.79,3339.75,3337.49,3337.88,3689.0
2025-07-01 20:30:00+00:00,3338.01,3338.98,3336.78,3337.88,2977.0
2025-07-01 21:00:00+00:00,3338.04,3340.03,3336.77,3338.2,3990.0
2025-07-01 21:30:00+00:00,3338.38,3338.88,3337.2,3337.99,4683.0
2025-07-01 22:00:00+00:00,3338.12,3338.57,3336.76,3337.99,1875.0
2025-07-01 22:30:00+00:00,3338.15,3340.28,3337.92,3338.82,1779.0
2025-07-02 00:00:00+00:00,3339.76,3343.28,3336.77,3342.2,2472.0
2025-07-02 00:30:00+00:00,3342.3199999999997,3343.68,3340.82,3341.48,2596.0
2025-07-02 01:00:00+00:00,3341.64,3341.82,3337.12,3340.11,2556.0
2025-07-02 01:30:00+00:00,3340.2799999999997,3341.37,3336.82,3338.02,2447.0
2025-07-02 02:00:00+00:00,3338.19,3344.84,3334.57,3339.16,5978.0
2025-07-02 02:30:00+00:00,3339.2799999999997,3339.65,3335.88,3338.86,3810.0
2025-07-02 03:00:00+00:00,3339.02,3342.83,3332.17,3335.1,6056.0
2025-07-02 03:30:00+00:00,3335.31,3335.77,3330.92,3332.15,4362.0
2025-07-02 04:00:00+00:00,3332.29,3333.21,3328.56,3330.82,5224.0
2025-07-02 04:30:00+00:00,3330.98,3338.05,3330.05,3336.65,4020.0
2025-07-02 05:00:00+00:00,3336.83,3340.36,3334.87,3339.38,3931.0
2025-07-02 05:30:00+00:00,3339.54,3342.01,3337.84,3339.85,3179.0
2025-07-02 06:00:00+00:00,3340.01,3341.92,3339.43,3339.9,2593.0
2025-07-02 06:30:00+00:00,3340.0299999999997,3341.36,3339.55,3340.04,2051.0
2025-07-02 07:00:00+00:00,3340.16,3343.23,3338.18,3342.82,3117.0
2025-07-02 07:30:00+00:00,3342.99,3343.79,3336.51,3338.66,4224.0
2025-07-02 08:00:00+00:00,3338.8199999999997,3339.23,3333.07,3335.68,4389.0
2025-07-02 08:30:00+00:00,3335.84,3335.69,3329.8,3333.37,4706.0
2025-07-02 09:00:00+00:00,3333.49,3333.34,3327.53,3330.0,5458.0
2025-07-02 09:30:00+00:00,3330.16,3336.71,3327.86,3334.59,5093.0
2025-07-02 10:00:00+00:00,3334.6800000000003,3337.64,3333.0,3336.64,3762.0
2025-07-02 10:30:00+00:00,3336.8,3337.93,3332.84,3333.51,4098.0
2025-07-02 11:00:00+00:00,3333.6,3339.31,3333.0,3338.96,4354.0
2025-07-02 11:30:00+00:00,3339.1800000000003,3342.19,3337.9,3341.59,4022.0
2025-07-02 12:00:00+00:00,3341.7200000000003,3344.49,3340.54,3343.13,3292.0
2025-07-02 12:30:00+00:00,3343.25,3345.6,3342.71,3344.25,3049.0
2025-07-02 13:00:00+00:00,3344.45,3347.63,3341.47,3343.91,3973.0
2025-07-02 13:30:00+00:00,3344.0699999999997,3344.82,3339.68,3342.14,3754.0
2025-07-02 14:00:00+00:00,3342.25,3350.4,3337.68,3346.48,8314.0
2025-07-02 14:30:00+00:00,3346.66,3351.06,3342.82,3346.57,7001.0
2025-07-02 15:00:00+00:00,3346.73,3346.58,3341.34,3344.89,7299.0
2025-07-02 15:30:00+00:00,3344.98,3345.42,3334.86,3337.35,9081.0
2025-07-02 16:00:00+00:00,3337.54,3339.45,3333.78,3337.84,7333.0
2025-07-02 16:30:00+00:00,3337.9,3343.42,3337.0,3342.9,6178.0
2025-07-02 17:00:00+00:00,3343.06,3343.66,3338.68,3341.94,6214.0
2025-07-02 17:30:00+00:00,3342.13,3343.17,3339.66,3340.91,4957.0
2025-07-02 18:00:00+00:00,3341.08,3348.08,3340.88,3345.77,4916.0
2025-07-02 18:30:00+00:00,3345.9300000000003,3349.08,3344.17,3348.58,4282.0
2025-07-02 19:00:00+00:00,3348.67,3350.44,3347.34,3348.8,3514.0
2025-07-02 19:30:00+00:00,3348.89,3349.84,3347.45,3349.7,2896.0
2025-07-02 20:00:00+00:00,3349.84,3352.62,3348.46,3352.08,3242.0
2025-07-02 20:30:00+00:00,3352.2200000000003,3355.11,3351.42,3354.88,2787.0
2025-07-02 21:00:00+00:00,3355.02,3357.22,3354.57,3356.01,4567.0
2025-07-02 21:30:00+00:00,3356.17,3359.44,3355.46,3358.13,4782.0
2025-07-02 22:00:00+00:00,3358.3199999999997,3359.95,3357.41,3358.09,1803.0
2025-07-02 22:30:00+00:00,3358.23,3358.82,3355.5,3357.01,1650.0
2025-07-03 00:00:00+00:00,3357.8,3365.63,3357.2,3364.55,2721.0
2025-07-03 00:30:00+00:00,3364.71,3365.04,3361.55,3361.88,2424.0
2025-07-03 01:00:00+00:00,3362.02,3362.2,3348.76,3350.43,5020.0
2025-07-03 01:30:00+00:00,3350.5299999999997,3352.19,3348.82,3349.25,3390.0
2025-07-03 02:00:00+00:00,3349.45,3349.76,3344.81,3346.37,4640.0
2025-07-03 02:30:00+00:00,3346.54,3346.42,3343.46,3344.64,3370.0
2025-07-03 03:00:00+00:00,3344.84,3347.04,3341.84,3343.42,4420.0
2025-07-03 03:30:00+00:00,3343.54,3348.12,3342.55,3345.91,3941.0
2025-07-03 04:00:00+00:00,3346.0699999999997,3349.11,3345.68,3346.91,3312.0
2025-07-03 04:30:00+00:00,3347.13,3351.34,3346.69,3350.94,3347.0
2025-07-03 05:00:00+00:00,3351.15,3351.36,3345.8,3347.01,3265.0
2025-07-03 05:30:00+00:00,3347.23,3348.16,3345.44,3347.41,2377.0
2025-07-03 06:00:00+00:00,3347.5699999999997,3350.51,3347.35,3349.25,2124.0
2025-07-03 06:30:00+00:00,3349.41,3351.72,3348.7,3350.72,2549.0
2025-07-03 07:00:00+00:00,3350.83,3354.07,3350.09,3352.72,2579.0
2025-07-03 07:30:00+00:00,3352.88,3360.31,3350.99,3359.22,5363.0
2025-07-03 08:00:00+00:00,3359.36,3363.55,3357.13,3360.0,4974.0
2025-07-03 08:30:00+00:00,3360.21,3361.95,3356.54,3361.78,4364.0
2025-07-03 09:00:00+00:00,3361.92,3363.01,3354.27,3356.22,4437.0
2025-07-03 09:30:00+00:00,3356.34,3359.33,3352.54,3352.97,4719.0
2025-07-03 10:00:00+00:00,3353.13,3355.13,3351.68,3355.02,4020.0
2025-07-03 10:30:00+00:00,3355.15,3358.29,3353.72,3356.14,3773.0
2025-07-03 11:00:00+00:00,3356.25,3356.27,3349.91,3350.45,4068.0
2025-07-03 11:30:00+00:00,3350.5699999999997,3350.97,3343.79,3345.58,5218.0
2025-07-03 12:00:00+00:00,3345.75,3349.56,3344.77,3349.39,3536.0
2025-07-03 12:30:00+00:00,3349.55,3355.29,3348.91,3352.96,3862.0
2025-07-03 13:00:00+00:00,3353.13,3353.58,3346.93,3347.67,4212.0
2025-07-03 13:30:00+00:00,3347.85,3347.89,3342.96,3345.98,4065.0
2025-07-03 14:00:00+00:00,3346.11,3352.19,3342.94,3349.65,5464.0
2025-07-03 14:30:00+00:00,3349.81,3349.66,3311.51,3324.38,18783.0
2025-07-03 15:00:00+00:00,3324.58,3334.13,3322.03,3332.24,10823.0
2025-07-03 15:30:00+00:00,3332.4,3338.41,3330.64,3332.14,9221.0
2025-07-03 16:00:00+00:00,3332.31,3334.63,3323.41,3327.49,19686.0
2025-07-03 16:30:00+00:00,3327.58,3331.17,3323.53,3324.51,7287.0
2025-07-03 17:00:00+00:00,3324.64,3331.37,3323.07,3329.25,6064.0
2025-07-03 17:30:00+00:00,3329.35,3330.03,3326.35,3327.93,4680.0
2025-07-03 18:00:00+00:00,3328.09,3328.55,3325.68,3328.44,3899.0
2025-07-03 18:30:00+00:00,3328.61,3334.6,3328.46,3333.83,4849.0
2025-07-03 19:00:00+00:00,3333.9300000000003,3334.74,3332.29,3332.43,2660.0
2025-07-03 19:30:00+00:00,3332.63,3332.59,3328.82,3329.02,1782.0
2025-07-03 20:00:00+00:00,3329.19,3329.3,3327.83,3329.07,1216.0
2025-07-03 20:30:00+00:00,3329.21,3330.16,3328.37,3328.97,1223.0
2025-07-03 21:00:00+00:00,3329.11,3329.18,3326.99,3328.62,1268.0
2025-07-03 21:30:00+00:00,3328.7799999999997,3329.42,3328.25,3328.66,1196.0
2025-07-03 22:00:00+00:00,3328.83,3328.8,3325.78,3326.69,996.0
2025-07-03 22:30:00+00:00,3326.79,3327.31,3325.23,3325.97,1070.0
2025-07-04 00:00:00+00:00,3326.2,3327.02,3323.52,3325.05,1259.0
2025-07-04 00:30:00+00:00,3325.19,3329.55,3325.0,3329.07,1656.0
2025-07-04 01:00:00+00:00,3329.2,3331.36,3328.43,3330.56,1938.0
2025-07-04 01:30:00+00:00,3330.67,3331.94,3329.37,3330.84,2783.0
2025-07-04 02:00:00+00:00,3330.98,3331.08,3325.78,3328.33,3466.0
2025-07-04 02:30:00+00:00,3328.45,3330.68,3328.0,3328.94,3159.0
2025-07-04 03:00:00+00:00,3329.0299999999997,3334.27,3326.4,3332.5,4232.0
2025-07-04 03:30:00+00:00,3332.64,3332.63,3327.97,3330.02,4025.0
2025-07-04 04:00:00+00:00,3330.15,3331.86,3328.8,3331.46,3287.0
2025-07-04 04:30:00+00:00,3331.6,3332.33,3327.06,3327.28,3560.0
2025-07-04 05:00:00+00:00,3327.41,3333.0,3326.07,3332.85,3194.0
2025-07-04 05:30:00+00:00,3332.99,3338.87,3332.75,3338.29,3468.0
2025-07-04 06:00:00+00:00,3338.45,3342.21,3337.93,3340.7,3237.0
2025-07-04 06:30:00+00:00,3340.86,3341.83,3339.25,3340.75,2669.0
2025-07-04 07:00:00+00:00,3340.89,3342.09,3340.25,3340.26,2330.0
2025-07-04 07:30:00+00:00,3340.3199999999997,3340.49,3338.39,3339.42,3823.0
2025-07-04 08:00:00+00:00,3339.59,3345.0,3339.12,3344.06,5472.0
2025-07-04 08:30:00+00:00,3344.19,3344.04,3341.9,3342.57,3227.0
2025-07-04 09:00:00+00:00,3342.7799999999997,3343.6,3336.36,3337.42,4834.0
2025-07-04 09:30:00+00:00,3337.5,3343.25,3337.12,3342.86,4205.0
2025-07-04 10:00:00+00:00,3343.02,3344.07,3340.8,3342.83,3761.0
2025-07-04 10:30:00+00:00,3342.99,3344.15,3341.54,3342.76,2769.0
2025-07-04 11:00:00+00:00,3342.89,3342.98,3338.18,3338.19,3089.0
2025-07-04 11:30:00+00:00,3338.35,3338.63,3332.94,3334.39,4765.0
2025-07-04 12:00:00+00:00,3334.55,3336.18,3333.27,3334.25,3025.0
2025-07-04 12:30:00+00:00,3334.41,3338.0,3331.44,3336.75,3528.0
2025-07-04 13:00:00+00:00,3336.88,3337.36,3335.09,3337.19,2832.0
2025-07-04 13:30:00+00:00,3337.35,3337.76,3334.31,3334.69,2591.0
2025-07-04 14:00:00+00:00,3334.83,3337.71,3333.74,3335.09,3773.0
2025-07-04 14:30:00+00:00,3335.23,3336.9,3331.33,3333.87,3912.0
2025-07-04 15:00:00+00:00,3333.95,3335.63,3332.15,3333.98,3736.0
2025-07-04 15:30:00+00:00,3334.17,3337.92,3333.54,3333.77,4430.0
2025-07-04 16:00:00+00:00,3333.91,3334.09,3331.37,3333.72,3913.0
2025-07-04 16:30:00+00:00,3333.88,3334.02,3330.78,3333.17,2980.0
2025-07-04 17:00:00+00:00,3333.36,3333.85,3331.58,3332.19,2352.0
2025-07-04 17:30:00+00:00,3332.36,3333.34,3330.78,3332.35,1871.0
2025-07-04 18:00:00+00:00,3332.51,3334.2,3332.23,3333.77,2003.0
2025-07-04 18:30:00+00:00,3333.95,3337.43,3333.7,3337.04,1648.0
2025-07-07 00:00:00+00:00,3334.6000000000004,3342.67,3333.08,3333.62,3448.0
2025-07-07 00:30:00+00:00,3333.75,3336.14,3332.37,3333.34,2411.0
2025-07-07 01:00:00+00:00,3333.5,3334.39,3328.96,3330.76,3058.0
2025-07-07 01:30:00+00:00,3330.86,3330.71,3326.16,3328.76,3491.0
2025-07-07 02:00:00+00:00,3328.92,3329.54,3322.37,3323.94,4641.0
2025-07-07 02:30:00+00:00,3324.05,3326.48,3321.69,3326.48,4215.0
2025-07-07 03:00:00+00:00,3326.64,3327.58,3306.62,3312.11,9081.0
2025-07-07 03:30:00+00:00,3312.2,3319.97,3312.01,3316.48,5307.0
2025-07-07 04:00:00+00:00,3316.61,3317.67,3312.44,3314.65,4582.0
2025-07-07 04:30:00+00:00,3314.81,3315.41,3305.99,3308.84,5453.0
2025-07-07 05:00:00+00:00,3308.98,3315.19,3307.04,3313.05,4788.0
2025-07-07 05:30:00+00:00,3313.19,3313.92,3309.72,3310.79,3662.0
2025-07-07 06:00:00+00:00,3310.9700000000003,3312.25,3305.25,3307.34,4472.0
2025-07-07 06:30:00+00:00,3307.48,3309.34,3305.3,3307.65,4237.0
2025-07-07 07:00:00+00:00,3307.79,3312.3,3306.96,3309.08,4113.0
2025-07-07 07:30:00+00:00,3309.26,3315.06,3307.78,3313.31,5185.0
2025-07-07 08:00:00+00:00,3313.44,3315.07,3309.38,3311.83,5096.0
2025-07-07 08:30:00+00:00,3311.99,3312.45,3308.29,3309.88,5351.0
2025-07-07 09:00:00+00:00,3310.02,3313.2,3305.84,3311.88,5193.0
2025-07-07 09:30:00+00:00,3312.02,3311.87,3300.62,3302.15,5430.0
2025-07-07 10:00:00+00:00,3302.3199999999997,3310.57,3301.19,3310.42,5546.0
2025-07-07 10:30:00+00:00,3310.58,3312.62,3308.32,3310.04,4524.0
2025-07-07 11:00:00+00:00,3310.15,3311.81,3307.56,3307.61,4273.0
2025-07-07 11:30:00+00:00,3307.77,3310.41,3306.05,3308.87,4909.0
2025-07-07 12:00:00+00:00,3309.0299999999997,3310.65,3307.75,3308.18,4284.0
2025-07-07 12:30:00+00:00,3308.37,3308.7,3296.38,3301.99,7746.0
2025-07-07 13:00:00+00:00,3302.24,3307.48,3299.92,3302.24,6544.0
2025-07-07 13:30:00+00:00,3302.38,3305.79,3299.66,3301.75,6343.0
2025-07-07 14:00:00+00:00,3301.91,3307.73,3300.35,3302.74,7758.0
2025-07-07 14:30:00+00:00,3302.84,3312.51,3302.09,3309.54,7850.0
2025-07-07 15:00:00+00:00,3309.67,3312.38,3306.6,3311.6,5695.0
2025-07-07 15:30:00+00:00,3311.8,3316.99,3306.2,3316.38,9630.0
2025-07-07 16:00:00+00:00,3316.54,3319.04,3313.18,3314.6,7302.0
2025-07-07 16:30:00+00:00,3314.79,3321.24,3314.36,3317.9,11896.0
2025-07-07 17:00:00+00:00,3318.06,3320.1,3316.09,3318.63,4492.0
2025-07-07 17:30:00+00:00,3318.83,3321.92,3318.68,3320.75,4232.0
2025-07-07 18:00:00+00:00,3320.91,3326.84,3320.06,3324.71,5494.0
2025-07-07 18:30:00+00:00,3324.85,3327.96,3323.53,3327.36,5640.0
2025-07-07 19:00:00+00:00,3327.49,3333.83,3327.29,3332.31,5235.0
2025-07-07 19:30:00+00:00,3332.45,3335.72,3330.49,3331.95,5212.0
2025-07-07 20:00:00+00:00,3332.08,3332.3,3328.44,3330.13,4991.0
2025-07-07 20:30:00+00:00,3330.3199999999997,3335.62,3330.05,3334.29,3951.0
2025-07-07 21:00:00+00:00,3334.4300000000003,3338.99,3334.23,3338.4,3977.0
2025-07-07 21:30:00+00:00,3338.56,3340.3,3336.46,3336.98,4690.0
2025-07-07 22:00:00+00:00,3337.16,3337.36,3335.37,3336.39,2410.0
2025-07-07 22:30:00+00:00,3336.52,3338.03,3335.63,3336.24,1604.0
2025-07-08 00:00:00+00:00,3339.6,3345.69,3338.99,3342.09,2567.0
2025-07-08 00:30:00+00:00,3342.23,3342.73,3338.86,3339.63,2138.0
2025-07-08 01:00:00+00:00,3339.79,3339.96,3334.01,3336.11,2600.0
2025-07-08 01:30:00+00:00,3336.2799999999997,3337.27,3333.83,3334.55,2631.0
2025-07-08 02:00:00+00:00,3334.7200000000003,3337.2,3331.8,3332.67,5264.0
2025-07-08 02:30:00+00:00,3332.88,3335.26,3331.17,3334.15,4418.0
2025-07-08 03:00:00+00:00,3334.31,3335.52,3329.6,3333.92,5492.0
2025-07-08 03:30:00+00:00,3334.04,3336.88,3332.27,3334.71,5407.0
2025-07-08 04:00:00+00:00,3334.85,3336.21,3332.73,3335.86,4177.0
2025-07-08 04:30:00+00:00,3336.0299999999997,3337.94,3333.53,3334.4,4048.0
2025-07-08 05:00:00+00:00,3334.52,3335.41,3329.52,3331.53,3648.0
2025-07-08 05:30:00+00:00,3331.65,3332.97,3330.49,3331.42,2423.0
2025-07-08 06:00:00+00:00,3331.58,3332.67,3329.41,3329.78,2190.0
2025-07-08 06:30:00+00:00,3329.92,3331.38,3327.27,3329.48,3556.0
2025-07-08 07:00:00+00:00,3329.62,3336.42,3329.4,3335.57,3091.0
2025-07-08 07:30:00+00:00,3335.71,3336.46,3333.38,3334.0,3752.0
2025-07-08 08:00:00+00:00,3334.14,3335.06,3330.68,3334.51,4500.0
2025-07-08 08:30:00+00:00,3334.71,3335.95,3332.52,3335.69,3586.0
2025-07-08 09:00:00+00:00,3335.86,3339.39,3332.67,3333.0,4823.0
2025-07-08 09:30:00+00:00,3333.11,3335.41,3330.41,3333.87,4424.0
2025-07-08 10:00:00+00:00,3334.01,3333.86,3324.48,3328.42,6343.0
2025-07-08 10:30:00+00:00,3328.58,3329.54,3323.23,3323.63,4957.0
2025-07-08 11:00:00+00:00,3323.75,3326.69,3322.84,3324.7,4600.0
2025-07-08 11:30:00+00:00,3324.83,3326.09,3321.07,3321.96,4218.0
2025-07-08 12:00:00+00:00,3322.14,3324.81,3320.41,3323.24,3640.0
2025-07-08 12:30:00+00:00,3323.38,3327.02,3322.47,3324.55,3002.0
2025-07-08 13:00:00+00:00,3324.74,3327.37,3323.17,3324.78,3349.0
2025-07-08 13:30:00+00:00,3324.88,3325.96,3319.98,3324.95,4248.0
2025-07-08 14:00:00+00:00,3325.13,3329.56,3324.73,3327.25,5365.0
2025-07-08 14:30:00+00:00,3327.39,3329.79,3325.91,3328.14,4059.0
2025-07-08 15:00:00+00:00,3328.2799999999997,3328.57,3318.98,3325.57,7155.0
2025-07-08 15:30:00+00:00,3325.73,3326.77,3314.72,3315.17,10044.0
2025-07-08 16:00:00+00:00,3315.26,3315.78,3300.73,3304.91,11239.0
2025-07-08 16:30:00+00:00,3305.08,3304.93,3294.29,3296.48,10392.0
2025-07-08 17:00:00+00:00,3296.64,3298.26,3287.04,3296.48,10070.0
2025-07-08 17:30:00+00:00,3296.66,3300.26,3294.69,3298.1,5922.0
2025-07-08 18:00:00+00:00,3298.26,3301.23,3296.4,3299.97,5166.0
2025-07-08 18:30:00+00:00,3300.0699999999997,3301.5,3295.89,3300.42,6381.0
2025-07-08 19:00:00+00:00,3300.58,3310.29,3299.29,3307.97,8668.0
2025-07-08 19:30:00+00:00,3308.13,3308.86,3304.43,3306.27,5670.0
2025-07-08 20:00:00+00:00,3306.39,3308.07,3300.57,3301.59,4617.0
2025-07-08 20:30:00+00:00,3301.76,3306.71,3300.53,3305.29,3892.0
2025-07-08 21:00:00+00:00,3305.46,3306.07,3302.88,3303.3,3810.0
2025-07-08 21:30:00+00:00,3303.44,3305.72,3302.33,3302.85,4698.0
2025-07-08 22:00:00+00:00,3303.01,3303.62,3301.36,3302.12,2062.0
2025-07-08 22:30:00+00:00,3302.26,3302.91,3299.32,3301.6,1923.0
2025-07-09 00:00:00+00:00,3303.24,3303.96,3300.51,3301.73,2155.0
2025-07-09 00:30:00+00:00,3301.87,3302.75,3300.31,3301.51,2034.0
2025-07-09 01:00:00+00:00,3301.65,3303.86,3300.89,3301.31,2601.0
2025-07-09 01:30:00+00:00,3301.45,3302.7,3297.19,3302.25,3783.0
2025-07-09 02:00:00+00:00,3302.48,3307.9,3301.82,3304.62,4583.0
2025-07-09 02:30:00+00:00,3304.79,3307.01,3304.13,3307.01,2940.0
2025-07-09 03:00:00+00:00,3307.21,3307.09,3301.18,3306.18,4972.0
2025-07-09 03:30:00+00:00,3306.39,3307.21,3299.22,3301.76,4696.0
2025-07-09 04:00:00+00:00,3301.9,3302.8,3298.63,3302.54,4477.0
2025-07-09 04:30:00+00:00,3302.67,3302.87,3286.38,3288.47,6642.0
2025-07-09 05:00:00+00:00,3288.61,3294.12,3284.89,3292.04,5938.0
2025-07-09 05:30:00+00:00,3292.17,3294.66,3289.81,3293.26,2924.0
2025-07-09 06:00:00+00:00,3293.4,3296.03,3291.16,3295.62,2884.0
2025-07-09 06:30:00+00:00,3295.79,3296.29,3293.86,3293.9,2794.0
2025-07-09 07:00:00+00:00,3294.06,3297.73,3291.78,3292.27,3993.0
2025-07-09 07:30:00+00:00,3292.44,3294.25,3288.97,3289.36,5198.0
2025-07-09 08:00:00+00:00,3289.54,3291.12,3285.77,3287.35,5232.0
2025-07-09 08:30:00+00:00,3287.49,3292.66,3285.56,3292.19,5115.0
2025-07-09 09:00:00+00:00,3292.44,3294.1,3289.95,3290.69,4726.0
2025-07-09 09:30:00+00:00,3290.83,3295.9,3288.19,3291.84,5675.0
2025-07-09 10:00:00+00:00,3291.96,3292.55,3284.35,3285.79,5300.0
2025-07-09 10:30:00+00:00,3285.92,3289.49,3282.63,3284.99,4756.0
2025-07-09 11:00:00+00:00,3285.0699999999997,3290.16,3284.29,3288.03,4253.0
2025-07-09 11:30:00+00:00,3288.17,3290.21,3287.49,3289.0,3323.0
2025-07-09 12:00:00+00:00,3289.11,3292.04,3288.22,3290.1,3281.0
2025-07-09 12:30:00+00:00,3290.27,3295.86,3290.11,3295.42,3476.0
2025-07-09 13:00:00+00:00,3295.55,3295.83,3287.69,3287.69,3800.0
2025-07-09 13:30:00+00:00,3287.83,3289.13,3283.15,3284.82,4369.0
2025-07-09 14:00:00+00:00,3285.01,3293.08,3284.86,3290.73,5743.0
2025-07-09 14:30:00+00:00,3290.94,3297.46,3290.65,3296.29,5184.0
2025-07-09 15:00:00+00:00,3296.46,3299.36,3294.52,3295.49,5937.0
2025-07-09 15:30:00+00:00,3295.71,3305.17,3291.83,3300.17,10227.0
2025-07-09 16:00:00+00:00,3300.35,3308.76,3299.69,3307.07,8123.0
2025-07-09 16:30:00+00:00,3307.23,3312.81,3306.69,3312.24,13138.0
2025-07-09 17:00:00+00:00,3312.42,3312.79,3307.2,3308.43,5642.0
2025-07-09 17:30:00+00:00,3308.5699999999997,3310.64,3306.26,3309.55,4651.0
2025-07-09 18:00:00+00:00,3309.67,3311.92,3307.85,3311.47,4157.0
2025-07-09 18:30:00+00:00,3311.5,3313.19,3310.95,3311.8,3882.0
2025-07-09 19:00:00+00:00,3311.94,3314.54,3309.71,3312.33,4699.0
2025-07-09 19:30:00+00:00,3312.49,3312.94,3308.03,3309.43,4278.0
2025-07-09 20:00:00+00:00,3309.6,3313.67,3307.96,3311.64,4504.0
2025-07-09 20:30:00+00:00,3311.84,3313.49,3310.16,3311.37,4435.0
2025-07-09 21:00:00+00:00,3311.5299999999997,3316.75,3310.91,3314.38,4604.0
2025-07-09 21:30:00+00:00,3314.51,3316.65,3313.76,3315.57,4361.0
2025-07-09 22:00:00+00:00,3315.73,3315.76,3312.01,3312.71,2013.0
2025-07-09 22:30:00+00:00,3312.85,3314.24,3311.49,3313.4,1587.0
2025-07-10 00:00:00+00:00,3313.8199999999997,3320.85,3313.25,3320.19,2028.0
2025-07-10 00:30:00+00:00,3320.3199999999997,3321.05,3319.34,3319.5,1811.0
2025-07-10 01:00:00+00:00,3319.64,3319.66,3315.63,3317.98,2023.0
2025-07-10 01:30:00+00:00,3318.15,3318.62,3316.0,3317.54,1798.0
2025-07-10 02:00:00+00:00,3317.67,3319.62,3316.54,3319.02,3315.0
2025-07-10 02:30:00+00:00,3319.1800000000003,3321.84,3316.79,3317.62,4403.0
2025-07-10 03:00:00+00:00,3317.64,3324.4,3316.44,3324.07,5066.0
2025-07-10 03:30:00+00:00,3324.21,3326.27,3321.77,3322.13,3530.0
2025-07-10 04:00:00+00:00,3322.31,3323.55,3320.99,3322.42,2916.0
2025-07-10 04:30:00+00:00,3322.64,3323.22,3318.16,3319.09,3112.0
2025-07-10 05:00:00+00:00,3319.2799999999997,3320.13,3316.69,3317.7,2869.0
2025-07-10 05:30:00+00:00,3317.84,3320.06,3315.34,3315.65,2650.0
2025-07-10 06:00:00+00:00,3315.79,3317.45,3314.77,3315.94,2098.0
2025-07-10 06:30:00+00:00,3316.1,3322.44,3315.68,3322.14,2483.0
2025-07-10 07:00:00+00:00,3322.31,3325.0,3322.12,3322.69,2868.0
2025-07-10 07:30:00+00:00,3322.83,3323.95,3320.6,3321.04,3386.0
2025-07-10 08:00:00+00:00,3321.1800000000003,3328.34,3320.82,3324.77,4980.0
2025-07-10 08:30:00+00:00,3324.85,3325.84,3323.56,3325.21,2939.0
2025-07-10 09:00:00+00:00,3325.37,3329.32,3325.17,3327.11,4461.0
2025-07-10 09:30:00+00:00,3327.23,3327.81,3319.86,3321.0,3813.0
2025-07-10 10:00:00+00:00,3321.19,3322.26,3319.87,3321.77,3107.0
2025-07-10 10:30:00+00:00,3321.95,3330.02,3321.17,3328.62,3675.0
2025-07-10 11:00:00+00:00,3328.71,3330.15,3326.36,3326.42,3498.0
2025-07-10 11:30:00+00:00,3326.52,3327.06,3323.19,3326.38,3913.0
2025-07-10 12:00:00+00:00,3326.5699999999997,3326.78,3322.2,3325.25,3634.0
2025-07-10 12:30:00+00:00,3325.42,3328.69,3323.83,3325.21,4132.0
2025-07-10 13:00:00+00:00,3325.37,3330.14,3325.22,3328.23,4499.0
2025-07-10 13:30:00+00:00,3328.4300000000003,3329.04,3318.26,3320.35,5053.0
2025-07-10 14:00:00+00:00,3320.52,3321.87,3317.89,3320.79,4866.0
2025-07-10 14:30:00+00:00,3320.6,3326.02,3318.13,3323.73,5846.0
2025-07-10 15:00:00+00:00,3323.9300000000003,3329.42,3322.37,3324.19,8128.0
2025-07-10 15:30:00+00:00,3324.37,3328.23,3311.9,3312.7,9662.0
2025-07-10 16:00:00+00:00,3312.83,3321.45,3310.01,3313.18,8607.0
2025-07-10 16:30:00+00:00,3313.37,3318.68,3312.84,3314.87,6587.0
2025-07-10 17:00:00+00:00,3315.01,3321.39,3314.52,3320.77,5549.0
2025-07-10 17:30:00+00:00,3320.91,3321.17,3318.61,3319.57,5167.0
2025-07-10 18:00:00+00:00,3319.71,3319.84,3316.17,3316.29,4538.0
2025-07-10 18:30:00+00:00,3316.41,3316.26,3312.06,3315.03,4588.0
2025-07-10 19:00:00+00:00,3315.13,3318.57,3314.61,3316.74,4164.0
2025-07-10 19:30:00+00:00,3316.9,3318.43,3316.35,3317.29,3854.0
2025-07-10 20:00:00+00:00,3317.42,3318.99,3316.41,3317.96,4070.0
2025-07-10 20:30:00+00:00,3318.1,3321.78,3316.51,3321.38,3605.0
2025-07-10 21:00:00+00:00,3321.55,3325.9,3321.35,3324.22,4084.0
2025-07-10 21:30:00+00:00,3324.39,3325.44,3322.97,3324.9,4167.0
2025-07-10 22:00:00+00:00,3324.9300000000003,3325.29,3323.31,3324.17,1892.0
2025-07-10 22:30:00+00:00,3324.35,3324.67,3323.41,3323.8,1399.0
2025-07-11 00:00:00+00:00,3323.9,3326.4,3323.23,3325.39,2414.0
2025-07-11 00:30:00+00:00,3325.55,3325.57,3321.7,3323.16,2221.0
2025-07-11 01:00:00+00:00,3323.27,3324.85,3322.86,3324.46,1111.0
2025-07-11 01:30:00+00:00,3324.6,3326.24,3323.24,3323.73,2118.0
2025-07-11 02:00:00+00:00,3323.86,3328.01,3323.58,3327.6,4227.0
2025-07-11 02:30:00+00:00,3327.74,3336.01,3327.32,3330.57,6610.0
2025-07-11 03:00:00+00:00,3330.58,3331.53,3325.21,3328.41,6393.0
2025-07-11 03:30:00+00:00,3328.55,3331.27,3328.4,3329.47,4323.0
2025-07-11 04:00:00+00:00,3329.6800000000003,3332.59,3327.14,3330.88,4159.0
2025-07-11 04:30:00+00:00,3331.02,3334.98,3330.1,3332.53,3993.0
2025-07-11 05:00:00+00:00,3332.69,3335.93,3332.1,3335.8,3395.0
2025-07-11 05:30:00+00:00,3335.96,3335.81,3332.52,3333.67,2862.0
2025-07-11 06:00:00+00:00,3333.81,3335.27,3331.5,3331.59,2732.0
2025-07-11 06:30:00+00:00,3331.7200000000003,3332.43,3329.44,3331.93,2657.0
2025-07-11 07:00:00+00:00,3332.0699999999997,3341.56,3331.87,3340.19,4315.0
2025-07-11 07:30:00+00:00,3340.3199999999997,3340.26,3332.29,3333.92,6025.0
2025-07-11 08:00:00+00:00,3334.0299999999997,3343.68,3332.69,3342.79,5478.0
2025-07-11 08:30:00+00:00,3342.9300000000003,3343.35,3332.07,3332.33,5618.0
2025-07-11 09:00:00+00:00,3332.44,3335.03,3331.05,3334.51,6139.0
2025-07-11 09:30:00+00:00,3334.67,3342.08,3334.22,3341.78,4792.0
2025-07-11 10:00:00+00:00,3341.87,3343.65,3338.49,3338.56,5674.0
2025-07-11 10:30:00+00:00,3338.67,3340.01,3332.8,3333.0,5831.0
2025-07-11 11:00:00+00:00,3333.16,3335.64,3332.6,3333.91,4367.0
2025-07-11 11:30:00+00:00,3334.09,3339.97,3333.81,3339.45,4547.0
2025-07-11 12:00:00+00:00,3339.61,3345.83,3339.46,3345.66,5005.0
2025-07-11 12:30:00+00:00,3345.8,3348.17,3344.15,3344.88,5290.0
2025-07-11 13:00:00+00:00,3345.02,3348.29,3341.99,3344.94,5530.0
2025-07-11 13:30:00+00:00,3345.06,3350.22,3344.83,3347.51,5080.0
2025-07-11 14:00:00+00:00,3347.67,3350.16,3344.3,3346.95,6314.0
2025-07-11 14:30:00+00:00,3347.15,3356.99,3347.0,3355.04,8781.0
2025-07-11 15:00:00+00:00,3355.2,3358.3,3350.03,3352.99,8651.0
2025-07-11 15:30:00+00:00,3353.24,3359.11,3350.1,3351.84,12526.0
2025-07-11 16:00:00+00:00,3351.98,3355.46,3350.2,3355.16,10969.0
2025-07-11 16:30:00+00:00,3355.29,3363.74,3355.14,3361.04,9288.0
2025-07-11 17:00:00+00:00,3361.2,3368.63,3360.86,3365.86,7941.0
2025-07-11 17:30:00+00:00,3366.06,3366.21,3356.82,3358.83,8334.0
2025-07-11 18:00:00+00:00,3358.9700000000003,3359.66,3353.23,3355.2,7540.0
2025-07-11 18:30:00+00:00,3355.34,3356.27,3352.7,3353.71,5831.0
2025-07-11 19:00:00+00:00,3353.85,3354.03,3349.22,3349.65,5901.0
2025-07-11 19:30:00+00:00,3349.7799999999997,3353.62,3349.33,3353.27,5262.0
2025-07-11 20:00:00+00:00,3353.44,3358.02,3353.29,3355.6,5717.0
2025-07-11 20:30:00+00:00,3355.76,3358.44,3355.29,3356.06,4220.0
2025-07-11 21:00:00+00:00,3356.2,3359.28,3355.53,3358.27,5006.0
2025-07-11 21:30:00+00:00,3358.45,3359.81,3355.88,3356.17,4987.0
2025-07-11 22:00:00+00:00,3356.37,3356.65,3354.23,3354.32,1973.0
2025-07-11 22:30:00+00:00,3354.49,3358.89,3353.52,3355.75,2552.0
2025-07-14 00:00:00+00:00,3364.44,3370.54,3359.52,3370.41,5427.0
2025-07-14 00:30:00+00:00,3370.63,3371.05,3364.6,3369.25,3323.0
2025-07-14 01:00:00+00:00,3369.44,3373.86,3366.59,3368.2,3966.0
2025-07-14 01:30:00+00:00,3368.41,3369.63,3366.27,3367.73,3168.0
2025-07-14 02:00:00+00:00,3367.84,3372.11,3364.88,3370.5,6173.0
2025-07-14 02:30:00+00:00,3370.66,3373.2,3366.96,3367.58,4870.0
2025-07-14 03:00:00+00:00,3367.74,3370.1,3360.42,3361.24,7091.0
2025-07-14 03:30:00+00:00,3361.36,3361.95,3357.06,3358.69,5637.0
2025-07-14 04:00:00+00:00,3358.7799999999997,3359.09,3354.85,3359.0,5021.0
2025-07-14 04:30:00+00:00,3359.2,3359.49,3353.78,3357.34,5061.0
2025-07-14 05:00:00+00:00,3357.5299999999997,3359.51,3355.38,3357.0,4008.0
2025-07-14 05:30:00+00:00,3357.12,3358.39,3355.47,3356.88,3907.0
2025-07-14 06:00:00+00:00,3357.02,3357.27,3353.7,3356.11,4414.0
2025-07-14 06:30:00+00:00,3356.24,3361.57,3355.47,3359.67,4212.0
2025-07-14 07:00:00+00:00,3359.83,3360.33,3353.68,3355.73,4500.0
2025-07-14 07:30:00+00:00,3355.9,3358.9,3355.75,3357.54,5364.0
2025-07-14 08:00:00+00:00,3357.6800000000003,3361.19,3356.55,3360.21,5478.0
2025-07-14 08:30:00+00:00,3360.42,3369.58,3358.23,3368.82,5770.0
2025-07-14 09:00:00+00:00,3368.99,3374.51,3366.59,3374.48,6347.0
2025-07-14 09:30:00+00:00,3374.67,3374.92,3369.29,3371.86,5212.0
2025-07-14 10:00:00+00:00,3372.02,3372.5,3366.55,3367.4,5523.0
2025-07-14 10:30:00+00:00,3367.5299999999997,3368.59,3365.33,3365.87,4220.0
2025-07-14 11:00:00+00:00,3366.01,3369.0,3364.48,3366.93,3713.0
2025-07-14 11:30:00+00:00,3367.04,3370.29,3364.04,3370.16,4560.0
2025-07-14 12:00:00+00:00,3370.3199999999997,3374.55,3370.17,3370.44,5196.0
2025-07-14 12:30:00+00:00,3370.58,3372.34,3369.66,3371.97,3715.0
2025-07-14 13:00:00+00:00,3372.1800000000003,3372.97,3369.29,3369.42,4462.0
2025-07-14 13:30:00+00:00,3369.54,3371.52,3363.86,3364.03,5395.0
2025-07-14 14:00:00+00:00,3364.19,3366.5,3357.16,3357.94,6714.0
2025-07-14 14:30:00+00:00,3358.06,3358.71,3349.29,3349.99,7540.0
2025-07-14 15:00:00+00:00,3350.15,3355.69,3347.12,3355.35,7267.0
2025-07-14 15:30:00+00:00,3355.52,3358.94,3354.72,3355.25,7924.0
2025-07-14 16:00:00+00:00,3355.41,3356.23,3345.08,3351.98,8159.0
2025-07-14 16:30:00+00:00,3352.16,3352.35,3340.97,3342.94,8011.0
2025-07-14 17:00:00+00:00,3343.1,3349.36,3342.41,3346.98,6411.0
2025-07-14 17:30:00+00:00,3347.08,3349.65,3344.45,3345.06,5302.0
2025-07-14 18:00:00+00:00,3345.2,3348.44,3343.11,3348.31,4938.0
2025-07-14 18:30:00+00:00,3348.45,3349.19,3346.1,3347.69,4170.0
2025-07-14 19:00:00+00:00,3347.9,3350.97,3347.32,3350.42,4046.0
2025-07-14 19:30:00+00:00,3350.58,3351.63,3349.76,3350.95,4247.0
2025-07-14 20:00:00+00:00,3351.11,3351.14,3347.79,3349.06,3363.0
2025-07-14 20:30:00+00:00,3349.2200000000003,3350.9,3348.32,3348.84,3261.0
2025-07-14 21:00:00+00:00,3349.0,3350.46,3347.96,3348.14,4179.0
2025-07-14 21:30:00+00:00,3348.3,3348.39,3343.09,3344.03,4892.0
2025-07-14 22:00:00+00:00,3344.19,3345.53,3343.31,3344.76,2170.0
2025-07-14 22:30:00+00:00,3344.9,3345.17,3341.2,3343.3,1975.0
2025-07-15 00:00:00+00:00,3343.79,3344.65,3341.17,3343.99,1428.0
2025-07-15 00:30:00+00:00,3344.17,3345.59,3342.89,3345.59,1313.0
2025-07-15 01:00:00+00:00,3345.75,3346.36,3343.87,3344.68,1283.0
2025-07-15 01:30:00+00:00,3344.84,3346.49,3344.0,3345.21,1545.0
2025-07-15 02:00:00+00:00,3345.38,3347.86,3344.72,3347.44,2408.0
2025-07-15 02:30:00+00:00,3347.6,3349.29,3345.96,3347.52,2556.0
2025-07-15 03:00:00+00:00,3347.69,3349.8,3347.07,3348.32,3514.0
2025-07-15 03:30:00+00:00,3348.46,3350.55,3345.98,3346.47,3397.0
2025-07-15 04:00:00+00:00,3346.66,3351.98,3345.78,3350.01,3692.0
2025-07-15 04:30:00+00:00,3350.15,3351.07,3347.55,3350.76,3438.0
2025-07-15 05:00:00+00:00,3350.94,3355.96,3350.69,3354.53,4114.0
2025-07-15 05:30:00+00:00,3354.66,3358.26,3354.31,3357.82,2627.0
2025-07-15 06:00:00+00:00,3357.96,3361.03,3357.57,3360.17,3081.0
2025-07-15 06:30:00+00:00,3360.33,3361.28,3359.33,3360.14,2154.0
2025-07-15 07:00:00+00:00,3360.3,3364.47,3360.15,3363.51,2667.0
2025-07-15 07:30:00+00:00,3363.58,3365.1,3361.74,3362.09,3458.0
2025-07-15 08:00:00+00:00,3362.17,3363.99,3358.79,3359.77,4388.0
2025-07-15 08:30:00+00:00,3359.91,3362.71,3357.54,3358.07,4261.0
2025-07-15 09:00:00+00:00,3358.29,3363.13,3357.36,3362.67,4434.0
2025-07-15 09:30:00+00:00,3362.83,3365.16,3361.65,3364.2,3722.0
2025-07-15 10:00:00+00:00,3364.38,3365.51,3356.7,3357.68,5559.0
2025-07-15 10:30:00+00:00,3357.84,3363.83,3357.46,3360.98,4571.0
2025-07-15 11:00:00+00:00,3361.11,3364.74,3359.11,3361.57,4468.0
2025-07-15 11:30:00+00:00,3361.71,3363.46,3358.55,3363.3,4246.0
2025-07-15 12:00:00+00:00,3363.4700000000003,3366.29,3362.29,3362.96,4185.0
2025-07-15 12:30:00+00:00,3363.0699999999997,3364.35,3361.1,3361.26,3003.0
2025-07-15 13:00:00+00:00,3361.46,3361.9,3357.79,3357.95,4308.0
2025-07-15 13:30:00+00:00,3358.13,3359.21,3354.04,3354.82,4831.0
2025-07-15 14:00:00+00:00,3354.94,3355.35,3349.27,3354.4,5702.0
2025-07-15 14:30:00+00:00,3354.65,3360.49,3346.3,3348.72,10476.0
2025-07-15 15:00:00+00:00,3348.9300000000003,3352.32,3338.52,3340.79,8720.0
2025-07-15 15:30:00+00:00,3340.87,3347.74,3334.34,3346.61,12160.0
2025-07-15 16:00:00+00:00,3346.9,3349.13,3342.42,3346.88,8938.0
2025-07-15 16:30:00+00:00,3346.9700000000003,3352.01,3345.47,3347.88,7047.0
2025-07-15 17:00:00+00:00,3348.05,3349.83,3332.61,3334.2,7712.0
2025-07-15 17:30:00+00:00,3334.33,3334.18,3325.35,3328.87,9772.0
2025-07-15 18:00:00+00:00,3328.99,3328.89,3320.12,3325.64,7738.0
2025-07-15 18:30:00+00:00,3325.81,3330.17,3323.91,3329.19,5861.0
2025-07-15 19:00:00+00:00,3329.35,3331.25,3327.64,3329.2,4736.0
2025-07-15 19:30:00+00:00,3329.42,3330.23,3325.76,3328.11,4797.0
2025-07-15 20:00:00+00:00,3328.21,3329.33,3325.8,3326.36,4380.0
2025-07-15 20:30:00+00:00,3326.52,3331.85,3326.27,3328.76,4459.0
2025-07-15 21:00:00+00:00,3328.89,3329.99,3326.43,3326.79,3515.0
2025-07-15 21:30:00+00:00,3326.95,3331.16,3326.7,3330.38,4191.0
2025-07-15 22:00:00+00:00,3330.48,3330.94,3327.43,3327.98,1557.0
2025-07-15 22:30:00+00:00,3328.14,3328.93,3324.76,3324.81,1616.0
2025-07-16 00:00:00+00:00,3325.49,3327.56,3323.59,3326.32,1398.0
2025-07-16 00:30:00+00:00,3326.49,3326.91,3325.49,3326.5,998.0
2025-07-16 01:00:00+00:00,3326.66,3330.09,3326.25,3328.96,1557.0
2025-07-16 01:30:00+00:00,3329.0299999999997,3331.68,3328.76,3331.04,1731.0
2025-07-16 02:00:00+00:00,3331.2,3331.67,3328.83,3331.25,3060.0
2025-07-16 02:30:00+00:00,3331.38,3332.5,3329.77,3330.43,3146.0
2025-07-16 03:00:00+00:00,3330.5699999999997,3334.17,3328.79,3332.92,4810.0
2025-07-16 03:30:00+00:00,3333.05,3334.91,3329.78,3330.86,4156.0
2025-07-16 04:00:00+00:00,3331.0299999999997,3331.42,3327.8,3328.86,3317.0
2025-07-16 04:30:00+00:00,3329.04,3330.27,3325.04,3326.13,3517.0
2025-07-16 05:00:00+00:00,3326.2,3332.91,3325.83,3332.6,3485.0
2025-07-16 05:30:00+00:00,3332.76,3334.97,3332.55,3334.24,3067.0
2025-07-16 06:00:00+00:00,3334.38,3335.06,3332.74,3335.06,2487.0
2025-07-16 06:30:00+00:00,3335.26,3338.55,3334.91,3338.22,2955.0
2025-07-16 07:00:00+00:00,3338.35,3339.49,3337.18,3339.24,2651.0
2025-07-16 07:30:00+00:00,3339.38,3339.78,3335.61,3338.04,3660.0
2025-07-16 08:00:00+00:00,3338.24,3341.96,3337.56,3339.93,3960.0
2025-07-16 08:30:00+00:00,3340.09,3341.56,3338.66,3339.18,4057.0
2025-07-16 09:00:00+00:00,3339.31,3340.09,3336.93,3338.02,3771.0
2025-07-16 09:30:00+00:00,3338.1800000000003,3338.95,3335.91,3337.78,3316.0
2025-07-16 10:00:00+00:00,3337.96,3342.32,3337.7,3340.53,3949.0
2025-07-16 10:30:00+00:00,3340.66,3342.57,3339.45,3342.09,3055.0
2025-07-16 11:00:00+00:00,3342.2200000000003,3342.92,3339.03,3339.29,3660.0
2025-07-16 11:30:00+00:00,3339.38,3341.71,3339.23,3339.95,3843.0
2025-07-16 12:00:00+00:00,3340.08,3340.32,3336.94,3338.63,3772.0
2025-07-16 12:30:00+00:00,3338.76,3339.34,3334.0,3334.82,3775.0
2025-07-16 13:00:00+00:00,3334.96,3337.21,3333.72,3335.86,4045.0
2025-07-16 13:30:00+00:00,3336.0,3340.13,3335.16,3339.16,4954.0
2025-07-16 14:00:00+00:00,3339.3199999999997,3340.91,3333.09,3334.09,5865.0
2025-07-16 14:30:00+00:00,3334.23,3338.51,3330.94,3334.49,8680.0
2025-07-16 15:00:00+00:00,3334.67,3339.27,3332.78,3334.72,6447.0
2025-07-16 15:30:00+00:00,3334.79,3334.75,3321.92,3326.8,10391.0
2025-07-16 16:00:00+00:00,3326.96,3329.19,3321.57,3325.1,9203.0
2025-07-16 16:30:00+00:00,3325.23,3340.63,3319.57,3338.04,3578.0
2025-07-16 17:00:00+00:00,3338.12,3371.14,3337.26,3363.18,21306.0
2025-07-16 17:30:00+00:00,3363.46,3377.47,3336.04,3343.56,22414.0
2025-07-16 18:00:00+00:00,3343.69,3355.1,3338.86,3352.06,13538.0
2025-07-16 18:30:00+00:00,3352.26,3354.69,3348.16,3349.03,7701.0
2025-07-16 19:00:00+00:00,3349.17,3353.93,3348.77,3351.5,6459.0
2025-07-16 19:30:00+00:00,3351.71,3357.14,3350.16,3354.65,5276.0
2025-07-16 20:00:00+00:00,3354.81,3357.28,3352.56,3353.34,4894.0
2025-07-16 20:30:00+00:00,3353.51,3354.25,3349.07,3350.29,4225.0
2025-07-16 21:00:00+00:00,3350.39,3350.42,3346.4,3347.3,4691.0
2025-07-16 21:30:00+00:00,3347.46,3348.09,3345.98,3346.99,5818.0
2025-07-16 22:00:00+00:00,3347.2200000000003,3349.38,3347.07,3348.24,2260.0
2025-07-16 22:30:00+00:00,3348.4,3348.38,3346.23,3347.47,2336.0
2025-07-17 00:00:00+00:00,3348.29,3352.15,3347.69,3351.49,2057.0
2025-07-17 00:30:00+00:00,3351.63,3351.63,3348.16,3349.5,1574.0
2025-07-17 01:00:00+00:00,3349.67,3350.08,3347.88,3347.92,1287.0
2025-07-17 01:30:00+00:00,3348.08,3348.61,3345.25,3346.43,2026.0
2025-07-17 02:00:00+00:00,3346.61,3347.3,3342.91,3344.1,3216.0
2025-07-17 02:30:00+00:00,3344.26,3344.59,3339.68,3340.82,3017.0
2025-07-17 03:00:00+00:00,3340.98,3342.05,3337.64,3340.73,4545.0
2025-07-17 03:30:00+00:00,3340.98,3344.37,3337.14,3343.86,4143.0
2025-07-17 04:00:00+00:00,3343.98,3344.53,3339.15,3339.75,3130.0
2025-07-17 04:30:00+00:00,3339.83,3342.1,3337.75,3341.34,3482.0
2025-07-17 05:00:00+00:00,3341.4700000000003,3342.06,3336.29,3339.29,3299.0
2025-07-17 05:30:00+00:00,3339.4700000000003,3342.37,3339.32,3341.4,2937.0
2025-07-17 06:00:00+00:00,3341.58,3341.62,3338.28,3341.08,2430.0
2025-07-17 06:30:00+00:00,3341.2200000000003,3344.67,3340.99,3342.61,2208.0
2025-07-17 07:00:00+00:00,3342.74,3342.79,3338.65,3340.43,2859.0
2025-07-17 07:30:00+00:00,3340.6,3341.2,3335.86,3339.26,3671.0
2025-07-17 08:00:00+00:00,3339.42,3339.69,3329.64,3330.08,6132.0
2025-07-17 08:30:00+00:00,3330.21,3336.43,3328.27,3335.37,5297.0
2025-07-17 09:00:00+00:00,3335.5299999999997,3336.13,3327.84,3329.52,5406.0
2025-07-17 09:30:00+00:00,3329.7,3329.87,3325.11,3325.78,4607.0
2025-07-17 10:00:00+00:00,3325.91,3331.32,3325.49,3330.98,4273.0
2025-07-17 10:30:00+00:00,3331.09,3331.96,3328.2,3328.74,3581.0
2025-07-17 11:00:00+00:00,3328.88,3332.44,3327.5,3330.05,3923.0
2025-07-17 11:30:00+00:00,3330.21,3330.47,3324.66,3325.45,4235.0
2025-07-17 12:00:00+00:00,3325.63,3328.81,3325.22,3328.75,3961.0
2025-07-17 12:30:00+00:00,3328.96,3331.06,3324.84,3325.73,4792.0
2025-07-17 13:00:00+00:00,3325.87,3328.48,3322.97,3326.34,4330.0
2025-07-17 13:30:00+00:00,3326.5,3326.38,3322.26,3324.21,4523.0
2025-07-17 14:00:00+00:00,3324.34,3328.47,3322.17,3326.94,6073.0
2025-07-17 14:30:00+00:00,3327.08,3327.06,3309.85,3312.99,13504.0
2025-07-17 15:00:00+00:00,3313.09,3319.26,3311.15,3317.47,9814.0
2025-07-17 15:30:00+00:00,3317.6,3321.72,3313.68,3318.98,10504.0
2025-07-17 16:00:00+00:00,3319.12,3330.15,3318.24,3330.15,8470.0
2025-07-17 16:30:00+00:00,3330.33,3335.0,3329.65,3334.11,6808.0
2025-07-17 17:00:00+00:00,3334.27,3338.02,3331.27,3336.93,6313.0
2025-07-17 17:30:00+00:00,3337.13,3338.29,3335.24,3336.63,5551.0
2025-07-17 18:00:00+00:00,3336.79,3339.04,3335.42,3338.79,4635.0
2025-07-17 18:30:00+00:00,3338.92,3339.85,3336.33,3338.76,4413.0
2025-07-17 19:00:00+00:00,3338.92,3340.92,3338.64,3340.17,3637.0
2025-07-17 19:30:00+00:00,3340.31,3340.76,3336.26,3337.31,4009.0
2025-07-17 20:00:00+00:00,3337.49,3337.85,3335.65,3336.94,3571.0
2025-07-17 20:30:00+00:00,3337.1,3338.86,3336.78,3338.49,3415.0
2025-07-17 21:00:00+00:00,3338.67,3340.23,3338.2,3339.65,3355.0
2025-07-17 21:30:00+00:00,3339.8199999999997,3340.7,3338.3,3339.7,3712.0
2025-07-17 22:00:00+00:00,3339.87,3340.19,3338.77,3338.94,1643.0
2025-07-17 22:30:00+00:00,3339.08,3339.29,3337.41,3338.97,1403.0
2025-07-18 00:00:00+00:00,3340.9,3341.8,3338.16,3339.37,2330.0
2025-07-18 00:30:00+00:00,3339.5,3343.87,3338.75,3343.18,2493.0
2025-07-18 01:00:00+00:00,3343.31,3343.3,3340.74,3341.42,2013.0
2025-07-18 01:30:00+00:00,3341.56,3342.74,3339.45,3340.11,1749.0
2025-07-18 02:00:00+00:00,3340.25,3341.4,3338.59,3338.97,2965.0
2025-07-18 02:30:00+00:00,3339.11,3340.17,3337.97,3339.79,2322.0
2025-07-18 03:00:00+00:00,3339.95,3342.96,3336.25,3336.58,4567.0
2025-07-18 03:30:00+00:00,3336.7200000000003,3340.04,3335.29,3337.66,3900.0
2025-07-18 04:00:00+00:00,3337.7799999999997,3344.19,3336.79,3343.19,4143.0
2025-07-18 04:30:00+00:00,3343.35,3343.54,3337.16,3337.68,3853.0
2025-07-18 05:00:00+00:00,3337.8199999999997,3338.39,3334.51,3335.03,3240.0
2025-07-18 05:30:00+00:00,3335.19,3336.51,3334.0,3334.52,2142.0
2025-07-18 06:00:00+00:00,3334.66,3336.51,3334.42,3334.91,2327.0
2025-07-18 06:30:00+00:00,3335.0699999999997,3336.93,3333.79,3336.93,2018.0
2025-07-18 07:00:00+00:00,3337.11,3340.09,3336.76,3337.87,2528.0
2025-07-18 07:30:00+00:00,3338.0,3338.57,3333.35,3333.41,4060.0
2025-07-18 08:00:00+00:00,3333.5699999999997,3339.07,3331.7,3338.88,4388.0
2025-07-18 08:30:00+00:00,3339.06,3342.62,3337.81,3342.03,4513.0
2025-07-18 09:00:00+00:00,3342.17,3346.51,3340.68,3345.33,4021.0
2025-07-18 09:30:00+00:00,3345.4700000000003,3350.0,3344.06,3349.75,4071.0
2025-07-18 10:00:00+00:00,3349.91,3350.3,3346.16,3348.49,4051.0
2025-07-18 10:30:00+00:00,3348.6,3349.78,3346.95,3347.37,3112.0
2025-07-18 11:00:00+00:00,3347.59,3354.49,3347.38,3351.91,3987.0
2025-07-18 11:30:00+00:00,3352.0699999999997,3354.8,3350.79,3352.29,3570.0
2025-07-18 12:00:00+00:00,3352.39,3352.43,3347.84,3350.49,4477.0
2025-07-18 12:30:00+00:00,3350.65,3352.71,3349.87,3351.31,2953.0
2025-07-18 13:00:00+00:00,3351.38,3353.72,3350.8,3352.9,3666.0
2025-07-18 13:30:00+00:00,3353.06,3357.58,3352.0,3354.33,4562.0
2025-07-18 14:00:00+00:00,3354.4700000000003,3359.81,3354.21,3357.86,5627.0
2025-07-18 14:30:00+00:00,3358.06,3361.17,3356.83,3359.9,5533.0
2025-07-18 15:00:00+00:00,3360.0699999999997,3360.24,3356.03,3358.05,6553.0
2025-07-18 15:30:00+00:00,3358.1800000000003,3358.33,3352.22,3355.43,8650.0
2025-07-18 16:00:00+00:00,3355.63,3358.99,3351.16,3353.96,8546.0
2025-07-18 16:30:00+00:00,3354.13,3357.07,3353.61,3354.68,12224.0
2025-07-18 17:00:00+00:00,3354.8199999999997,3355.65,3352.29,3353.8,5983.0
2025-07-18 17:30:00+00:00,3353.9300000000003,3356.27,3352.28,3353.55,4715.0
2025-07-18 18:00:00+00:00,3353.71,3355.31,3351.15,3353.43,4909.0
2025-07-18 18:30:00+00:00,3353.54,3357.41,3351.86,3353.59,4710.0
2025-07-18 19:00:00+00:00,3353.76,3353.64,3350.5,3351.73,4243.0
2025-07-18 19:30:00+00:00,3351.91,3352.39,3350.83,3352.15,3223.0
2025-07-18 20:00:00+00:00,3352.31,3353.3,3350.07,3351.68,3533.0
2025-07-18 20:30:00+00:00,3351.85,3352.54,3350.68,3351.26,2909.0
2025-07-18 21:00:00+00:00,3351.42,3352.77,3350.64,3350.65,2750.0
2025-07-18 21:30:00+00:00,3350.81,3350.75,3347.59,3348.19,3652.0
2025-07-18 22:00:00+00:00,3348.33,3350.44,3347.74,3349.77,1766.0
2025-07-18 22:30:00+00:00,3349.91,3351.86,3348.99,3349.9,2064.0
2025-07-21 00:00:00+00:00,3350.4,3350.26,3344.92,3347.86,2701.0
2025-07-21 00:30:00+00:00,3347.99,3348.32,3346.26,3347.67,1523.0
2025-07-21 01:00:00+00:00,3347.77,3349.15,3345.37,3346.41,1560.0
2025-07-21 01:30:00+00:00,3346.5699999999997,3349.42,3345.61,3349.07,1728.0
2025-07-21 02:00:00+00:00,3349.23,3351.74,3347.64,3351.74,2682.0
2025-07-21 02:30:00+00:00,3351.91,3354.48,3351.75,3352.18,2433.0
2025-07-21 03:00:00+00:00,3352.26,3358.38,3351.88,3358.01,3917.0
2025-07-21 03:30:00+00:00,3358.17,3358.51,3354.31,3356.43,3760.0
2025-07-21 04:00:00+00:00,3356.62,3357.2,3353.91,3356.95,3022.0
2025-07-21 04:30:00+00:00,3357.09,3357.31,3352.25,3354.02,2902.0
2025-07-21 05:00:00+00:00,3354.16,3356.84,3353.68,3354.75,2990.0
2025-07-21 05:30:00+00:00,3354.88,3354.78,3351.03,3351.18,2063.0
2025-07-21 06:00:00+00:00,3351.29,3354.74,3350.63,3354.7,1867.0
2025-07-21 06:30:00+00:00,3354.86,3358.6,3354.51,3357.73,2369.0
2025-07-21 07:00:00+00:00,3357.86,3368.57,3357.62,3366.98,4346.0
2025-07-21 07:30:00+00:00,3367.1,3369.56,3364.89,3366.59,5108.0
2025-07-21 08:00:00+00:00,3366.76,3370.16,3365.31,3369.79,4199.0
2025-07-21 08:30:00+00:00,3369.89,3370.71,3367.41,3368.28,4289.0
2025-07-21 09:00:00+00:00,3368.44,3370.41,3364.75,3365.92,4521.0
2025-07-21 09:30:00+00:00,3366.06,3367.41,3363.88,3364.67,4037.0
2025-07-21 10:00:00+00:00,3364.81,3365.84,3363.02,3365.45,4295.0
2025-07-21 10:30:00+00:00,3365.61,3366.8,3364.1,3365.9,3663.0
2025-07-21 11:00:00+00:00,3366.04,3366.35,3364.29,3365.0,3077.0
2025-07-21 11:30:00+00:00,3365.12,3366.17,3362.7,3365.99,3504.0
2025-07-21 12:00:00+00:00,3366.13,3367.97,3364.65,3365.32,2960.0
2025-07-21 12:30:00+00:00,3365.48,3366.1,3362.79,3365.99,2976.0
2025-07-21 13:00:00+00:00,3366.16,3373.72,3365.21,3373.46,4965.0
2025-07-21 13:30:00+00:00,3373.62,3375.54,3370.71,3375.27,4449.0
2025-07-21 14:00:00+00:00,3375.39,3383.45,3374.48,3381.65,7380.0
2025-07-21 14:30:00+00:00,3381.81,3388.53,3381.49,3387.18,7279.0
2025-07-21 15:00:00+00:00,3387.38,3389.58,3384.84,3386.86,7149.0
2025-07-21 15:30:00+00:00,3387.06,3395.14,3383.62,3388.58,11152.0
2025-07-21 16:00:00+00:00,3388.7200000000003,3398.29,3386.1,3397.65,11434.0
2025-07-21 16:30:00+00:00,3397.7799999999997,3401.49,3397.23,3400.27,9233.0
2025-07-21 17:00:00+00:00,3400.41,3400.86,3395.53,3400.01,8189.0
2025-07-21 17:30:00+00:00,3400.21,3400.72,3396.26,3397.89,7249.0
2025-07-21 18:00:00+00:00,3398.0299999999997,3398.96,3396.11,3396.95,6541.0
2025-07-21 18:30:00+00:00,3397.16,3398.7,3393.77,3395.57,5444.0
2025-07-21 19:00:00+00:00,3395.74,3395.73,3391.45,3392.27,5353.0
2025-07-21 19:30:00+00:00,3392.44,3393.56,3391.63,3393.2,4409.0
2025-07-21 20:00:00+00:00,3393.34,3395.3,3393.19,3394.38,4782.0
2025-07-21 20:30:00+00:00,3394.55,3395.7,3393.0,3395.33,4239.0
2025-07-21 21:00:00+00:00,3395.52,3399.25,3395.09,3398.25,5270.0
2025-07-21 21:30:00+00:00,3398.39,3399.71,3396.96,3398.8,7409.0
2025-07-21 22:00:00+00:00,3398.96,3399.22,3397.17,3397.89,2347.0
2025-07-21 22:30:00+00:00,3398.06,3398.36,3396.69,3397.05,2255.0
2025-07-22 00:00:00+00:00,3397.49,3400.17,3396.6,3399.92,1094.0
2025-07-22 00:30:00+00:00,3400.06,3401.03,3398.87,3399.31,1223.0
2025-07-22 01:00:00+00:00,3399.48,3401.64,3399.33,3401.31,1376.0
2025-07-22 01:30:00+00:00,3401.4700000000003,3402.56,3393.27,3396.47,3365.0
2025-07-22 02:00:00+00:00,3396.65,3396.54,3390.4,3394.87,4293.0
2025-07-22 02:30:00+00:00,3394.98,3397.48,3392.59,3394.36,3694.0
2025-07-22 03:00:00+00:00,3394.52,3395.71,3389.88,3391.57,5204.0
2025-07-22 03:30:00+00:00,3391.7,3392.75,3385.07,3385.87,4726.0
2025-07-22 04:00:00+00:00,3386.01,3391.5,3385.23,3389.08,4039.0
2025-07-22 04:30:00+00:00,3389.21,3391.9,3387.33,3391.43,3795.0
2025-07-22 05:00:00+00:00,3391.64,3391.77,3388.77,3390.93,3319.0
2025-07-22 05:30:00+00:00,3391.09,3393.65,3390.0,3392.59,2947.0
2025-07-22 06:00:00+00:00,3392.6800000000003,3392.54,3388.6,3389.77,2480.0
2025-07-22 06:30:00+00:00,3389.9300000000003,3391.57,3387.95,3391.0,2159.0
2025-07-22 07:00:00+00:00,3391.1800000000003,3391.83,3386.89,3387.88,3338.0
2025-07-22 07:30:00+00:00,3388.0,3389.69,3384.57,3385.47,4537.0
2025-07-22 08:00:00+00:00,3385.64,3387.8,3384.43,3384.8,4872.0
2025-07-22 08:30:00+00:00,3384.96,3387.18,3384.33,3384.69,4120.0
2025-07-22 09:00:00+00:00,3384.9,3385.73,3383.28,3383.68,4152.0
2025-07-22 09:30:00+00:00,3383.8199999999997,3387.46,3383.19,3387.46,3615.0
2025-07-22 10:00:00+00:00,3387.63,3389.59,3386.14,3388.43,4162.0
2025-07-22 10:30:00+00:00,3388.5699999999997,3390.01,3387.8,3388.92,4544.0
2025-07-22 11:00:00+00:00,3389.06,3390.53,3384.73,3385.49,4186.0
2025-07-22 11:30:00+00:00,3385.63,3386.56,3384.56,3386.07,3245.0
2025-07-22 12:00:00+00:00,3386.24,3388.45,3385.79,3387.4,2607.0
2025-07-22 12:30:00+00:00,3387.54,3388.59,3386.67,3386.93,2867.0
2025-07-22 13:00:00+00:00,3387.16,3388.77,3386.62,3387.47,2908.0
2025-07-22 13:30:00+00:00,3387.61,3391.59,3386.61,3391.31,4315.0
2025-07-22 14:00:00+00:00,3391.49,3400.64,3390.95,3400.32,6812.0
2025-07-22 14:30:00+00:00,3400.46,3407.8,3397.75,3407.53,7525.0
2025-07-22 15:00:00+00:00,3407.62,3416.53,3406.39,3415.58,9027.0
2025-07-22 15:30:00+00:00,3415.7200000000003,3420.16,3411.22,3412.25,12004.0
2025-07-22 16:00:00+00:00,3412.45,3423.28,3404.99,3421.7,12503.0
2025-07-22 16:30:00+00:00,3421.81,3427.65,3421.51,3426.24,10819.0
2025-07-22 17:00:00+00:00,3426.36,3430.48,3423.97,3425.39,9972.0
2025-07-22 17:30:00+00:00,3425.48,3427.4,3423.6,3426.51,7094.0
2025-07-22 18:00:00+00:00,3426.69,3430.59,3426.18,3427.25,6490.0
2025-07-22 18:30:00+00:00,3427.4700000000003,3432.88,3427.01,3432.21,6863.0
2025-07-22 19:00:00+00:00,3432.42,3433.45,3426.48,3428.76,8378.0
2025-07-22 19:30:00+00:00,3428.89,3430.16,3427.22,3429.21,5783.0
2025-07-22 20:00:00+00:00,3429.39,3430.91,3427.84,3429.65,5546.0
2025-07-22 20:30:00+00:00,3429.79,3430.83,3428.42,3429.61,4669.0
2025-07-22 21:00:00+00:00,3429.74,3431.9,3428.92,3431.61,4847.0
2025-07-22 21:30:00+00:00,3431.74,3432.47,3430.84,3431.55,6203.0
2025-07-22 22:00:00+00:00,3431.71,3432.6,3429.65,3430.56,2450.0
2025-07-22 22:30:00+00:00,3430.73,3431.84,3427.76,3431.61,3332.0
2025-07-23 00:00:00+00:00,3432.31,3432.89,3428.49,3429.04,1746.0
2025-07-23 00:30:00+00:00,3429.2,3429.34,3427.4,3427.81,1169.0
2025-07-23 01:00:00+00:00,3427.98,3432.98,3427.75,3429.31,2754.0
2025-07-23 01:30:00+00:00,3429.4700000000003,3430.09,3426.22,3427.41,2923.0
2025-07-23 02:00:00+00:00,3427.52,3438.76,3427.0,3432.3,5926.0
2025-07-23 02:30:00+00:00,3432.46,3433.59,3428.71,3428.76,4786.0
2025-07-23 03:00:00+00:00,3428.92,3430.55,3421.88,3424.86,7980.0
2025-07-23 03:30:00+00:00,3425.05,3426.72,3420.91,3421.02,6167.0
2025-07-23 04:00:00+00:00,3421.1800000000003,3423.57,3419.93,3421.42,5332.0
2025-07-23 04:30:00+00:00,3421.94,3424.96,3419.18,3422.93,4997.0
2025-07-23 05:00:00+00:00,3423.04,3427.96,3422.83,3427.74,5015.0
2025-07-23 05:30:00+00:00,3427.9300000000003,3428.62,3422.9,3423.03,4025.0
2025-07-23 06:00:00+00:00,3423.23,3425.2,3421.97,3423.49,3363.0
2025-07-23 06:30:00+00:00,3423.65,3424.19,3421.99,3423.43,3095.0
2025-07-23 07:00:00+00:00,3423.63,3423.75,3420.77,3422.45,3624.0
2025-07-23 07:30:00+00:00,3422.59,3422.68,3416.33,3420.34,5558.0
2025-07-23 08:00:00+00:00,3420.5299999999997,3424.5,3420.37,3423.46,5248.0
2025-07-23 08:30:00+00:00,3423.62,3425.07,3419.48,3424.95,5709.0
2025-07-23 09:00:00+00:00,3425.0699999999997,3429.57,3422.81,3426.88,5824.0
2025-07-23 09:30:00+00:00,3427.02,3427.76,3419.86,3420.63,4997.0
2025-07-23 10:00:00+00:00,3420.73,3428.2,3420.55,3424.21,5054.0
2025-07-23 10:30:00+00:00,3424.37,3428.67,3423.79,3428.33,3912.0
2025-07-23 11:00:00+00:00,3428.52,3433.77,3428.2,3431.68,3508.0
2025-07-23 11:30:00+00:00,3431.75,3432.9,3430.11,3431.08,3233.0
2025-07-23 12:00:00+00:00,3431.21,3431.29,3421.91,3423.26,4944.0
2025-07-23 12:30:00+00:00,3423.4300000000003,3424.22,3421.13,3422.58,3664.0
2025-07-23 13:00:00+00:00,3422.66,3425.25,3420.25,3425.22,4058.0
2025-07-23 13:30:00+00:00,3425.36,3429.71,3425.21,3428.06,4018.0
2025-07-23 14:00:00+00:00,3428.1800000000003,3429.82,3424.18,3425.73,5398.0
2025-07-23 14:30:00+00:00,3425.87,3427.33,3419.83,3419.91,6671.0
2025-07-23 15:00:00+00:00,3420.0299999999997,3420.53,3408.2,3409.2,9913.0
2025-07-23 15:30:00+00:00,3409.46,3414.42,3405.49,3413.37,9696.0
2025-07-23 16:00:00+00:00,3413.44,3419.76,3410.6,3412.11,7656.0
2025-07-23 16:30:00+00:00,3412.23,3416.65,3410.73,3413.44,6930.0
2025-07-23 17:00:00+00:00,3413.6,3415.81,3410.29,3412.23,5576.0
2025-07-23 17:30:00+00:00,3412.39,3413.46,3398.12,3398.16,7875.0
2025-07-23 18:00:00+00:00,3398.3,3398.15,3381.38,3383.62,16781.0
2025-07-23 18:30:00+00:00,3383.76,3390.84,3381.61,3387.27,9160.0
2025-07-23 19:00:00+00:00,3387.4,3390.57,3385.66,3388.55,7276.0
2025-07-23 19:30:00+00:00,3388.6800000000003,3394.76,3385.68,3393.16,6894.0
2025-07-23 20:00:00+00:00,3393.34,3395.82,3391.94,3394.12,4861.0
2025-07-23 20:30:00+00:00,3394.26,3395.82,3392.79,3393.56,4160.0
2025-07-23 21:00:00+00:00,3393.69,3395.81,3390.88,3391.08,4603.0
2025-07-23 21:30:00+00:00,3391.3199999999997,3391.88,3388.47,3390.0,4766.0
2025-07-23 22:00:00+00:00,3390.17,3390.29,3388.09,3388.18,2299.0
2025-07-23 22:30:00+00:00,3388.34,3389.81,3386.11,3387.11,2135.0
2025-07-24 00:00:00+00:00,3388.59,3392.4,3387.7,3388.53,2264.0
2025-07-24 00:30:00+00:00,3388.71,3389.3,3386.61,3386.63,1053.0
2025-07-24 01:00:00+00:00,3386.79,3390.65,3386.36,3390.31,1973.0
2025-07-24 01:30:00+00:00,3390.49,3391.43,3388.13,3389.9,1897.0
2025-07-24 02:00:00+00:00,3390.06,3393.11,3388.54,3389.44,3147.0
2025-07-24 02:30:00+00:00,3389.6,3392.63,3388.45,3391.36,2776.0
2025-07-24 03:00:00+00:00,3391.5,3393.27,3383.98,3389.06,6835.0
2025-07-24 03:30:00+00:00,3389.19,3390.82,3386.3,3387.56,5314.0
2025-07-24 04:00:00+00:00,3387.7200000000003,3388.9,3380.65,3387.52,5790.0
2025-07-24 04:30:00+00:00,3387.69,3388.49,3382.81,3383.77,5722.0
2025-07-24 05:00:00+00:00,3383.89,3383.74,3374.73,3379.84,6608.0
2025-07-24 05:30:00+00:00,3380.02,3385.95,3379.2,3383.67,3890.0
2025-07-24 06:00:00+00:00,3383.81,3385.31,3382.53,3383.4,2804.0
2025-07-24 06:30:00+00:00,3383.54,3384.29,3380.96,3382.55,2938.0
2025-07-24 07:00:00+00:00,3382.69,3382.93,3378.82,3380.82,3166.0
2025-07-24 07:30:00+00:00,3380.98,3381.82,3374.42,3379.06,5257.0
2025-07-24 08:00:00+00:00,3379.23,3379.49,3371.58,3371.86,5232.0
2025-07-24 08:30:00+00:00,3371.98,3376.89,3369.92,3375.92,4884.0
2025-07-24 09:00:00+00:00,3376.05,3377.46,3373.04,3376.13,4064.0
2025-07-24 09:30:00+00:00,3376.23,3377.2,3365.99,3367.7,5025.0
2025-07-24 10:00:00+00:00,3367.91,3373.12,3365.87,3372.44,4804.0
2025-07-24 10:30:00+00:00,3372.58,3374.62,3369.32,3369.61,4043.0
2025-07-24 11:00:00+00:00,3369.74,3369.99,3362.49,3363.01,4107.0
2025-07-24 11:30:00+00:00,3363.14,3365.01,3361.94,3363.57,3861.0
2025-07-24 12:00:00+00:00,3363.6800000000003,3365.33,3362.07,3364.4,2759.0
2025-07-24 12:30:00+00:00,3364.56,3367.18,3362.6,3364.24,3280.0
2025-07-24 13:00:00+00:00,3364.4300000000003,3366.41,3362.55,3363.22,3081.0
2025-07-24 13:30:00+00:00,3363.35,3365.99,3361.21,3362.18,3951.0
2025-07-24 14:00:00+00:00,3362.3,3364.63,3358.05,3361.88,5565.0
2025-07-24 14:30:00+00:00,3362.02,3365.43,3352.6,3353.39,9157.0
2025-07-24 15:00:00+00:00,3353.5,3360.23,3351.36,3359.12,7904.0
2025-07-24 15:30:00+00:00,3359.23,3372.05,3356.53,3366.58,12806.0
2025-07-24 16:00:00+00:00,3366.67,3374.3,3365.67,3373.0,8722.0
2025-07-24 16:30:00+00:00,3373.23,3377.31,3372.3,3373.56,7192.0
2025-07-24 17:00:00+00:00,3373.69,3374.97,3370.3,3374.5,6929.0
2025-07-24 17:30:00+00:00,3374.66,3375.17,3371.04,3372.47,5935.0
2025-07-24 18:00:00+00:00,3372.61,3373.68,3369.63,3369.9,4210.0
2025-07-24 18:30:00+00:00,3370.06,3371.32,3366.84,3366.89,4137.0
2025-07-24 19:00:00+00:00,3367.02,3371.69,3366.2,3371.49,4163.0
2025-07-24 19:30:00+00:00,3371.58,3371.54,3368.58,3369.96,3203.0
2025-07-24 20:00:00+00:00,3370.12,3370.16,3367.34,3369.33,3152.0
2025-07-24 20:30:00+00:00,3369.49,3373.32,3369.32,3371.93,3115.0
2025-07-24 21:00:00+00:00,3372.0699999999997,3373.01,3371.36,3372.12,2913.0
2025-07-24 21:30:00+00:00,3372.3,3372.53,3369.97,3370.36,3125.0
2025-07-24 22:00:00+00:00,3370.52,3371.15,3368.85,3369.61,1998.0
2025-07-24 22:30:00+00:00,3369.83,3370.02,3367.23,3368.4,2005.0
2025-07-25 00:00:00+00:00,3369.27,3369.92,3365.17,3366.48,1976.0
2025-07-25 00:30:00+00:00,3366.5699999999997,3369.13,3365.77,3368.79,2058.0
2025-07-25 01:00:00+00:00,3368.85,3371.32,3367.69,3367.96,2372.0
2025-07-25 01:30:00+00:00,3368.12,3370.09,3366.69,3369.4,1723.0
2025-07-25 02:00:00+00:00,3369.56,3372.13,3368.33,3371.86,2687.0
2025-07-25 02:30:00+00:00,3372.0,3373.49,3370.89,3372.18,2261.0
2025-07-25 03:00:00+00:00,3372.38,3372.69,3366.27,3367.73,3844.0
2025-07-25 03:30:00+00:00,3367.87,3371.49,3366.58,3370.25,3363.0
2025-07-25 04:00:00+00:00,3370.49,3370.52,3363.51,3366.21,3723.0
2025-07-25 04:30:00+00:00,3366.3199999999997,3366.63,3362.43,3363.11,3047.0
2025-07-25 05:00:00+00:00,3363.24,3363.43,3360.92,3361.31,3335.0
2025-07-25 05:30:00+00:00,3361.4700000000003,3361.91,3358.66,3359.03,2217.0
2025-07-25 06:00:00+00:00,3359.17,3363.41,3358.87,3360.84,2468.0
2025-07-25 06:30:00+00:00,3360.96,3362.18,3357.81,3360.92,2609.0
2025-07-25 07:00:00+00:00,3361.05,3362.26,3358.36,3358.72,2198.0
2025-07-25 07:30:00+00:00,3358.84,3359.29,3355.19,3358.63,4018.0
2025-07-25 08:00:00+00:00,3358.75,3359.67,3354.99,3355.93,4184.0
2025-07-25 08:30:00+00:00,3356.09,3359.37,3354.75,3359.35,3445.0
2025-07-25 09:00:00+00:00,3359.48,3360.07,3356.68,3358.77,3157.0
2025-07-25 09:30:00+00:00,3358.91,3358.89,3352.63,3353.97,3257.0
2025-07-25 10:00:00+00:00,3354.11,3355.21,3345.46,3345.54,3657.0
2025-07-25 10:30:00+00:00,3345.6800000000003,3349.09,3344.45,3345.41,3585.0
2025-07-25 11:00:00+00:00,3345.5299999999997,3348.47,3343.06,3347.17,3291.0
2025-07-25 11:30:00+00:00,3347.34,3348.83,3345.42,3345.78,2415.0
2025-07-25 12:00:00+00:00,3345.94,3347.99,3343.51,3343.75,2741.0
2025-07-25 12:30:00+00:00,3343.88,3345.53,3340.95,3342.76,3203.0
2025-07-25 13:00:00+00:00,3342.95,3345.07,3339.44,3339.76,3342.0
2025-07-25 13:30:00+00:00,3339.88,3343.56,3338.56,3340.94,3678.0
2025-07-25 14:00:00+00:00,3341.08,3344.01,3339.68,3341.16,4818.0
2025-07-25 14:30:00+00:00,3341.2200000000003,3341.65,3336.28,3340.73,5071.0
2025-07-25 15:00:00+00:00,3340.89,3343.22,3336.77,3342.0,7764.0
2025-07-25 15:30:00+00:00,3342.1800000000003,3347.45,3339.35,3343.86,9319.0
2025-07-25 16:00:00+00:00,3343.91,3344.83,3333.83,3337.9,9326.0
2025-07-25 16:30:00+00:00,3338.0699999999997,3338.73,3330.45,3331.74,10014.0
2025-07-25 17:00:00+00:00,3331.83,3335.89,3328.09,3330.19,9883.0
2025-07-25 17:30:00+00:00,3330.38,3332.29,3324.92,3327.76,7797.0
2025-07-25 18:00:00+00:00,3327.9300000000003,3331.01,3326.57,3328.78,5152.0
2025-07-25 18:30:00+00:00,3328.96,3331.31,3326.2,3329.61,4116.0
2025-07-25 19:00:00+00:00,3329.8,3335.04,3329.52,3334.2,4388.0
2025-07-25 19:30:00+00:00,3334.36,3336.68,3333.46,3335.85,3442.0
2025-07-25 20:00:00+00:00,3336.01,3339.22,3335.78,3338.28,3719.0
2025-07-25 20:30:00+00:00,3338.49,3339.29,3337.96,3338.71,1717.0
2025-07-25 21:00:00+00:00,3338.84,3340.16,3338.47,3339.58,2650.0
2025-07-25 21:30:00+00:00,3339.74,3339.92,3337.16,3337.64,4079.0
2025-07-25 22:00:00+00:00,3337.75,3338.25,3336.57,3337.23,1922.0
2025-07-25 22:30:00+00:00,3337.39,3339.05,3336.16,3337.02,2125.0
2025-07-28 00:00:00+00:00,3317.9700000000003,3335.2,3317.37,3330.58,4579.0
2025-07-28 00:30:00+00:00,3330.6800000000003,3332.43,3323.81,3329.58,3622.0
2025-07-28 01:00:00+00:00,3329.67,3337.27,3329.4,3333.5,3679.0
2025-07-28 01:30:00+00:00,3333.67,3333.69,3329.75,3333.57,2957.0
2025-07-28 02:00:00+00:00,3333.71,3336.0,3331.27,3332.44,3329.0
2025-07-28 02:30:00+00:00,3332.64,3334.19,3327.55,3333.31,3935.0
2025-07-28 03:00:00+00:00,3333.45,3338.7,3329.85,3335.46,6194.0
2025-07-28 03:30:00+00:00,3335.49,3338.64,3331.23,3331.92,4666.0
2025-07-28 04:00:00+00:00,3332.02,3335.55,3330.51,3335.44,3398.0
2025-07-28 04:30:00+00:00,3335.58,3336.4,3331.54,3335.52,3365.0
2025-07-28 05:00:00+00:00,3335.6,3338.86,3334.35,3336.79,3194.0
2025-07-28 05:30:00+00:00,3336.9300000000003,3343.15,3336.54,3343.14,2342.0
2025-07-28 06:00:00+00:00,3343.23,3343.91,3339.74,3340.47,2700.0
2025-07-28 06:30:00+00:00,3340.66,3341.5,3339.38,3339.57,2006.0
2025-07-28 07:00:00+00:00,3339.69,3340.42,3338.01,3338.58,2164.0
2025-07-28 07:30:00+00:00,3338.71,3344.09,3338.06,3343.31,3790.0
2025-07-28 08:00:00+00:00,3343.45,3345.19,3338.74,3339.35,4252.0
2025-07-28 08:30:00+00:00,3339.51,3340.88,3335.71,3340.09,3964.0
2025-07-28 09:00:00+00:00,3340.27,3341.79,3338.63,3340.0,3799.0
2025-07-28 09:30:00+00:00,3340.1,3339.95,3333.73,3334.88,4527.0
2025-07-28 10:00:00+00:00,3335.04,3338.75,3334.61,3336.5,3342.0
2025-07-28 10:30:00+00:00,3336.62,3337.42,3332.29,3335.93,3498.0
2025-07-28 11:00:00+00:00,3336.12,3340.66,3335.89,3339.17,3773.0
2025-07-28 11:30:00+00:00,3339.27,3339.12,3335.9,3337.68,3217.0
2025-07-28 12:00:00+00:00,3337.85,3338.7,3335.36,3337.05,3199.0
2025-07-28 12:30:00+00:00,3337.27,3338.13,3334.15,3335.77,4253.0
2025-07-28 13:00:00+00:00,3335.94,3337.35,3334.38,3335.37,2982.0
2025-07-28 13:30:00+00:00,3335.56,3338.2,3334.82,3336.46,2794.0
2025-07-28 14:00:00+00:00,3336.62,3338.26,3328.27,3330.48,6184.0
2025-07-28 14:30:00+00:00,3330.64,3331.34,3325.46,3328.39,6009.0
2025-07-28 15:00:00+00:00,3328.52,3330.53,3326.48,3328.43,5657.0
2025-07-28 15:30:00+00:00,3328.52,3329.06,3301.81,3302.15,12838.0
2025-07-28 16:00:00+00:00,3302.31,3314.24,3301.69,3311.79,11401.0
2025-07-28 16:30:00+00:00,3311.9300000000003,3314.67,3305.77,3307.88,9723.0
2025-07-28 17:00:00+00:00,3308.02,3315.11,3306.49,3313.68,7317.0
2025-07-28 17:30:00+00:00,3313.89,3317.15,3313.13,3314.7,5642.0
2025-07-28 18:00:00+00:00,3314.8199999999997,3314.76,3311.45,3313.73,4541.0
2025-07-28 18:30:00+00:00,3313.9,3314.93,3311.41,3312.14,3779.0
2025-07-28 19:00:00+00:00,3312.3,3313.09,3308.72,3310.45,4771.0
2025-07-28 19:30:00+00:00,3310.59,3312.15,3309.47,3310.7,3812.0
2025-07-28 20:00:00+00:00,3310.84,3313.7,3310.14,3313.66,3266.0
2025-07-28 20:30:00+00:00,3313.8199999999997,3315.51,3312.96,3313.55,3698.0
2025-07-28 21:00:00+00:00,3313.69,3316.28,3313.01,3314.13,3892.0
2025-07-28 21:30:00+00:00,3314.27,3318.78,3314.06,3317.05,4624.0
2025-07-28 22:00:00+00:00,3317.1800000000003,3318.34,3316.71,3317.96,1866.0
2025-07-28 22:30:00+00:00,3318.09,3318.25,3314.2,3314.54,2251.0
2025-07-29 00:00:00+00:00,3314.79,3315.41,3312.0,3312.39,3149.0
2025-07-29 00:30:00+00:00,3312.52,3315.13,3311.89,3314.51,1963.0
2025-07-29 01:00:00+00:00,3314.61,3314.62,3311.21,3311.31,1481.0
2025-07-29 01:30:00+00:00,3311.45,3314.4,3310.44,3312.45,1602.0
2025-07-29 02:00:00+00:00,3312.62,3315.76,3308.28,3308.74,3540.0
2025-07-29 02:30:00+00:00,3308.85,3312.31,3307.76,3311.58,2998.0
2025-07-29 03:00:00+00:00,3311.7,3314.45,3308.43,3313.72,4421.0
2025-07-29 03:30:00+00:00,3313.88,3320.75,3313.52,3318.82,4535.0
2025-07-29 04:00:00+00:00,3319.01,3320.22,3317.48,3319.64,3364.0
2025-07-29 04:30:00+00:00,3319.8,3320.15,3317.66,3318.83,3287.0
2025-07-29 05:00:00+00:00,3318.92,3318.81,3314.45,3315.13,3208.0
2025-07-29 05:30:00+00:00,3315.3,3315.27,3311.13,3312.46,3144.0
2025-07-29 06:00:00+00:00,3312.5699999999997,3313.94,3308.91,3310.58,2852.0
2025-07-29 06:30:00+00:00,3310.74,3317.36,3310.43,3316.48,2650.0
2025-07-29 07:00:00+00:00,3316.64,3317.5,3314.27,3317.43,2645.0
2025-07-29 07:30:00+00:00,3317.56,3319.98,3315.57,3319.83,3612.0
2025-07-29 08:00:00+00:00,3319.99,3321.27,3316.15,3321.03,4700.0
2025-07-29 08:30:00+00:00,3321.16,3322.35,3316.68,3316.9,6636.0
2025-07-29 09:00:00+00:00,3317.12,3318.63,3311.21,3314.3,6117.0
2025-07-29 09:30:00+00:00,3314.46,3318.16,3312.69,3317.0,4123.0
2025-07-29 10:00:00+00:00,3317.17,3329.8,3316.58,3327.47,5407.0
2025-07-29 10:30:00+00:00,3327.61,3328.55,3324.61,3326.34,4151.0
2025-07-29 11:00:00+00:00,3326.46,3326.64,3320.83,3325.04,6070.0
2025-07-29 11:30:00+00:00,3325.26,3328.16,3323.95,3324.42,3916.0
2025-07-29 12:00:00+00:00,3324.56,3325.46,3323.44,3324.91,2410.0
2025-07-29 12:30:00+00:00,3325.05,3326.3,3321.92,3322.06,3325.0
2025-07-29 13:00:00+00:00,3322.2200000000003,3322.16,3317.97,3320.38,4075.0
2025-07-29 13:30:00+00:00,3320.5,3320.5,3314.88,3315.11,4237.0
2025-07-29 14:00:00+00:00,3315.23,3323.18,3315.08,3321.79,5348.0
2025-07-29 14:30:00+00:00,3321.83,3324.45,3318.46,3323.22,6060.0
2025-07-29 15:00:00+00:00,3323.33,3324.17,3319.38,3321.16,6447.0
2025-07-29 15:30:00+00:00,3321.3,3321.74,3312.85,3317.45,11120.0
2025-07-29 16:00:00+00:00,3317.61,3325.03,3311.85,3324.34,19772.0
2025-07-29 16:30:00+00:00,3324.48,3329.51,3322.99,3328.8,14904.0
2025-07-29 17:00:00+00:00,3328.99,3334.02,3324.4,3325.79,7582.0
2025-07-29 17:30:00+00:00,3326.0299999999997,3326.78,3319.55,3320.66,6526.0
2025-07-29 18:00:00+00:00,3320.8,3323.41,3319.01,3322.32,4427.0
2025-07-29 18:30:00+00:00,3322.44,3324.7,3320.8,3323.06,4695.0
2025-07-29 19:00:00+00:00,3323.24,3327.93,3322.94,3326.39,3802.0
2025-07-29 19:30:00+00:00,3326.5699999999997,3329.16,3325.25,3328.21,4274.0
2025-07-29 20:00:00+00:00,3328.33,3330.74,3327.82,3329.92,3725.0
2025-07-29 20:30:00+00:00,3330.08,3330.75,3325.26,3325.76,3161.0
2025-07-29 21:00:00+00:00,3325.9,3328.66,3325.16,3327.38,3805.0
2025-07-29 21:30:00+00:00,3327.5,3327.35,3322.57,3324.96,5261.0
2025-07-29 22:00:00+00:00,3325.12,3326.16,3324.7,3325.92,2200.0
2025-07-29 22:30:00+00:00,3326.06,3326.58,3325.12,3326.48,1833.0
2025-07-30 00:00:00+00:00,3327.5,3329.11,3325.88,3328.76,1166.0
2025-07-30 00:30:00+00:00,3328.9,3328.75,3326.15,3327.65,1116.0
2025-07-30 01:00:00+00:00,3327.81,3328.21,3326.8,3327.5,863.0
2025-07-30 01:30:00+00:00,3327.66,3327.97,3326.08,3327.51,1520.0
2025-07-30 02:00:00+00:00,3327.67,3330.23,3327.21,3328.65,2709.0
2025-07-30 02:30:00+00:00,3328.77,3333.58,3328.32,3330.14,3158.0
2025-07-30 03:00:00+00:00,3330.19,3333.19,3327.96,3329.8,4376.0
2025-07-30 03:30:00+00:00,3329.96,3329.82,3321.82,3323.25,5132.0
2025-07-30 04:00:00+00:00,3323.39,3332.29,3323.21,3330.8,4560.0
2025-07-30 04:30:00+00:00,3330.9700000000003,3331.93,3326.0,3329.37,3440.0
2025-07-30 05:00:00+00:00,3329.51,3329.73,3326.16,3328.34,3337.0
2025-07-30 05:30:00+00:00,3328.5299999999997,3329.23,3326.89,3328.37,1950.0
2025-07-30 06:00:00+00:00,3328.51,3329.22,3326.21,3329.07,2327.0
2025-07-30 06:30:00+00:00,3329.21,3329.73,3325.76,3327.12,2257.0
2025-07-30 07:00:00+00:00,3327.26,3330.59,3325.03,3326.56,2906.0
2025-07-30 07:30:00+00:00,3326.75,3328.91,3324.4,3324.9,3674.0
2025-07-30 08:00:00+00:00,3325.04,3326.13,3323.2,3323.57,4414.0
2025-07-30 08:30:00+00:00,3323.73,3327.49,3323.12,3327.09,3694.0
2025-07-30 09:00:00+00:00,3327.26,3332.1,3325.53,3326.83,4394.0
2025-07-30 09:30:00+00:00,3326.96,3331.01,3326.28,3327.65,2891.0
2025-07-30 10:00:00+00:00,3327.81,3332.73,3327.48,3330.01,3690.0
2025-07-30 10:30:00+00:00,3330.12,3333.33,3329.12,3332.15,2969.0
2025-07-30 11:00:00+00:00,3332.31,3333.33,3330.73,3331.79,2819.0
2025-07-30 11:30:00+00:00,3331.87,3333.92,3329.3,3331.21,3787.0
2025-07-30 12:00:00+00:00,3331.35,3332.88,3327.66,3329.01,5368.0
2025-07-30 12:30:00+00:00,3329.15,3329.69,3326.61,3328.36,3356.0
2025-07-30 13:00:00+00:00,3328.55,3330.32,3325.19,3328.37,4288.0
2025-07-30 13:30:00+00:00,3328.5299999999997,3331.5,3323.93,3330.77,4365.0
2025-07-30 14:00:00+00:00,3330.89,3331.81,3326.01,3328.17,5035.0
2025-07-30 14:30:00+00:00,3328.36,3328.75,3310.55,3313.23,10034.0
2025-07-30 15:00:00+00:00,3313.45,3315.99,3304.17,3305.32,11298.0
2025-07-30 15:30:00+00:00,3305.41,3308.07,3298.41,3303.07,10916.0
2025-07-30 16:00:00+00:00,3303.23,3308.29,3301.54,3301.72,7894.0
2025-07-30 16:30:00+00:00,3301.9300000000003,3306.22,3301.22,3302.07,5700.0
2025-07-30 17:00:00+00:00,3302.21,3303.28,3290.55,3292.46,7712.0
2025-07-30 17:30:00+00:00,3292.6,3293.9,3288.66,3290.27,6351.0
2025-07-30 18:00:00+00:00,3290.44,3297.47,3289.84,3295.24,5219.0
2025-07-30 18:30:00+00:00,3295.35,3298.43,3293.71,3297.99,3937.0
2025-07-30 19:00:00+00:00,3298.19,3300.26,3297.68,3298.84,4029.0
2025-07-30 19:30:00+00:00,3299.04,3301.97,3298.04,3301.34,4050.0
2025-07-30 20:00:00+00:00,3301.4700000000003,3304.65,3296.92,3297.63,10903.0
2025-07-30 20:30:00+00:00,3297.77,3299.22,3279.49,3280.16,15908.0
2025-07-30 21:00:00+00:00,3280.3199999999997,3282.51,3271.95,3273.15,12840.0
2025-07-30 21:30:00+00:00,3273.26,3275.59,3268.1,3269.26,9545.0
2025-07-30 22:00:00+00:00,3269.4,3275.6,3268.92,3269.44,4667.0
2025-07-30 22:30:00+00:00,3269.58,3276.12,3269.36,3274.86,3849.0
2025-07-31 00:00:00+00:00,3276.58,3280.21,3273.9,3277.27,3468.0
2025-07-31 00:30:00+00:00,3277.4300000000003,3279.84,3277.04,3278.88,1510.0
2025-07-31 01:00:00+00:00,3279.04,3280.16,3277.81,3279.62,1492.0
2025-07-31 01:30:00+00:00,3279.7200000000003,3285.67,3279.52,3285.2,2662.0
2025-07-31 02:00:00+00:00,3285.21,3288.0,3282.69,3283.75,4807.0
2025-07-31 02:30:00+00:00,3283.89,3288.38,3283.7,3286.38,3698.0
2025-07-31 03:00:00+00:00,3286.54,3291.27,3285.08,3287.21,6149.0
2025-07-31 03:30:00+00:00,3287.35,3293.88,3285.47,3293.73,5121.0
2025-07-31 04:00:00+00:00,3293.94,3295.75,3291.36,3292.46,4079.0
2025-07-31 04:30:00+00:00,3292.62,3297.39,3290.42,3297.16,3945.0
2025-07-31 05:00:00+00:00,3297.3199999999997,3298.48,3293.36,3295.67,3858.0
2025-07-31 05:30:00+00:00,3295.83,3297.8,3294.29,3295.02,2839.0
2025-07-31 06:00:00+00:00,3295.14,3296.24,3293.62,3294.32,2536.0
2025-07-31 06:30:00+00:00,3294.46,3298.39,3293.88,3298.05,2484.0
2025-07-31 07:00:00+00:00,3298.21,3299.03,3295.56,3295.79,2648.0
2025-07-31 07:30:00+00:00,3295.87,3301.47,3294.62,3299.58,3971.0
2025-07-31 08:00:00+00:00,3299.66,3303.91,3298.14,3301.83,5436.0
2025-07-31 08:30:00+00:00,3302.0,3304.71,3298.02,3298.94,4381.0
2025-07-31 09:00:00+00:00,3299.12,3303.64,3298.0,3300.87,3944.0
2025-07-31 09:30:00+00:00,3301.0299999999997,3309.64,3299.37,3304.56,4882.0
2025-07-31 10:00:00+00:00,3304.7799999999997,3314.73,3303.54,3310.67,5293.0
2025-07-31 10:30:00+00:00,3310.86,3313.43,3308.76,3309.82,4157.0
2025-07-31 11:00:00+00:00,3309.96,3313.02,3306.64,3307.39,4470.0
2025-07-31 11:30:00+00:00,3307.55,3309.18,3304.82,3306.59,4448.0
2025-07-31 12:00:00+00:00,3306.73,3308.02,3303.33,3304.58,4006.0
2025-07-31 12:30:00+00:00,3304.7200000000003,3305.07,3293.73,3296.22,6091.0
2025-07-31 13:00:00+00:00,3296.38,3303.41,3295.11,3302.16,6067.0
2025-07-31 13:30:00+00:00,3302.2799999999997,3307.64,3302.13,3306.04,5301.0
2025-07-31 14:00:00+00:00,3306.2,3307.74,3304.18,3307.0,5927.0
2025-07-31 14:30:00+00:00,3307.14,3310.99,3303.86,3307.51,6643.0
2025-07-31 15:00:00+00:00,3307.6800000000003,3310.34,3304.63,3308.42,7538.0
2025-07-31 15:30:00+00:00,3308.5,3308.79,3300.51,3301.32,11417.0
2025-07-31 16:00:00+00:00,3301.48,3302.98,3295.52,3296.61,9805.0
2025-07-31 16:30:00+00:00,3296.77,3298.1,3291.29,3296.15,8257.0
2025-07-31 17:00:00+00:00,3296.2799999999997,3298.97,3291.26,3295.53,7523.0
2025-07-31 17:30:00+00:00,3295.7,3298.02,3292.78,3295.39,6298.0
2025-07-31 18:00:00+00:00,3295.56,3295.56,3289.56,3292.42,7207.0
2025-07-31 18:30:00+00:00,3292.6,3297.24,3291.34,3294.97,5610.0
2025-07-31 19:00:00+00:00,3295.11,3298.31,3294.74,3296.04,5726.0
2025-07-31 19:30:00+00:00,3296.15,3296.47,3293.94,3294.83,4761.0
2025-07-31 20:00:00+00:00,3295.0299999999997,3297.05,3292.75,3296.49,4513.0
2025-07-31 20:30:00+00:00,3296.63,3296.56,3294.44,3295.66,4159.0
2025-07-31 21:00:00+00:00,3295.88,3296.31,3290.5,3291.05,4351.0
2025-07-31 21:30:00+00:00,3291.19,3294.73,3290.44,3290.89,6003.0
2025-07-31 22:00:00+00:00,3291.0699999999997,3293.67,3290.68,3291.71,2678.0
2025-07-31 22:30:00+00:00,3291.81,3292.04,3289.82,3289.97,1971.0
2025-08-01 00:00:00+00:00,3290.46,3293.68,3289.15,3293.27,1516.0
2025-08-01 00:30:00+00:00,3293.44,3295.04,3292.68,3294.92,1281.0
2025-08-01 01:00:00+00:00,3295.06,3295.03,3288.31,3292.1,2730.0
2025-08-01 01:30:00+00:00,3292.26,3292.15,3288.01,3288.54,1890.0
2025-08-01 02:00:00+00:00,3288.62,3289.97,3286.36,3288.49,3722.0
2025-08-01 02:30:00+00:00,3288.62,3293.71,3288.06,3290.17,3760.0
2025-08-01 03:00:00+00:00,3290.36,3293.48,3288.7,3290.26,4567.0
2025-08-01 03:30:00+00:00,3290.42,3291.53,3281.5,3283.62,4990.0
2025-08-01 04:00:00+00:00,3283.71,3291.1,3283.27,3289.46,4542.0
2025-08-01 04:30:00+00:00,3289.62,3292.48,3287.02,3291.71,3824.0
2025-08-01 05:00:00+00:00,3291.85,3297.07,3291.39,3292.57,4060.0
2025-08-01 05:30:00+00:00,3292.73,3293.17,3290.46,3291.34,2767.0
2025-08-01 06:00:00+00:00,3291.4700000000003,3293.86,3290.3,3292.7,2907.0
2025-08-01 06:30:00+00:00,3292.87,3295.41,3290.01,3292.01,3417.0
2025-08-01 07:00:00+00:00,3292.12,3294.5,3291.73,3293.09,2771.0
2025-08-01 07:30:00+00:00,3293.27,3300.33,3292.58,3296.63,4304.0
2025-08-01 08:00:00+00:00,3296.7200000000003,3297.51,3291.67,3291.99,4467.0
2025-08-01 08:30:00+00:00,3292.13,3293.02,3290.49,3292.24,3740.0
2025-08-01 09:00:00+00:00,3292.44,3293.32,3289.44,3290.81,4455.0
2025-08-01 09:30:00+00:00,3291.02,3290.9,3285.21,3286.75,4857.0
2025-08-01 10:00:00+00:00,3286.86,3289.48,3285.31,3287.93,4348.0
2025-08-01 10:30:00+00:00,3288.0699999999997,3294.33,3286.62,3294.18,3850.0
2025-08-01 11:00:00+00:00,3294.42,3296.19,3293.05,3294.29,3640.0
2025-08-01 11:30:00+00:00,3294.42,3296.32,3292.71,3294.42,4116.0
2025-08-01 12:00:00+00:00,3294.59,3296.24,3293.38,3293.88,2866.0
2025-08-01 12:30:00+00:00,3294.04,3302.93,3293.23,3298.21,4441.0
2025-08-01 13:00:00+00:00,3298.38,3301.28,3298.23,3299.79,3788.0
2025-08-01 13:30:00+00:00,3299.95,3301.26,3296.77,3300.27,3437.0
2025-08-01 14:00:00+00:00,3300.4300000000003,3303.99,3297.29,3301.18,5271.0
2025-08-01 14:30:00+00:00,3301.25,3345.17,3301.1,3341.18,19900.0
2025-08-01 15:00:00+00:00,3341.3199999999997,3354.51,3339.53,3351.71,13874.0
2025-08-01 15:30:00+00:00,3351.81,3353.25,3338.77,3342.01,15257.0
2025-08-01 16:00:00+00:00,3342.17,3355.0,3342.02,3345.87,14104.0
2025-08-01 16:30:00+00:00,3346.09,3347.69,3341.31,3345.81,10086.0
2025-08-01 17:00:00+00:00,3345.99,3350.91,3341.51,3349.52,9481.0
2025-08-01 17:30:00+00:00,3349.66,3351.19,3346.87,3348.49,6854.0
2025-08-01 18:00:00+00:00,3348.62,3349.33,3340.47,3341.08,6524.0
2025-08-01 18:30:00+00:00,3341.19,3348.68,3340.46,3347.22,6150.0
2025-08-01 19:00:00+00:00,3347.4,3349.38,3345.48,3347.42,5975.0
2025-08-01 19:30:00+00:00,3347.55,3349.13,3346.85,3348.12,4127.0
2025-08-01 20:00:00+00:00,3348.3199999999997,3349.79,3345.85,3349.22,4336.0
2025-08-01 20:30:00+00:00,3349.35,3351.24,3347.41,3347.52,7110.0
2025-08-01 21:00:00+00:00,3347.69,3351.12,3347.54,3351.01,3326.0
2025-08-01 21:30:00+00:00,3351.15,3361.17,3350.88,3357.03,8560.0
2025-08-01 22:00:00+00:00,3357.24,3360.81,3356.99,3360.31,2822.0
2025-08-01 22:30:00+00:00,3360.45,3363.4,3360.3,3362.84,2999.0
2025-08-04 00:00:00+00:00,3365.2,3369.06,3359.02,3360.54,3806.0
2025-08-04 00:30:00+00:00,3360.7,3360.66,3357.52,3359.03,2941.0
2025-08-04 01:00:00+00:00,3359.24,3359.33,3354.5,3355.93,2395.0
2025-08-04 01:30:00+00:00,3356.0699999999997,3361.93,3355.89,3361.88,2471.0
2025-08-04 02:00:00+00:00,3362.02,3362.24,3354.44,3355.44,3908.0
2025-08-04 02:30:00+00:00,3355.5699999999997,3355.44,3350.09,3352.08,3691.0
2025-08-04 03:00:00+00:00,3352.26,3353.54,3344.97,3347.52,5500.0
2025-08-04 03:30:00+00:00,3347.62,3353.19,3346.64,3352.17,4453.0
2025-08-04 04:00:00+00:00,3352.41,3355.16,3350.14,3354.0,3181.0
2025-08-04 04:30:00+00:00,3354.12,3354.7,3352.05,3354.22,3007.0
2025-08-04 05:00:00+00:00,3354.38,3357.66,3354.23,3356.81,3576.0
2025-08-04 05:30:00+00:00,3356.95,3360.77,3355.49,3360.24,2935.0
2025-08-04 06:00:00+00:00,3360.35,3361.27,3359.96,3360.88,2098.0
2025-08-04 06:30:00+00:00,3360.99,3362.09,3358.74,3358.88,2375.0
2025-08-04 07:00:00+00:00,3359.04,3360.92,3358.08,3358.77,2269.0
2025-08-04 07:30:00+00:00,3358.84,3359.4,3355.43,3357.48,2786.0
2025-08-04 08:00:00+00:00,3357.6800000000003,3360.86,3353.5,3353.7,4351.0
2025-08-04 08:30:00+00:00,3353.84,3362.52,3353.68,3362.49,4181.0
2025-08-04 09:00:00+00:00,3362.69,3362.54,3353.13,3353.67,4593.0
2025-08-04 09:30:00+00:00,3353.85,3356.53,3351.63,3355.75,4649.0
2025-08-04 10:00:00+00:00,3355.95,3359.68,3354.06,3358.8,3877.0
2025-08-04 10:30:00+00:00,3358.87,3359.69,3356.91,3358.37,3318.0
2025-08-04 11:00:00+00:00,3358.5299999999997,3361.68,3357.84,3360.98,3801.0
2025-08-04 11:30:00+00:00,3361.12,3361.06,3356.83,3357.9,3822.0
2025-08-04 12:00:00+00:00,3358.04,3358.88,3352.92,3356.32,3679.0
2025-08-04 12:30:00+00:00,3356.52,3358.34,3356.12,3357.79,2895.0
2025-08-04 13:00:00+00:00,3357.96,3368.02,3357.64,3367.58,4935.0
2025-08-04 13:30:00+00:00,3367.75,3370.61,3365.66,3370.2,4053.0
2025-08-04 14:00:00+00:00,3370.36,3371.38,3363.66,3363.71,5502.0
2025-08-04 14:30:00+00:00,3363.9,3368.84,3360.97,3367.73,5540.0
2025-08-04 15:00:00+00:00,3367.9,3377.31,3367.04,3375.43,6773.0
2025-08-04 15:30:00+00:00,3375.59,3385.27,3373.38,3383.12,8882.0
2025-08-04 16:00:00+00:00,3383.3,3384.57,3374.75,3377.3,7841.0
2025-08-04 16:30:00+00:00,3377.46,3379.74,3371.74,3373.88,6642.0
2025-08-04 17:00:00+00:00,3374.05,3375.59,3371.42,3372.12,6298.0
2025-08-04 17:30:00+00:00,3372.26,3376.01,3370.61,3374.19,4840.0
2025-08-04 18:00:00+00:00,3374.35,3378.07,3372.83,3373.94,4585.0
2025-08-04 18:30:00+00:00,3374.1,3373.96,3370.55,3370.89,3889.0
2025-08-04 19:00:00+00:00,3371.06,3373.2,3370.64,3372.42,3661.0
2025-08-04 19:30:00+00:00,3372.56,3374.2,3371.76,3373.88,3300.0
2025-08-04 20:00:00+00:00,3374.09,3376.71,3373.15,3375.87,2868.0
2025-08-04 20:30:00+00:00,3376.04,3376.61,3375.01,3375.66,2825.0
2025-08-04 21:00:00+00:00,3375.8,3377.03,3375.35,3376.48,3058.0
2025-08-04 21:30:00+00:00,3376.6,3376.95,3374.38,3375.9,4015.0
2025-08-04 22:00:00+00:00,3376.06,3376.83,3374.62,3375.88,1768.0
2025-08-04 22:30:00+00:00,3376.02,3376.0,3373.27,3373.47,1379.0
2025-08-05 00:00:00+00:00,3375.25,3376.39,3374.14,3374.59,1079.0
2025-08-05 00:30:00+00:00,3374.75,3375.23,3373.67,3374.65,921.0
2025-08-05 01:00:00+00:00,3374.81,3379.25,3374.66,3379.14,2030.0
2025-08-05 01:30:00+00:00,3379.35,3379.56,3376.31,3377.34,1730.0
2025-08-05 02:00:00+00:00,3377.48,3378.86,3375.83,3377.39,2128.0
2025-08-05 02:30:00+00:00,3377.5299999999997,3381.28,3377.38,3379.75,2590.0
2025-08-05 03:00:00+00:00,3379.96,3382.34,3377.82,3379.92,3286.0
2025-08-05 03:30:00+00:00,3380.05,3382.17,3379.02,3379.05,2885.0
2025-08-05 04:00:00+00:00,3379.17,3381.33,3375.61,3375.86,3029.0
2025-08-05 04:30:00+00:00,3375.96,3378.08,3373.61,3373.61,3043.0
2025-08-05 05:00:00+00:00,3373.74,3375.36,3372.76,3373.18,2267.0
2025-08-05 05:30:00+00:00,3373.3199999999997,3374.73,3372.04,3372.04,2067.0
2025-08-05 06:00:00+00:00,3372.13,3373.07,3371.2,3372.36,1946.0
2025-08-05 06:30:00+00:00,3372.52,3372.41,3371.0,3371.09,1523.0
2025-08-05 07:00:00+00:00,3371.21,3371.08,3367.63,3369.25,3278.0
2025-08-05 07:30:00+00:00,3369.44,3374.01,3369.04,3373.91,3282.0
2025-08-05 08:00:00+00:00,3374.11,3374.09,3368.52,3369.43,3108.0
2025-08-05 08:30:00+00:00,3369.5699999999997,3370.28,3365.63,3366.2,3482.0
2025-08-05 09:00:00+00:00,3366.2799999999997,3374.54,3366.05,3374.15,4502.0
2025-08-05 09:30:00+00:00,3374.31,3375.39,3371.15,3373.57,3397.0
2025-08-05 10:00:00+00:00,3373.69,3374.55,3370.65,3372.74,3392.0
2025-08-05 10:30:00+00:00,3372.88,3373.38,3365.98,3366.03,3260.0
2025-08-05 11:00:00+00:00,3366.16,3366.22,3364.05,3364.82,2847.0
2025-08-05 11:30:00+00:00,3364.96,3365.24,3358.86,3359.64,4058.0
2025-08-05 12:00:00+00:00,3359.81,3361.71,3354.43,3356.22,4422.0
2025-08-05 12:30:00+00:00,3356.34,3357.87,3352.88,3353.07,3499.0
2025-08-05 13:00:00+00:00,3353.19,3354.11,3351.33,3352.1,3822.0
2025-08-05 13:30:00+00:00,3352.24,3354.19,3349.77,3351.31,3687.0
2025-08-05 14:00:00+00:00,3351.4700000000003,3360.73,3349.8,3360.66,5385.0
2025-08-05 14:30:00+00:00,3360.84,3366.9,3360.14,3366.06,5659.0
2025-08-05 15:00:00+00:00,3366.24,3371.62,3365.86,3370.28,9988.0
2025-08-05 15:30:00+00:00,3370.42,3379.57,3369.22,3373.74,8283.0
2025-08-05 16:00:00+00:00,3373.9700000000003,3382.14,3370.46,3379.78,10857.0
2025-08-05 16:30:00+00:00,3379.94,3386.52,3378.71,3385.17,8026.0
2025-08-05 17:00:00+00:00,3385.34,3387.86,3383.73,3384.74,5457.0
2025-08-05 17:30:00+00:00,3384.88,3389.94,3382.13,3389.43,4869.0
2025-08-05 18:00:00+00:00,3389.59,3390.35,3381.62,3382.38,4398.0
2025-08-05 18:30:00+00:00,3382.54,3383.02,3376.92,3381.98,5281.0
2025-08-05 19:00:00+00:00,3382.14,3382.28,3378.98,3379.93,3231.0
2025-08-05 19:30:00+00:00,3380.11,3382.7,3378.98,3379.99,3201.0
2025-08-05 20:00:00+00:00,3380.19,3381.11,3378.4,3379.6,3107.0
2025-08-05 20:30:00+00:00,3379.74,3380.89,3378.69,3379.96,3305.0
2025-08-05 21:00:00+00:00,3380.1,3381.31,3378.1,3379.6,2901.0
2025-08-05 21:30:00+00:00,3379.74,3380.92,3378.74,3378.87,3644.0
2025-08-05 22:00:00+00:00,3379.06,3380.41,3378.67,3379.68,1186.0
2025-08-05 22:30:00+00:00,3379.8199999999997,3380.81,3378.36,3380.69,1515.0
2025-08-06 00:00:00+00:00,3380.8199999999997,3381.71,3378.97,3379.01,1117.0
2025-08-06 00:30:00+00:00,3379.17,3380.32,3378.08,3379.57,961.0
2025-08-06 01:00:00+00:00,3379.71,3382.09,3378.85,3381.74,1231.0
2025-08-06 01:30:00+00:00,3381.95,3383.84,3381.7,3383.12,1839.0
2025-08-06 02:00:00+00:00,3383.24,3385.17,3381.43,3384.79,2399.0
2025-08-06 02:30:00+00:00,3384.95,3385.25,3380.83,3383.38,2472.0
2025-08-06 03:00:00+00:00,3383.55,3383.57,3376.09,3378.04,3951.0
2025-08-06 03:30:00+00:00,3378.1800000000003,3381.46,3373.07,3375.98,4065.0
2025-08-06 04:00:00+00:00,3376.04,3377.76,3374.17,3375.38,3225.0
2025-08-06 04:30:00+00:00,3375.45,3377.4,3374.32,3376.27,2404.0
2025-08-06 05:00:00+00:00,3376.41,3378.28,3375.41,3376.93,2386.0
2025-08-06 05:30:00+00:00,3377.06,3377.17,3373.4,3374.49,2252.0
2025-08-06 06:00:00+00:00,3374.6800000000003,3376.38,3374.36,3374.66,1460.0
2025-08-06 06:30:00+00:00,3374.8199999999997,3376.05,3372.09,3372.36,1677.0
2025-08-06 07:00:00+00:00,3372.54,3373.18,3370.65,3371.62,2050.0
2025-08-06 07:30:00+00:00,3371.79,3374.6,3370.6,3374.18,2968.0
2025-08-06 08:00:00+00:00,3374.36,3377.86,3373.17,3377.14,3508.0
2025-08-06 08:30:00+00:00,3377.2799999999997,3378.6,3373.9,3375.11,3031.0
2025-08-06 09:00:00+00:00,3375.25,3375.1,3368.95,3370.18,3176.0
2025-08-06 09:30:00+00:00,3370.26,3377.0,3370.01,3373.52,3687.0
2025-08-06 10:00:00+00:00,3373.65,3374.58,3365.11,3366.64,4545.0
2025-08-06 10:30:00+00:00,3366.7799999999997,3367.49,3364.79,3365.06,3287.0
2025-08-06 11:00:00+00:00,3365.1800000000003,3367.7,3364.02,3364.44,3514.0
2025-08-06 11:30:00+00:00,3364.61,3364.52,3358.16,3358.82,4315.0
2025-08-06 12:00:00+00:00,3358.95,3365.29,3358.16,3363.64,4678.0
2025-08-06 12:30:00+00:00,3363.8,3365.21,3359.88,3363.5,3343.0
2025-08-06 13:00:00+00:00,3363.64,3366.56,3360.59,3366.09,2967.0
2025-08-06 13:30:00+00:00,3366.26,3366.89,3363.89,3365.06,2717.0
2025-08-06 14:00:00+00:00,3365.1800000000003,3365.28,3360.12,3364.4,4306.0
2025-08-06 14:30:00+00:00,3364.52,3369.16,3360.79,3367.52,5263.0
2025-08-06 15:00:00+00:00,3367.66,3371.44,3367.16,3369.03,6137.0
2025-08-06 15:30:00+00:00,3369.2200000000003,3373.4,3365.11,3371.58,9259.0
2025-08-06 16:00:00+00:00,3371.67,3376.43,3369.42,3376.23,6982.0
2025-08-06 16:30:00+00:00,3376.37,3379.24,3374.58,3379.24,5458.0
2025-08-06 17:00:00+00:00,3379.38,3379.86,3375.47,3376.49,5194.0
2025-08-06 17:30:00+00:00,3376.69,3378.98,3369.99,3377.3,7565.0
2025-08-06 18:00:00+00:00,3377.4700000000003,3379.31,3372.88,3374.68,4970.0
2025-08-06 18:30:00+00:00,3374.84,3376.85,3374.11,3375.98,4873.0
2025-08-06 19:00:00+00:00,3376.16,3377.47,3370.74,3372.54,5144.0
2025-08-06 19:30:00+00:00,3372.7200000000003,3376.23,3372.28,3374.49,3979.0
2025-08-06 20:00:00+00:00,3374.63,3374.48,3368.98,3369.57,4738.0
2025-08-06 20:30:00+00:00,3369.73,3374.34,3369.52,3371.5,4396.0
2025-08-06 21:00:00+00:00,3371.67,3372.9,3370.3,3371.61,4545.0
2025-08-06 21:30:00+00:00,3371.75,3372.66,3370.28,3371.62,3495.0
2025-08-06 22:00:00+00:00,3371.76,3372.09,3368.39,3368.68,1960.0
2025-08-06 22:30:00+00:00,3368.81,3369.42,3367.07,3369.26,2817.0
2025-08-07 00:00:00+00:00,3369.0299999999997,3374.76,3368.43,3371.2,2708.0
2025-08-07 00:30:00+00:00,3371.36,3372.39,3370.16,3372.02,2265.0
2025-08-07 01:00:00+00:00,3372.14,3371.99,3368.71,3368.93,2219.0
2025-08-07 01:30:00+00:00,3369.0699999999997,3370.66,3367.6,3370.07,2706.0
2025-08-07 02:00:00+00:00,3370.26,3372.94,3365.2,3372.31,5096.0
2025-08-07 02:30:00+00:00,3372.61,3374.88,3370.01,3372.28,5875.0
2025-08-07 03:00:00+00:00,3372.44,3378.13,3370.17,3377.98,6226.0
2025-08-07 03:30:00+00:00,3378.15,3382.36,3377.56,3382.27,5548.0
2025-08-07 04:00:00+00:00,3382.41,3384.05,3378.38,3378.9,4706.0
2025-08-07 04:30:00+00:00,3379.09,3381.59,3378.19,3379.54,3545.0
2025-08-07 05:00:00+00:00,3379.66,3379.83,3376.45,3378.0,3446.0
2025-08-07 05:30:00+00:00,3378.16,3380.23,3376.86,3379.6,3619.0
2025-08-07 06:00:00+00:00,3379.79,3380.64,3377.38,3377.74,3516.0
2025-08-07 06:30:00+00:00,3377.88,3379.67,3376.84,3377.53,3164.0
2025-08-07 07:00:00+00:00,3377.67,3380.92,3377.24,3379.66,4564.0
2025-08-07 07:30:00+00:00,3379.8199999999997,3379.72,3371.53,3375.38,5902.0
2025-08-07 08:00:00+00:00,3375.55,3380.72,3374.89,3380.24,6997.0
2025-08-07 08:30:00+00:00,3380.42,3387.77,3379.89,3387.6,4978.0
2025-08-07 09:00:00+00:00,3387.73,3393.75,3386.24,3392.07,5152.0
2025-08-07 09:30:00+00:00,3392.24,3397.37,3392.0,3396.11,8299.0
2025-08-07 10:00:00+00:00,3396.34,3396.5,3373.17,3374.43,10956.0
2025-08-07 10:30:00+00:00,3374.56,3382.35,3372.45,3378.09,8011.0
2025-08-07 11:00:00+00:00,3378.25,3381.18,3376.33,3376.71,7782.0
2025-08-07 11:30:00+00:00,3376.83,3380.51,3373.13,3376.61,7892.0
2025-08-07 12:00:00+00:00,3376.79,3378.72,3374.42,3374.42,5576.0
2025-08-07 12:30:00+00:00,3374.56,3378.02,3371.71,3372.83,5175.0
2025-08-07 13:00:00+00:00,3372.9700000000003,3383.08,3371.68,3381.8,7128.0
2025-08-07 13:30:00+00:00,3381.9700000000003,3383.18,3375.81,3378.12,7908.0
2025-08-07 14:00:00+00:00,3378.36,3381.68,3375.22,3381.18,6195.0
2025-08-07 14:30:00+00:00,3381.3199999999997,3389.58,3379.77,3380.75,8696.0
2025-08-07 15:00:00+00:00,3380.89,3387.28,3380.13,3386.44,8437.0
2025-08-07 15:30:00+00:00,3386.5699999999997,3393.73,3384.78,3384.78,15459.0
2025-08-07 16:00:00+00:00,3384.96,3390.29,3375.25,3382.1,18167.0
2025-08-07 16:30:00+00:00,3382.24,3389.31,3380.66,3387.71,11086.0
2025-08-07 17:00:00+00:00,3387.94,3390.2,3384.35,3385.92,7879.0
2025-08-07 17:30:00+00:00,3386.1,3390.71,3385.16,3390.09,5615.0
2025-08-07 18:00:00+00:00,3390.2,3392.54,3389.24,3389.65,5570.0
2025-08-07 18:30:00+00:00,3389.79,3390.19,3387.04,3388.71,4200.0
2025-08-07 19:00:00+00:00,3388.84,3389.1,3384.19,3388.9,7562.0
2025-08-07 19:30:00+00:00,3389.08,3392.94,3387.97,3392.19,5184.0
2025-08-07 20:00:00+00:00,3392.36,3393.87,3389.05,3389.06,4614.0
2025-08-07 20:30:00+00:00,3389.1800000000003,3390.92,3387.61,3388.19,4628.0
2025-08-07 21:00:00+00:00,3388.31,3390.21,3387.3,3389.75,4384.0
2025-08-07 21:30:00+00:00,3389.91,3400.75,3389.76,3399.85,12626.0
2025-08-07 22:00:00+00:00,3399.99,3401.73,3397.88,3401.13,6164.0
2025-08-07 22:30:00+00:00,3401.29,3401.71,3392.43,3395.91,7450.0
2025-08-08 00:00:00+00:00,3404.3199999999997,3408.91,3388.56,3392.91,7025.0
2025-08-08 00:30:00+00:00,3393.0299999999997,3406.54,3390.31,3404.83,6646.0
2025-08-08 01:00:00+00:00,3405.36,3406.79,3396.85,3398.05,2972.0
2025-08-08 01:30:00+00:00,3398.04,3401.9,3396.73,3400.48,3277.0
2025-08-08 02:00:00+00:00,3400.6,3402.39,3391.25,3391.93,9207.0
2025-08-08 02:30:00+00:00,3392.15,3395.38,3387.57,3389.86,9018.0
2025-08-08 03:00:00+00:00,3390.08,3390.86,3381.86,3384.54,9468.0
2025-08-08 03:30:00+00:00,3384.74,3385.6,3381.12,3383.27,7888.0
2025-08-08 04:00:00+00:00,3383.46,3388.49,3382.92,3386.77,6963.0
2025-08-08 04:30:00+00:00,3386.9300000000003,3389.94,3386.31,3388.14,6725.0
2025-08-08 05:00:00+00:00,3388.3,3389.66,3383.6,3388.75,7254.0
2025-08-08 05:30:00+00:00,3388.86,3397.73,3388.49,3395.74,7144.0
2025-08-08 06:00:00+00:00,3395.92,3398.9,3395.01,3397.99,4733.0
2025-08-08 06:30:00+00:00,3398.12,3399.16,3393.49,3394.19,5336.0
2025-08-08 07:00:00+00:00,3394.38,3396.0,3390.77,3391.77,5196.0
2025-08-08 07:30:00+00:00,3391.9,3394.62,3390.12,3392.31,6403.0
2025-08-08 08:00:00+00:00,3392.4700000000003,3397.54,3391.84,3393.85,7608.0
2025-08-08 08:30:00+00:00,3394.01,3395.35,3388.62,3393.4,6899.0
2025-08-08 09:00:00+00:00,3393.5299999999997,3400.35,3393.38,3394.89,7911.0
2025-08-08 09:30:00+00:00,3395.0,3404.18,3392.16,3401.95,11353.0
2025-08-08 10:00:00+00:00,3402.15,3402.54,3398.11,3399.34,6810.0
2025-08-08 10:30:00+00:00,3399.5,3399.84,3394.09,3394.28,8357.0
2025-08-08 11:00:00+00:00,3394.45,3401.23,3393.91,3399.37,8273.0
2025-08-08 11:30:00+00:00,3399.54,3401.26,3396.6,3400.53,7145.0
2025-08-08 12:00:00+00:00,3400.7,3400.99,3389.43,3390.28,8020.0
2025-08-08 12:30:00+00:00,3390.39,3391.53,3384.36,3384.93,8897.0
2025-08-08 13:00:00+00:00,3385.1,3388.54,3380.27,3381.81,9555.0
2025-08-08 13:30:00+00:00,3381.92,3388.54,3381.24,3386.01,11552.0
2025-08-08 14:00:00+00:00,3386.17,3396.44,3385.07,3394.3,17287.0
2025-08-08 14:30:00+00:00,3394.41,3401.65,3388.66,3391.5,15432.0
2025-08-08 15:00:00+00:00,3391.7200000000003,3395.81,3387.44,3392.55,13383.0
2025-08-08 15:30:00+00:00,3392.6800000000003,3401.58,3389.59,3400.08,11574.0
2025-08-08 16:00:00+00:00,3400.2,3401.06,3382.96,3383.09,15219.0
2025-08-08 16:30:00+00:00,3383.23,3391.09,3381.12,3390.55,8160.0
2025-08-08 17:00:00+00:00,3390.67,3395.0,3388.68,3393.16,8134.0
2025-08-08 17:30:00+00:00,3393.34,3395.21,3390.88,3395.21,7156.0
2025-08-08 18:00:00+00:00,3395.37,3398.51,3393.53,3397.84,6559.0
2025-08-08 18:30:00+00:00,3397.96,3400.6,3397.45,3397.47,5789.0
2025-08-08 19:00:00+00:00,3397.6,3398.99,3395.27,3398.45,6637.0
2025-08-08 19:30:00+00:00,3398.63,3399.52,3378.93,3381.17,6359.0
2025-08-08 20:00:00+00:00,3381.67,3404.4,3376.12,3394.11,30715.0
2025-08-08 20:30:00+00:00,3394.27,3400.68,3390.83,3395.4,10801.0
2025-08-08 21:00:00+00:00,3395.54,3400.89,3393.25,3394.32,10329.0
2025-08-08 21:30:00+00:00,3394.46,3399.54,3392.26,3398.59,10755.0
2025-08-08 22:00:00+00:00,3398.7200000000003,3398.82,3393.47,3395.38,4573.0
2025-08-08 22:30:00+00:00,3395.54,3398.74,3392.33,3397.89,3535.0
2025-08-11 00:00:00+00:00,3398.16,3405.11,3390.54,3394.63,4702.0
2025-08-11 00:30:00+00:00,3394.8199999999997,3395.8,3392.4,3395.23,2627.0
2025-08-11 01:00:00+00:00,3395.39,3396.91,3392.53,3394.57,2076.0
2025-08-11 01:30:00+00:00,3394.73,3394.97,3390.26,3391.41,2382.0
2025-08-11 02:00:00+00:00,3391.5699999999997,3391.59,3386.26,3387.95,5818.0
2025-08-11 02:30:00+00:00,3388.09,3388.16,3381.51,3381.52,6181.0
2025-08-11 03:00:00+00:00,3381.7,3383.81,3367.72,3375.15,8839.0
2025-08-11 03:30:00+00:00,3375.24,3379.91,3371.02,3377.41,6405.0
2025-08-11 04:00:00+00:00,3377.5699999999997,3378.68,3369.63,3377.23,6332.0
2025-08-11 04:30:00+00:00,3377.45,3379.88,3373.96,3377.14,5451.0
2025-08-11 05:00:00+00:00,3377.27,3379.66,3376.05,3378.42,4232.0
2025-08-11 05:30:00+00:00,3378.5299999999997,3380.12,3374.09,3378.18,4113.0
2025-08-11 06:00:00+00:00,3378.39,3379.76,3376.02,3377.65,3863.0
2025-08-11 06:30:00+00:00,3377.7799999999997,3378.68,3375.5,3375.83,3377.0
2025-08-11 07:00:00+00:00,3375.99,3380.01,3373.86,3377.12,4798.0
2025-08-11 07:30:00+00:00,3377.2799999999997,3378.75,3375.08,3377.1,4096.0
2025-08-11 08:00:00+00:00,3377.24,3377.23,3366.33,3366.52,6703.0
2025-08-11 08:30:00+00:00,3366.65,3369.21,3363.68,3365.69,7515.0
2025-08-11 09:00:00+00:00,3365.83,3366.33,3359.47,3365.36,8194.0
2025-08-11 09:30:00+00:00,3365.5299999999997,3365.67,3357.11,3360.09,10598.0
2025-08-11 10:00:00+00:00,3360.2799999999997,3365.73,3358.73,3364.89,7158.0
2025-08-11 10:30:00+00:00,3365.0299999999997,3365.54,3361.34,3361.85,5598.0
2025-08-11 11:00:00+00:00,3362.01,3363.58,3354.29,3363.44,6532.0
2025-08-11 11:30:00+00:00,3363.5699999999997,3363.55,3352.93,3353.24,6184.0
2025-08-11 12:00:00+00:00,3353.41,3363.74,3353.04,3360.87,5721.0
2025-08-11 12:30:00+00:00,3361.0299999999997,3363.41,3358.16,3358.39,5184.0
2025-08-11 13:00:00+00:00,3358.58,3358.76,3350.08,3351.97,6974.0
2025-08-11 13:30:00+00:00,3352.11,3355.27,3349.76,3355.14,7232.0
2025-08-11 14:00:00+00:00,3355.26,3356.84,3347.29,3349.04,7034.0
2025-08-11 14:30:00+00:00,3349.1800000000003,3357.49,3344.36,3356.75,8738.0
2025-08-11 15:00:00+00:00,3356.76,3358.69,3348.26,3350.5,7728.0
2025-08-11 15:30:00+00:00,3350.69,3362.75,3349.55,3358.51,9718.0
2025-08-11 16:00:00+00:00,3358.64,3359.25,3351.79,3351.9,8974.0
2025-08-11 16:30:00+00:00,3352.0,3352.5,3341.37,3346.22,8665.0
2025-08-11 17:00:00+00:00,3346.38,3350.13,3344.8,3349.81,5846.0
2025-08-11 17:30:00+00:00,3349.9,3352.17,3347.64,3349.32,5618.0
2025-08-11 18:00:00+00:00,3349.48,3350.21,3345.23,3346.39,6142.0
2025-08-11 18:30:00+00:00,3346.5299999999997,3347.02,3342.47,3344.03,4956.0
2025-08-11 19:00:00+00:00,3344.23,3345.61,3341.97,3345.28,4419.0
2025-08-11 19:30:00+00:00,3345.44,3358.77,3341.25,3357.52,12555.0
2025-08-11 20:00:00+00:00,3357.71,3358.63,3352.24,3355.12,5977.0
2025-08-11 20:30:00+00:00,3355.2799999999997,3356.89,3353.95,3356.11,4092.0
2025-08-11 21:00:00+00:00,3356.27,3356.77,3351.68,3352.86,3027.0
2025-08-11 21:30:00+00:00,3352.9300000000003,3354.26,3350.41,3351.5,4227.0
2025-08-11 22:00:00+00:00,3351.6800000000003,3351.72,3349.57,3349.65,2397.0
2025-08-11 22:30:00+00:00,3349.79,3349.81,3342.12,3342.84,3807.0
2025-08-12 00:00:00+00:00,3343.98,3346.56,3342.16,3344.63,2223.0
2025-08-12 00:30:00+00:00,3344.76,3347.05,3342.75,3346.93,2048.0
2025-08-12 01:00:00+00:00,3347.09,3349.42,3346.15,3346.79,1951.0
2025-08-12 01:30:00+00:00,3346.95,3349.44,3346.55,3348.91,1697.0
2025-08-12 02:00:00+00:00,3349.02,3353.2,3347.4,3350.61,3570.0
2025-08-12 02:30:00+00:00,3350.77,3355.66,3350.29,3354.47,3126.0
2025-08-12 03:00:00+00:00,3354.6800000000003,3357.34,3349.81,3351.05,4590.0
2025-08-12 03:30:00+00:00,3351.17,3352.42,3346.13,3349.74,5201.0
2025-08-12 04:00:00+00:00,3349.94,3352.89,3349.66,3352.59,3221.0
2025-08-12 04:30:00+00:00,3352.79,3354.21,3350.07,3352.99,3295.0
2025-08-12 05:00:00+00:00,3353.16,3355.32,3351.0,3351.22,2936.0
2025-08-12 05:30:00+00:00,3351.36,3351.62,3348.09,3349.42,2748.0
2025-08-12 06:00:00+00:00,3349.56,3352.78,3348.54,3351.88,2413.0
2025-08-12 06:30:00+00:00,3352.04,3355.66,3349.59,3354.36,3239.0
2025-08-12 07:00:00+00:00,3354.56,3355.01,3352.92,3353.09,2851.0
2025-08-12 07:30:00+00:00,3353.25,3355.62,3350.45,3354.52,3521.0
2025-08-12 08:00:00+00:00,3354.7200000000003,3354.83,3342.21,3344.85,6197.0
2025-08-12 08:30:00+00:00,3345.01,3348.91,3342.26,3345.33,4686.0
2025-08-12 09:00:00+00:00,3345.46,3349.09,3343.7,3349.06,3686.0
2025-08-12 09:30:00+00:00,3349.2200000000003,3358.06,3348.27,3355.56,5238.0
2025-08-12 10:00:00+00:00,3355.65,3355.74,3348.52,3349.62,3937.0
2025-08-12 10:30:00+00:00,3349.74,3350.84,3345.49,3347.81,3706.0
2025-08-12 11:00:00+00:00,3347.9700000000003,3351.73,3346.77,3348.31,3136.0
2025-08-12 11:30:00+00:00,3348.45,3349.05,3344.37,3345.53,2844.0
2025-08-12 12:00:00+00:00,3345.66,3350.43,3344.02,3349.27,4238.0
2025-08-12 12:30:00+00:00,3349.41,3350.03,3343.9,3344.66,3896.0
2025-08-12 13:00:00+00:00,3344.8199999999997,3345.05,3339.4,3343.04,4350.0
2025-08-12 13:30:00+00:00,3343.1800000000003,3348.22,3335.98,3347.38,4938.0
2025-08-12 14:00:00+00:00,3347.6,3348.29,3338.52,3339.86,5466.0
2025-08-12 14:30:00+00:00,3340.0,3357.86,3339.79,3349.83,13957.0
2025-08-12 15:00:00+00:00,3349.9,3354.2,3342.55,3347.45,9530.0
2025-08-12 15:30:00+00:00,3347.67,3357.0,3340.05,3345.51,13913.0
2025-08-12 16:00:00+00:00,3345.59,3346.53,3331.01,3334.97,11400.0
2025-08-12 16:30:00+00:00,3335.06,3338.8,3332.35,3337.34,7964.0
2025-08-12 17:00:00+00:00,3337.46,3359.15,3336.83,3354.77,8580.0
2025-08-12 17:30:00+00:00,3355.01,3358.18,3348.92,3349.72,8885.0
2025-08-12 18:00:00+00:00,3349.86,3350.48,3345.81,3348.91,6508.0
2025-08-12 18:30:00+00:00,3349.0699999999997,3351.16,3347.09,3349.39,5589.0
2025-08-12 19:00:00+00:00,3349.56,3350.51,3347.25,3348.02,5064.0
2025-08-12 19:30:00+00:00,3348.19,3349.82,3346.36,3349.0,3804.0
2025-08-12 20:00:00+00:00,3349.12,3350.73,3347.91,3348.94,3880.0
2025-08-12 20:30:00+00:00,3349.11,3349.66,3347.43,3348.98,3457.0
2025-08-12 21:00:00+00:00,3349.11,3349.24,3345.53,3348.12,3292.0
2025-08-12 21:30:00+00:00,3348.2799999999997,3349.2,3346.71,3347.58,4065.0
2025-08-12 22:00:00+00:00,3347.69,3348.3,3345.95,3348.0,2130.0
2025-08-12 22:30:00+00:00,3348.14,3349.95,3347.27,3348.01,1770.0
2025-08-13 00:00:00+00:00,3348.65,3353.69,3347.5,3351.78,1721.0
2025-08-13 00:30:00+00:00,3351.96,3352.04,3349.76,3350.37,1273.0
2025-08-13 01:00:00+00:00,3350.5299999999997,3352.36,3349.93,3351.37,1310.0
2025-08-13 01:30:00+00:00,3351.5,3352.26,3349.64,3350.48,1575.0
2025-08-13 02:00:00+00:00,3350.65,3350.65,3343.65,3346.53,3550.0
2025-08-13 02:30:00+00:00,3346.71,3346.9,3342.65,3343.47,3040.0
2025-08-13 03:00:00+00:00,3343.65,3349.15,3342.74,3345.71,4572.0
2025-08-13 03:30:00+00:00,3345.84,3351.97,3345.31,3350.76,4345.0
2025-08-13 04:00:00+00:00,3350.9300000000003,3351.83,3346.57,3351.8,4178.0
2025-08-13 04:30:00+00:00,3351.94,3354.27,3349.51,3351.73,3488.0
2025-08-13 05:00:00+00:00,3351.85,3352.91,3348.49,3351.34,3343.0
2025-08-13 05:30:00+00:00,3351.4700000000003,3351.5,3349.12,3349.5,2228.0
2025-08-13 06:00:00+00:00,3349.66,3352.28,3348.11,3350.58,2340.0
2025-08-13 06:30:00+00:00,3350.7200000000003,3351.8,3349.25,3351.77,1613.0
2025-08-13 07:00:00+00:00,3351.9,3352.02,3348.46,3350.86,2264.0
2025-08-13 07:30:00+00:00,3351.0699999999997,3351.09,3345.61,3349.14,3812.0
2025-08-13 08:00:00+00:00,3349.3199999999997,3356.5,3348.86,3355.02,4456.0
2025-08-13 08:30:00+00:00,3355.2,3357.45,3353.67,3357.03,4194.0
2025-08-13 09:00:00+00:00,3357.21,3360.7,3353.8,3359.14,4385.0
2025-08-13 09:30:00+00:00,3359.2799999999997,3360.89,3354.43,3354.61,3967.0
2025-08-13 10:00:00+00:00,3354.75,3355.74,3352.77,3353.81,4691.0
2025-08-13 10:30:00+00:00,3353.94,3363.34,3353.55,3360.12,4645.0
2025-08-13 11:00:00+00:00,3360.3,3363.33,3358.56,3362.0,3116.0
2025-08-13 11:30:00+00:00,3362.11,3366.59,3361.74,3364.49,4548.0
2025-08-13 12:00:00+00:00,3364.6800000000003,3366.08,3363.0,3363.98,2959.0
2025-08-13 12:30:00+00:00,3364.21,3366.91,3363.72,3365.99,2926.0
2025-08-13 13:00:00+00:00,3366.15,3366.99,3359.38,3360.12,4254.0
2025-08-13 13:30:00+00:00,3360.26,3362.35,3358.77,3362.25,4183.0
2025-08-13 14:00:00+00:00,3362.44,3363.67,3356.36,3358.65,5408.0
2025-08-13 14:30:00+00:00,3358.76,3360.9,3355.45,3358.04,5260.0
2025-08-13 15:00:00+00:00,3358.12,3358.31,3354.15,3357.2,5602.0
2025-08-13 15:30:00+00:00,3357.31,3365.84,3356.33,3365.02,7100.0
2025-08-13 16:00:00+00:00,3365.25,3370.72,3363.1,3364.99,7245.0
2025-08-13 16:30:00+00:00,3365.19,3366.67,3361.0,3363.07,5487.0
2025-08-13 17:00:00+00:00,3363.23,3363.52,3355.61,3355.82,5439.0
2025-08-13 17:30:00+00:00,3355.95,3357.71,3354.31,3357.71,4240.0
2025-08-13 18:00:00+00:00,3357.85,3360.36,3357.11,3359.61,3818.0
2025-08-13 18:30:00+00:00,3359.75,3360.85,3357.01,3357.84,2933.0
2025-08-13 19:00:00+00:00,3358.0299999999997,3359.28,3356.92,3357.5,3107.0
2025-08-13 19:30:00+00:00,3357.66,3357.85,3352.66,3353.6,3192.0
2025-08-13 20:00:00+00:00,3353.74,3354.37,3349.91,3350.95,2985.0
2025-08-13 20:30:00+00:00,3351.09,3354.33,3350.86,3353.65,2370.0
2025-08-13 21:00:00+00:00,3353.79,3356.79,3352.53,3355.49,1988.0
2025-08-13 21:30:00+00:00,3355.63,3358.74,3354.61,3357.74,3280.0
2025-08-13 22:00:00+00:00,3357.92,3358.13,3356.34,3356.94,1435.0
2025-08-13 22:30:00+00:00,3357.1,3356.96,3355.56,3355.95,1119.0
2025-08-14 00:00:00+00:00,3357.56,3359.06,3356.55,3357.01,1283.0
2025-08-14 00:30:00+00:00,3357.1800000000003,3358.29,3356.61,3357.57,1093.0
2025-08-14 01:00:00+00:00,3357.69,3361.37,3357.51,3360.94,1844.0
2025-08-14 01:30:00+00:00,3361.08,3363.34,3360.71,3362.68,2186.0
2025-08-14 02:00:00+00:00,3362.8,3373.21,3362.6,3372.88,4634.0
2025-08-14 02:30:00+00:00,3373.44,3374.75,3369.12,3369.48,4130.0
2025-08-14 03:00:00+00:00,3369.61,3370.83,3365.29,3366.01,4882.0
2025-08-14 03:30:00+00:00,3366.25,3370.47,3365.06,3367.34,4159.0
2025-08-14 04:00:00+00:00,3367.48,3369.24,3365.14,3365.29,3722.0
2025-08-14 04:30:00+00:00,3365.46,3368.28,3362.72,3362.8,3661.0
2025-08-14 05:00:00+00:00,3362.9700000000003,3364.07,3357.02,3357.37,4845.0
2025-08-14 05:30:00+00:00,3357.5,3360.42,3355.52,3360.42,3834.0
2025-08-14 06:00:00+00:00,3360.63,3361.14,3359.26,3360.96,2784.0
2025-08-14 06:30:00+00:00,3361.13,3361.75,3358.5,3360.37,2641.0
2025-08-14 07:00:00+00:00,3360.5299999999997,3361.74,3358.52,3359.11,2595.0
2025-08-14 07:30:00+00:00,3359.3,3359.69,3356.12,3358.85,3760.0
2025-08-14 08:00:00+00:00,3358.96,3361.18,3355.92,3358.82,5096.0
2025-08-14 08:30:00+00:00,3358.9300000000003,3362.31,3357.26,3361.96,3999.0
2025-08-14 09:00:00+00:00,3362.17,3366.29,3361.43,3362.52,5716.0
2025-08-14 09:30:00+00:00,3362.66,3362.59,3343.61,3345.97,7461.0
2025-08-14 10:00:00+00:00,3346.11,3349.76,3341.47,3349.69,7328.0
2025-08-14 10:30:00+00:00,3349.8,3350.26,3344.38,3346.1,5200.0
2025-08-14 11:00:00+00:00,3346.24,3359.04,3345.03,3356.17,6318.0
2025-08-14 11:30:00+00:00,3356.31,3358.15,3353.83,3356.5,4516.0
2025-08-14 12:00:00+00:00,3356.66,3358.73,3355.31,3357.43,3869.0
2025-08-14 12:30:00+00:00,3357.59,3358.95,3352.08,3354.92,3736.0
2025-08-14 13:00:00+00:00,3355.08,3357.04,3352.45,3355.17,4061.0
2025-08-14 13:30:00+00:00,3355.31,3356.75,3353.15,3355.33,3094.0
2025-08-14 14:00:00+00:00,3355.49,3358.31,3352.77,3353.07,4762.0
2025-08-14 14:30:00+00:00,3353.26,3356.35,3341.88,3350.53,12128.0
2025-08-14 15:00:00+00:00,3350.59,3355.95,3344.84,3345.28,9312.0
2025-08-14 15:30:00+00:00,3345.41,3349.21,3343.69,3344.1,9997.0
2025-08-14 16:00:00+00:00,3344.17,3345.9,3334.19,3344.8,10792.0
2025-08-14 16:30:00+00:00,3344.92,3346.51,3339.1,3340.53,7237.0
2025-08-14 17:00:00+00:00,3340.74,3341.7,3335.31,3339.42,6685.0
2025-08-14 17:30:00+00:00,3339.56,3342.78,3337.87,3341.67,5073.0
2025-08-14 18:00:00+00:00,3341.8,3341.94,3329.73,3332.06,7240.0
2025-08-14 18:30:00+00:00,3332.2,3335.3,3330.71,3334.3,4835.0
2025-08-14 19:00:00+00:00,3334.4700000000003,3338.38,3331.82,3336.92,4697.0
2025-08-14 19:30:00+00:00,3337.11,3338.27,3335.47,3337.74,3173.0
2025-08-14 20:00:00+00:00,3337.91,3338.26,3335.99,3336.9,3178.0
2025-08-14 20:30:00+00:00,3337.06,3339.29,3336.68,3338.21,2929.0
2025-08-14 21:00:00+00:00,3338.3,3340.94,3337.89,3340.42,2432.0
2025-08-14 21:30:00+00:00,3340.58,3340.92,3337.87,3337.9,2825.0
2025-08-14 22:00:00+00:00,3338.06,3338.44,3334.45,3335.39,1859.0
2025-08-14 22:30:00+00:00,3335.5299999999997,3335.86,3334.61,3335.33,1638.0
2025-08-15 00:00:00+00:00,3335.13,3337.67,3332.51,3333.94,1525.0
2025-08-15 00:30:00+00:00,3334.14,3334.78,3332.37,3333.22,1733.0
2025-08-15 01:00:00+00:00,3333.46,3334.53,3332.14,3334.52,1425.0
2025-08-15 01:30:00+00:00,3334.65,3336.59,3333.96,3335.51,1593.0
2025-08-15 02:00:00+00:00,3335.6800000000003,3336.07,3332.39,3335.8,3182.0
2025-08-15 02:30:00+00:00,3335.99,3338.68,3334.64,3337.07,2789.0
2025-08-15 03:00:00+00:00,3337.23,3337.52,3333.26,3336.55,4095.0
2025-08-15 03:30:00+00:00,3336.69,3340.17,3335.15,3339.56,4125.0
2025-08-15 04:00:00+00:00,3339.7,3340.01,3336.58,3337.95,2948.0
2025-08-15 04:30:00+00:00,3338.09,3340.77,3337.41,3340.43,3190.0
2025-08-15 05:00:00+00:00,3340.59,3341.06,3340.07,3340.74,2614.0
2025-08-15 05:30:00+00:00,3340.91,3344.75,3340.57,3343.35,2779.0
2025-08-15 06:00:00+00:00,3343.48,3346.17,3343.25,3345.65,2708.0
2025-08-15 06:30:00+00:00,3345.7799999999997,3346.54,3343.35,3345.4,2662.0
2025-08-15 07:00:00+00:00,3345.61,3348.62,3343.04,3343.34,3065.0
2025-08-15 07:30:00+00:00,3343.4300000000003,3347.27,3341.94,3343.74,3319.0
2025-08-15 08:00:00+00:00,3343.9300000000003,3343.96,3340.89,3341.41,4143.0
2025-08-15 08:30:00+00:00,3341.55,3343.89,3340.13,3340.34,3137.0
2025-08-15 09:00:00+00:00,3340.5,3345.77,3340.08,3344.63,3892.0
2025-08-15 09:30:00+00:00,3344.77,3346.49,3340.28,3346.17,4341.0
2025-08-15 10:00:00+00:00,3346.33,3348.18,3338.88,3339.37,4756.0
2025-08-15 10:30:00+00:00,3339.46,3342.75,3338.33,3341.15,3904.0
2025-08-15 11:00:00+00:00,3341.27,3344.85,3338.38,3344.15,4408.0
2025-08-15 11:30:00+00:00,3344.34,3344.73,3340.53,3342.59,3699.0
2025-08-15 12:00:00+00:00,3342.73,3342.61,3337.34,3338.13,3532.0
2025-08-15 12:30:00+00:00,3338.2200000000003,3340.43,3336.37,3337.6,3473.0
2025-08-15 13:00:00+00:00,3337.76,3340.58,3337.06,3339.94,3481.0
2025-08-15 13:30:00+00:00,3340.1,3344.08,3339.8,3342.25,3827.0
2025-08-15 14:00:00+00:00,3342.39,3342.79,3337.01,3337.23,4937.0
2025-08-15 14:30:00+00:00,3337.8,3343.82,3333.48,3342.59,8136.0
2025-08-15 15:00:00+00:00,3342.81,3345.85,3336.36,3338.36,7084.0
2025-08-15 15:30:00+00:00,3338.49,3340.21,3332.8,3335.31,8048.0
2025-08-15 16:00:00+00:00,3335.45,3342.61,3335.03,3338.42,6865.0
2025-08-15 16:30:00+00:00,3338.56,3343.53,3338.41,3341.7,5372.0
2025-08-15 17:00:00+00:00,3341.87,3344.54,3341.7,3343.25,4808.0
2025-08-15 17:30:00+00:00,3343.41,3344.96,3341.34,3342.26,3991.0
2025-08-15 18:00:00+00:00,3342.48,3342.41,3337.13,3338.59,3796.0
2025-08-15 18:30:00+00:00,3338.76,3339.44,3335.69,3338.1,3390.0
2025-08-15 19:00:00+00:00,3338.31,3338.92,3335.05,3336.35,3435.0
2025-08-15 19:30:00+00:00,3336.52,3337.2,3335.43,3335.96,2720.0
2025-08-15 20:00:00+00:00,3336.14,3338.16,3334.65,3337.04,2884.0
2025-08-15 20:30:00+00:00,3337.2,3337.53,3335.53,3335.91,2398.0
2025-08-15 21:00:00+00:00,3336.05,3337.41,3334.36,3337.19,2781.0
2025-08-15 21:30:00+00:00,3337.35,3339.6,3336.52,3339.11,3589.0
2025-08-15 22:00:00+00:00,3339.2200000000003,3339.4,3336.3,3336.89,1758.0
2025-08-15 22:30:00+00:00,3337.0299999999997,3337.37,3335.07,3335.66,1866.0
2025-08-18 00:00:00+00:00,3337.05,3338.84,3332.92,3334.95,2445.0
2025-08-18 00:30:00+00:00,3335.04,3335.08,3333.88,3334.26,994.0
2025-08-18 01:00:00+00:00,3334.42,3334.33,3323.47,3329.11,3622.0
2025-08-18 01:30:00+00:00,3329.31,3329.61,3325.72,3327.03,2333.0
2025-08-18 02:00:00+00:00,3327.2,3342.06,3326.71,3340.16,5123.0
2025-08-18 02:30:00+00:00,3340.3199999999997,3342.71,3338.81,3340.54,3607.0
2025-08-18 03:00:00+00:00,3340.65,3344.08,3339.76,3340.34,5155.0
2025-08-18 03:30:00+00:00,3340.54,3347.33,3339.57,3346.79,4314.0
2025-08-18 04:00:00+00:00,3346.86,3347.48,3342.32,3342.71,2981.0
2025-08-18 04:30:00+00:00,3342.91,3344.66,3342.63,3343.31,2551.0
2025-08-18 05:00:00+00:00,3343.41,3346.84,3343.23,3346.65,2554.0
2025-08-18 05:30:00+00:00,3346.76,3351.74,3346.37,3346.99,3423.0
2025-08-18 06:00:00+00:00,3347.15,3352.57,3346.74,3352.33,2706.0
2025-08-18 06:30:00+00:00,3352.4700000000003,3358.12,3352.32,3357.44,3405.0
2025-08-18 07:00:00+00:00,3357.58,3358.32,3351.15,3351.15,3542.0
2025-08-18 07:30:00+00:00,3351.29,3351.39,3346.53,3349.53,5198.0
2025-08-18 08:00:00+00:00,3349.62,3351.05,3345.96,3349.42,4100.0
2025-08-18 08:30:00+00:00,3349.56,3350.65,3347.77,3349.37,3225.0
2025-08-18 09:00:00+00:00,3349.5299999999997,3355.51,3348.07,3352.3,4331.0
2025-08-18 09:30:00+00:00,3352.42,3352.59,3347.12,3349.0,3969.0
2025-08-18 10:00:00+00:00,3349.09,3349.88,3344.52,3347.77,4284.0
2025-08-18 10:30:00+00:00,3347.9,3349.74,3346.66,3348.61,3254.0
2025-08-18 11:00:00+00:00,3348.73,3350.95,3348.04,3348.64,3207.0
2025-08-18 11:30:00+00:00,3348.76,3351.61,3347.54,3348.12,3948.0
2025-08-18 12:00:00+00:00,3348.25,3351.33,3347.91,3348.62,3220.0
2025-08-18 12:30:00+00:00,3348.76,3350.05,3346.44,3346.54,3078.0
2025-08-18 13:00:00+00:00,3346.67,3348.63,3346.46,3348.51,2836.0
2025-08-18 13:30:00+00:00,3348.65,3348.52,3344.49,3345.39,2929.0
2025-08-18 14:00:00+00:00,3345.52,3347.91,3345.05,3346.28,4054.0
2025-08-18 14:30:00+00:00,3346.5,3348.72,3343.09,3344.68,4996.0
2025-08-18 15:00:00+00:00,3344.7799999999997,3344.91,3340.3,3342.97,6435.0
2025-08-18 15:30:00+00:00,3343.09,3343.87,3335.68,3336.76,6277.0
2025-08-18 16:00:00+00:00,3336.94,3338.27,3332.33,3335.75,6729.0
2025-08-18 16:30:00+00:00,3335.81,3338.6,3332.86,3334.24,5677.0
2025-08-18 17:00:00+00:00,3334.38,3335.83,3332.2,3334.61,4616.0
2025-08-18 17:30:00+00:00,3334.77,3336.31,3333.12,3335.57,2322.0
2025-08-18 18:00:00+00:00,3335.73,3335.77,3331.78,3332.38,3774.0
2025-08-18 18:30:00+00:00,3332.54,3334.54,3331.69,3334.25,3581.0
2025-08-18 19:00:00+00:00,3334.41,3334.29,3331.66,3332.51,3459.0
2025-08-18 19:30:00+00:00,3332.61,3334.79,3332.28,3333.56,2362.0
2025-08-18 20:00:00+00:00,3333.7,3333.69,3331.98,3332.88,1917.0
2025-08-18 20:30:00+00:00,3333.02,3333.32,3331.4,3331.8,1841.0
2025-08-18 21:00:00+00:00,3332.01,3332.24,3330.21,3331.76,2775.0
2025-08-18 21:30:00+00:00,3331.89,3334.21,3331.3,3333.5,2709.0
2025-08-18 22:00:00+00:00,3333.67,3334.24,3333.21,3333.24,933.0
2025-08-18 22:30:00+00:00,3333.41,3333.92,3332.56,3332.74,1017.0
2025-08-19 00:00:00+00:00,3332.59,3334.58,3331.09,3333.77,1443.0
2025-08-19 00:30:00+00:00,3333.91,3334.37,3332.93,3334.37,815.0
2025-08-19 01:00:00+00:00,3334.51,3334.57,3331.66,3332.19,1137.0
2025-08-19 01:30:00+00:00,3332.33,3333.23,3330.46,3330.88,1789.0
2025-08-19 02:00:00+00:00,3331.05,3339.13,3325.99,3337.19,5610.0
2025-08-19 02:30:00+00:00,3337.37,3338.35,3332.63,3335.08,3574.0
2025-08-19 03:00:00+00:00,3335.24,3335.62,3330.08,3332.46,5689.0
2025-08-19 03:30:00+00:00,3332.58,3335.57,3330.88,3332.95,4700.0
2025-08-19 04:00:00+00:00,3332.98,3334.69,3329.44,3333.52,3884.0
2025-08-19 04:30:00+00:00,3333.65,3338.02,3332.26,3338.0,3021.0
2025-08-19 05:00:00+00:00,3338.14,3341.52,3337.46,3340.94,3980.0
2025-08-19 05:30:00+00:00,3341.1,3341.5,3337.09,3337.75,2807.0
2025-08-19 06:00:00+00:00,3337.91,3338.04,3335.68,3336.25,2054.0
2025-08-19 06:30:00+00:00,3336.41,3338.12,3334.38,3337.62,2512.0
2025-08-19 07:00:00+00:00,3337.7799999999997,3340.53,3336.34,3339.79,2619.0
2025-08-19 07:30:00+00:00,3339.9300000000003,3340.55,3335.77,3336.11,3246.0
2025-08-19 08:00:00+00:00,3336.24,3338.69,3335.05,3336.32,3311.0
2025-08-19 08:30:00+00:00,3336.42,3337.36,3334.39,3335.91,3004.0
2025-08-19 09:00:00+00:00,3336.08,3341.69,3334.9,3339.72,4488.0
2025-08-19 09:30:00+00:00,3339.86,3340.81,3337.5,3340.68,3756.0
2025-08-19 10:00:00+00:00,3340.8,3340.89,3336.46,3338.56,3249.0
2025-08-19 10:30:00+00:00,3338.76,3339.41,3337.01,3337.93,2616.0
2025-08-19 11:00:00+00:00,3338.0699999999997,3339.36,3336.92,3337.82,2573.0
2025-08-19 11:30:00+00:00,3337.96,3339.59,3336.88,3339.26,2553.0
2025-08-19 12:00:00+00:00,3339.42,3345.2,3339.2,3343.72,3590.0
2025-08-19 12:30:00+00:00,3343.88,3344.0,3341.63,3343.47,2543.0
2025-08-19 13:00:00+00:00,3343.6800000000003,3344.68,3340.98,3341.64,2853.0
2025-08-19 13:30:00+00:00,3341.81,3342.16,3339.19,3339.66,3228.0
2025-08-19 14:00:00+00:00,3339.8199999999997,3340.48,3336.01,3338.01,4158.0
2025-08-19 14:30:00+00:00,3338.15,3338.02,3334.24,3334.66,4660.0
2025-08-19 15:00:00+00:00,3334.86,3335.49,3325.69,3331.69,7379.0
2025-08-19 15:30:00+00:00,3331.8199999999997,3339.2,3331.53,3334.0,6751.0
2025-08-19 16:00:00+00:00,3333.73,3336.85,3332.65,3335.1,3608.0
2025-08-19 16:30:00+00:00,3335.9700000000003,3336.56,3320.88,3325.22,4356.0
2025-08-19 17:00:00+00:00,3325.74,3326.67,3321.51,3324.04,10756.0
2025-08-19 17:30:00+00:00,3324.1800000000003,3326.1,3321.61,3322.57,4333.0
2025-08-19 18:00:00+00:00,3322.71,3324.34,3318.61,3319.37,4194.0
2025-08-19 18:30:00+00:00,3319.56,3320.7,3316.96,3317.38,4294.0
2025-08-19 19:00:00+00:00,3317.55,3318.93,3314.83,3315.47,4628.0
2025-08-19 19:30:00+00:00,3315.61,3319.94,3315.39,3317.41,3696.0
2025-08-19 20:00:00+00:00,3317.5699999999997,3319.01,3316.73,3318.85,2774.0
2025-08-19 20:30:00+00:00,3318.98,3320.16,3318.03,3318.43,2454.0
2025-08-19 21:00:00+00:00,3318.5699999999997,3318.8,3316.46,3316.87,3456.0
2025-08-19 21:30:00+00:00,3317.01,3317.33,3315.43,3315.84,3786.0
2025-08-19 22:00:00+00:00,3315.9700000000003,3316.85,3314.88,3316.63,1537.0
2025-08-19 22:30:00+00:00,3316.83,3317.41,3315.01,3315.58,1577.0
2025-08-20 00:00:00+00:00,3316.36,3317.52,3315.31,3317.05,1177.0
2025-08-20 00:30:00+00:00,3317.2200000000003,3317.38,3315.68,3316.79,1102.0
2025-08-20 01:00:00+00:00,3316.89,3316.8,3314.92,3315.48,1683.0
2025-08-20 01:30:00+00:00,3315.61,3316.64,3312.8,3314.18,2045.0
2025-08-20 02:00:00+00:00,3314.3199999999997,3316.05,3313.14,3313.66,3027.0
2025-08-20 02:30:00+00:00,3313.73,3316.83,3312.78,3315.95,3224.0
2025-08-20 03:00:00+00:00,3316.13,3316.76,3311.46,3311.97,4827.0
2025-08-20 03:30:00+00:00,3312.14,3317.69,3311.45,3315.19,4555.0
2025-08-20 04:00:00+00:00,3315.2799999999997,3317.06,3313.05,3314.58,3874.0
2025-08-20 04:30:00+00:00,3314.74,3315.35,3312.37,3314.01,3703.0
2025-08-20 05:00:00+00:00,3314.14,3318.13,3313.96,3317.28,3964.0
2025-08-20 05:30:00+00:00,3317.41,3318.5,3316.56,3317.46,2455.0
2025-08-20 06:00:00+00:00,3317.58,3319.34,3317.1,3318.37,2013.0
2025-08-20 06:30:00+00:00,3318.54,3320.86,3318.22,3318.62,2483.0
2025-08-20 07:00:00+00:00,3318.7799999999997,3320.39,3318.1,3318.54,2346.0
2025-08-20 07:30:00+00:00,3318.6800000000003,3323.78,3318.4,3323.41,3481.0
2025-08-20 08:00:00+00:00,3323.58,3325.85,3322.54,3323.41,4878.0
2025-08-20 08:30:00+00:00,3323.55,3324.78,3322.14,3322.94,3429.0
2025-08-20 09:00:00+00:00,3323.06,3327.49,3321.51,3324.49,3846.0
2025-08-20 09:30:00+00:00,3324.62,3326.51,3323.58,3324.76,3179.0
2025-08-20 10:00:00+00:00,3324.88,3324.79,3321.47,3321.56,3548.0
2025-08-20 10:30:00+00:00,3321.73,3325.53,3320.86,3324.86,3539.0
2025-08-20 11:00:00+00:00,3325.04,3327.32,3323.44,3325.47,3392.0
2025-08-20 11:30:00+00:00,3325.61,3327.32,3325.36,3326.09,3284.0
2025-08-20 12:00:00+00:00,3326.2,3326.98,3323.77,3326.74,3574.0
2025-08-20 12:30:00+00:00,3326.9,3327.79,3325.42,3326.39,3294.0
2025-08-20 13:00:00+00:00,3326.49,3331.1,3325.66,3330.78,4351.0
2025-08-20 13:30:00+00:00,3330.92,3332.82,3328.9,3332.23,4937.0
2025-08-20 14:00:00+00:00,3332.4300000000003,3338.23,3332.03,3337.84,5979.0
2025-08-20 14:30:00+00:00,3338.02,3344.78,3337.51,3342.79,6514.0
2025-08-20 15:00:00+00:00,3342.9300000000003,3343.68,3338.84,3340.69,5683.0
2025-08-20 15:30:00+00:00,3340.85,3348.3,3340.25,3344.81,6972.0
2025-08-20 16:00:00+00:00,3345.05,3345.9,3339.93,3344.34,5827.0
2025-08-20 16:30:00+00:00,3344.51,3350.19,3344.14,3346.81,6232.0
2025-08-20 17:00:00+00:00,3346.95,3346.88,3339.52,3341.15,5159.0
2025-08-20 17:30:00+00:00,3341.2799999999997,3342.91,3338.85,3340.62,3656.0
2025-08-20 18:00:00+00:00,3340.7799999999997,3345.81,3340.62,3343.63,3539.0
2025-08-20 18:30:00+00:00,3343.76,3345.93,3343.57,3345.04,2810.0
2025-08-20 19:00:00+00:00,3345.15,3346.3,3344.0,3345.5,3515.0
2025-08-20 19:30:00+00:00,3345.63,3347.99,3345.16,3346.92,3069.0
2025-08-20 20:00:00+00:00,3347.11,3347.07,3343.98,3344.12,3462.0
2025-08-20 20:30:00+00:00,3344.26,3346.27,3344.09,3345.64,2824.0
2025-08-20 21:00:00+00:00,3345.8,3349.15,3345.03,3348.52,2854.0
2025-08-20 21:30:00+00:00,3348.65,3349.15,3347.38,3348.71,3361.0
2025-08-20 22:00:00+00:00,3348.84,3349.06,3347.4,3349.05,1419.0
2025-08-20 22:30:00+00:00,3349.21,3349.2,3347.39,3348.24,1644.0
2025-08-21 00:00:00+00:00,3350.0699999999997,3351.99,3348.7,3350.05,1951.0
2025-08-21 00:30:00+00:00,3350.19,3351.11,3349.14,3349.59,1475.0
2025-08-21 01:00:00+00:00,3349.75,3349.6,3347.08,3347.86,1876.0
2025-08-21 01:30:00+00:00,3347.9300000000003,3348.28,3346.26,3346.79,1844.0
2025-08-21 02:00:00+00:00,3346.9300000000003,3346.78,3342.35,3343.75,2755.0
2025-08-21 02:30:00+00:00,3343.86,3344.16,3341.38,3342.24,2610.0
2025-08-21 03:00:00+00:00,3342.4,3344.63,3340.73,3342.73,3431.0
2025-08-21 03:30:00+00:00,3342.86,3346.25,3341.51,3342.68,3562.0
2025-08-21 04:00:00+00:00,3342.81,3343.94,3340.33,3341.08,2785.0
2025-08-21 04:30:00+00:00,3341.2200000000003,3344.94,3341.07,3344.56,2867.0
2025-08-21 05:00:00+00:00,3344.7,3344.75,3342.74,3342.77,2394.0
2025-08-21 05:30:00+00:00,3342.85,3343.09,3339.67,3339.81,2146.0
2025-08-21 06:00:00+00:00,3339.9700000000003,3340.46,3338.61,3339.91,1956.0
2025-08-21 06:30:00+00:00,3340.04,3340.95,3337.92,3338.2,1766.0
2025-08-21 07:00:00+00:00,3338.36,3339.87,3336.95,3338.76,2334.0
2025-08-21 07:30:00+00:00,3338.95,3340.57,3338.56,3338.76,2768.0
2025-08-21 08:00:00+00:00,3338.9,3339.79,3334.2,3334.51,4211.0
2025-08-21 08:30:00+00:00,3334.63,3337.87,3334.43,3336.53,3167.0
2025-08-21 09:00:00+00:00,3336.66,3339.16,3335.33,3337.89,3714.0
2025-08-21 09:30:00+00:00,3338.08,3341.37,3337.12,3339.58,3144.0
2025-08-21 10:00:00+00:00,3339.8,3340.66,3338.91,3339.89,2381.0
2025-08-21 10:30:00+00:00,3340.05,3341.28,3337.81,3339.54,2987.0
2025-08-21 11:00:00+00:00,3339.66,3340.59,3337.93,3339.33,2792.0
2025-08-21 11:30:00+00:00,3339.44,3342.08,3338.48,3340.57,2759.0
2025-08-21 12:00:00+00:00,3340.71,3341.45,3338.5,3339.47,2043.0
2025-08-21 12:30:00+00:00,3339.61,3339.46,3327.48,3328.32,5536.0
2025-08-21 13:00:00+00:00,3328.55,3332.7,3325.36,3330.99,4813.0
2025-08-21 13:30:00+00:00,3331.16,3334.29,3330.09,3333.53,4074.0
2025-08-21 14:00:00+00:00,3333.67,3342.7,3333.52,3337.66,5699.0
2025-08-21 14:30:00+00:00,3337.92,3345.01,3336.56,3341.83,7849.0
2025-08-21 15:00:00+00:00,3341.9700000000003,3345.41,3339.13,3345.22,6274.0
2025-08-21 15:30:00+00:00,3345.39,3347.27,3336.95,3339.32,12775.0
2025-08-21 16:00:00+00:00,3339.49,3345.5,3338.9,3344.7,11416.0
2025-08-21 16:30:00+00:00,3344.89,3348.0,3341.52,3344.13,6645.0
2025-08-21 17:00:00+00:00,3344.31,3345.18,3337.5,3343.63,6648.0
2025-08-21 17:30:00+00:00,3343.87,3346.07,3341.4,3343.5,5763.0
2025-08-21 18:00:00+00:00,3343.66,3343.83,3339.95,3340.99,3723.0
2025-08-21 18:30:00+00:00,3341.13,3341.28,3338.24,3339.66,6858.0
2025-08-21 19:00:00+00:00,3339.8,3341.95,3337.82,3338.42,3113.0
2025-08-21 19:30:00+00:00,3338.59,3340.08,3336.89,3336.99,2626.0
2025-08-21 20:00:00+00:00,3337.11,3339.31,3336.52,3338.51,2652.0
2025-08-21 20:30:00+00:00,3338.65,3339.49,3338.11,3339.25,1777.0
2025-08-21 21:00:00+00:00,3339.41,3341.63,3338.94,3341.46,2137.0
2025-08-21 21:30:00+00:00,3341.62,3341.83,3337.89,3338.72,2438.0
2025-08-21 22:00:00+00:00,3338.89,3339.17,3337.9,3338.57,1144.0
2025-08-21 22:30:00+00:00,3338.71,3338.99,3337.81,3338.53,1100.0
2025-08-22 00:00:00+00:00,3339.34,3340.48,3338.19,3340.16,1162.0
2025-08-22 00:30:00+00:00,3340.3,3340.51,3338.79,3338.86,1306.0
2025-08-22 01:00:00+00:00,3338.98,3339.41,3337.31,3337.83,1001.0
2025-08-22 01:30:00+00:00,3337.85,3339.45,3337.45,3338.26,1180.0
2025-08-22 02:00:00+00:00,3338.4300000000003,3338.36,3334.96,3337.54,2989.0
2025-08-22 02:30:00+00:00,3337.71,3339.78,3336.8,3339.49,2235.0
2025-08-22 03:00:00+00:00,3339.73,3340.15,3336.71,3337.28,3031.0
2025-08-22 03:30:00+00:00,3337.44,3338.48,3333.72,3334.04,3481.0
2025-08-22 04:00:00+00:00,3334.21,3336.18,3333.34,3335.11,3421.0
2025-08-22 04:30:00+00:00,3335.27,3335.52,3332.71,3334.02,2930.0
2025-08-22 05:00:00+00:00,3334.1800000000003,3334.12,3331.57,3333.6,3020.0
2025-08-22 05:30:00+00:00,3333.7,3335.27,3331.69,3331.86,2614.0
2025-08-22 06:00:00+00:00,3332.0299999999997,3332.62,3329.18,3329.31,2517.0
2025-08-22 06:30:00+00:00,3329.51,3329.9,3327.92,3328.37,2189.0
2025-08-22 07:00:00+00:00,3328.5299999999997,3329.72,3327.13,3329.55,2472.0
2025-08-22 07:30:00+00:00,3329.73,3331.34,3327.99,3330.02,3246.0
2025-08-22 08:00:00+00:00,3330.13,3330.33,3326.93,3327.39,3673.0
2025-08-22 08:30:00+00:00,3327.5699999999997,3329.41,3325.69,3329.4,3306.0
2025-08-22 09:00:00+00:00,3329.54,3334.96,3328.82,3332.38,4137.0
2025-08-22 09:30:00+00:00,3332.56,3332.5,3325.76,3327.41,3910.0
2025-08-22 10:00:00+00:00,3327.5299999999997,3330.56,3325.3,3329.11,4514.0
2025-08-22 10:30:00+00:00,3329.24,3330.4,3326.89,3328.7,3439.0
2025-08-22 11:00:00+00:00,3328.84,3331.25,3328.15,3328.21,2554.0
2025-08-22 11:30:00+00:00,3328.35,3331.5,3328.11,3330.02,2749.0
2025-08-22 12:00:00+00:00,3330.16,3331.41,3328.89,3330.34,2588.0
2025-08-22 12:30:00+00:00,3330.51,3331.63,3329.08,3330.85,2419.0
2025-08-22 13:00:00+00:00,3330.98,3330.97,3327.78,3329.32,2993.0
2025-08-22 13:30:00+00:00,3329.5,3330.98,3327.64,3329.32,3125.0
2025-08-22 14:00:00+00:00,3329.39,3329.89,3325.13,3325.91,6105.0
2025-08-22 14:30:00+00:00,3326.11,3327.1,3321.37,3323.38,7194.0
2025-08-22 15:00:00+00:00,3323.56,3329.2,3323.21,3328.62,6332.0
2025-08-22 15:30:00+00:00,3328.8199999999997,3335.92,3328.67,3333.59,7386.0
2025-08-22 16:00:00+00:00,3333.77,3367.71,3333.62,3365.89,19198.0
2025-08-22 16:30:00+00:00,3366.1,3376.67,3365.95,3373.74,11595.0
2025-08-22 17:00:00+00:00,3373.88,3377.96,3373.0,3376.76,8297.0
2025-08-22 17:30:00+00:00,3376.92,3378.76,3367.32,3367.83,7589.0
2025-08-22 18:00:00+00:00,3367.92,3374.06,3367.77,3368.83,5512.0
2025-08-22 18:30:00+00:00,3368.99,3372.04,3368.72,3370.51,4197.0
2025-08-22 19:00:00+00:00,3370.65,3373.88,3370.42,3373.81,4086.0
2025-08-22 19:30:00+00:00,3373.9700000000003,3375.46,3373.25,3374.16,3276.0
2025-08-22 20:00:00+00:00,3374.29,3374.95,3370.97,3372.66,3236.0
2025-08-22 20:30:00+00:00,3372.8199999999997,3373.96,3371.73,3372.66,2763.0
2025-08-22 21:00:00+00:00,3372.86,3372.82,3368.82,3369.93,2941.0
2025-08-22 21:30:00+00:00,3370.09,3373.56,3368.94,3373.12,4049.0
2025-08-22 22:00:00+00:00,3373.29,3373.56,3370.13,3371.2,2250.0
2025-08-22 22:30:00+00:00,3371.36,3372.41,3370.68,3371.43,1555.0
2025-08-25 00:00:00+00:00,3371.3,3372.0,3367.07,3367.7,2448.0
2025-08-25 00:30:00+00:00,3367.8,3367.71,3365.8,3367.16,1664.0
2025-08-25 01:00:00+00:00,3367.3199999999997,3368.26,3366.3,3367.29,1377.0
2025-08-25 01:30:00+00:00,3367.4700000000003,3370.93,3366.77,3369.0,1988.0
2025-08-25 02:00:00+00:00,3369.14,3369.58,3364.34,3364.81,3065.0
2025-08-25 02:30:00+00:00,3364.9300000000003,3365.54,3363.18,3364.81,2378.0
2025-08-25 03:00:00+00:00,3364.94,3367.69,3363.96,3364.67,4232.0
2025-08-25 03:30:00+00:00,3364.73,3365.0,3360.61,3362.81,3447.0
2025-08-25 04:00:00+00:00,3362.98,3362.91,3359.74,3362.34,3487.0
2025-08-25 04:30:00+00:00,3362.44,3365.05,3362.29,3364.39,2642.0
2025-08-25 05:00:00+00:00,3364.52,3367.32,3364.14,3366.2,2426.0
2025-08-25 05:30:00+00:00,3366.38,3367.96,3365.9,3367.2,1871.0
2025-08-25 06:00:00+00:00,3367.36,3367.57,3363.8,3365.55,2199.0
2025-08-25 06:30:00+00:00,3365.7200000000003,3366.91,3365.11,3366.01,1552.0
2025-08-25 07:00:00+00:00,3366.11,3365.98,3363.63,3363.69,2043.0
2025-08-25 07:30:00+00:00,3363.85,3365.01,3363.0,3364.53,2315.0
2025-08-25 08:00:00+00:00,3364.67,3369.17,3364.44,3368.54,3265.0
2025-08-25 08:30:00+00:00,3368.7,3369.46,3365.83,3368.84,2925.0
2025-08-25 09:00:00+00:00,3368.98,3369.75,3366.3,3368.83,2371.0
2025-08-25 09:30:00+00:00,3369.04,3369.43,3366.04,3366.13,2096.0
2025-08-25 10:00:00+00:00,3366.29,3366.68,3363.64,3363.75,2735.0
2025-08-25 10:30:00+00:00,3363.91,3365.24,3363.38,3363.86,2141.0
2025-08-25 11:00:00+00:00,3364.02,3364.28,3361.91,3362.62,1765.0
2025-08-25 11:30:00+00:00,3362.76,3367.9,3362.09,3367.25,2783.0
2025-08-25 12:00:00+00:00,3367.41,3368.34,3365.07,3365.21,2363.0
2025-08-25 12:30:00+00:00,3365.4,3367.84,3365.08,3365.98,2207.0
2025-08-25 13:00:00+00:00,3366.12,3368.31,3365.68,3367.69,2187.0
2025-08-25 13:30:00+00:00,3367.85,3371.4,3367.7,3370.51,2670.0
2025-08-25 14:00:00+00:00,3370.62,3371.17,3368.18,3368.8,2934.0
2025-08-25 14:30:00+00:00,3368.96,3369.08,3364.16,3364.43,3827.0
2025-08-25 15:00:00+00:00,3364.5699999999997,3365.03,3362.11,3363.82,4305.0
2025-08-25 15:30:00+00:00,3364.01,3371.23,3363.7,3370.73,6420.0
2025-08-25 16:00:00+00:00,3370.92,3374.15,3369.28,3370.98,6428.0
2025-08-25 16:30:00+00:00,3371.16,3375.36,3371.01,3374.25,5372.0
2025-08-25 17:00:00+00:00,3374.41,3376.17,3373.63,3374.01,4393.0
2025-08-25 17:30:00+00:00,3374.15,3374.67,3371.79,3373.96,3943.0
2025-08-25 18:00:00+00:00,3374.12,3373.98,3372.33,3372.8,3075.0
2025-08-25 18:30:00+00:00,3372.96,3374.27,3371.63,3373.74,2695.0
2025-08-25 19:00:00+00:00,3373.91,3374.77,3372.78,3372.92,2833.0
2025-08-25 19:30:00+00:00,3373.06,3372.93,3370.83,3371.07,2721.0
2025-08-25 20:00:00+00:00,3371.1800000000003,3373.17,3370.41,3372.39,2721.0
2025-08-25 20:30:00+00:00,3372.52,3372.62,3369.78,3370.45,2621.0
2025-08-25 21:00:00+00:00,3370.66,3370.72,3367.84,3368.29,2585.0
2025-08-25 21:30:00+00:00,3368.4300000000003,3369.1,3365.14,3365.33,3028.0
2025-08-25 22:00:00+00:00,3365.4700000000003,3365.99,3364.49,3364.95,1553.0
2025-08-25 22:30:00+00:00,3365.11,3365.82,3364.15,3365.6,1379.0
2025-08-26 00:00:00+00:00,3365.95,3367.09,3364.15,3364.55,1823.0
2025-08-26 00:30:00+00:00,3364.6800000000003,3365.11,3363.64,3364.2,1074.0
2025-08-26 01:00:00+00:00,3364.3,3364.16,3353.76,3355.7,3847.0
2025-08-26 01:30:00+00:00,3355.84,3355.69,3351.64,3354.8,3560.0
2025-08-26 02:00:00+00:00,3354.98,3380.19,3351.18,3377.34,10753.0
2025-08-26 02:30:00+00:00,3377.48,3386.39,3377.22,3383.23,8620.0
2025-08-26 03:00:00+00:00,3383.39,3384.8,3372.51,3373.9,7332.0
2025-08-26 03:30:00+00:00,3374.01,3377.82,3371.7,3376.68,5633.0
2025-08-26 04:00:00+00:00,3376.84,3378.94,3376.07,3377.53,4183.0
2025-08-26 04:30:00+00:00,3377.69,3377.78,3372.83,3375.31,4729.0
2025-08-26 05:00:00+00:00,3375.4700000000003,3375.37,3369.71,3372.19,4573.0
2025-08-26 05:30:00+00:00,3372.3199999999997,3373.85,3371.76,3372.12,3028.0
2025-08-26 06:00:00+00:00,3372.24,3376.02,3372.03,3375.43,2887.0
2025-08-26 06:30:00+00:00,3375.52,3378.82,3375.37,3377.28,3361.0
2025-08-26 07:00:00+00:00,3377.44,3378.97,3372.87,3373.3,3466.0
2025-08-26 07:30:00+00:00,3373.4300000000003,3377.99,3372.44,3376.55,4294.0
2025-08-26 08:00:00+00:00,3376.6800000000003,3376.62,3372.42,3373.42,4056.0
2025-08-26 08:30:00+00:00,3373.55,3377.64,3373.19,3376.22,3956.0
2025-08-26 09:00:00+00:00,3376.2799999999997,3376.93,3367.23,3370.79,5622.0
2025-08-26 09:30:00+00:00,3370.9300000000003,3379.05,3370.54,3376.67,5325.0
2025-08-26 10:00:00+00:00,3376.81,3379.4,3375.44,3378.84,4696.0
2025-08-26 10:30:00+00:00,3378.98,3379.79,3376.41,3376.57,3511.0
2025-08-26 11:00:00+00:00,3376.7,3378.49,3374.48,3375.19,3674.0
2025-08-26 11:30:00+00:00,3375.39,3375.24,3369.49,3371.93,5857.0
2025-08-26 12:00:00+00:00,3372.09,3375.05,3370.29,3370.61,3517.0
2025-08-26 12:30:00+00:00,3370.74,3372.53,3367.2,3371.92,3948.0
2025-08-26 13:00:00+00:00,3372.1,3378.36,3370.62,3378.26,5021.0
2025-08-26 13:30:00+00:00,3378.42,3380.2,3376.31,3377.42,5087.0
2025-08-26 14:00:00+00:00,3377.56,3379.73,3375.99,3376.87,5412.0
2025-08-26 14:30:00+00:00,3376.83,3378.86,3370.96,3371.86,5480.0
2025-08-26 15:00:00+00:00,3372.0299999999997,3374.4,3370.52,3373.65,7053.0
2025-08-26 15:30:00+00:00,3373.79,3377.99,3372.7,3375.65,7613.0
2025-08-26 16:00:00+00:00,3375.75,3376.24,3370.27,3374.12,15904.0
2025-08-26 16:30:00+00:00,3374.24,3379.48,3373.58,3379.28,6006.0
2025-08-26 17:00:00+00:00,3379.45,3383.49,3378.56,3381.89,5877.0
2025-08-26 17:30:00+00:00,3382.0299999999997,3389.3,3381.56,3386.61,5430.0
2025-08-26 18:00:00+00:00,3386.74,3387.6,3383.04,3384.43,4844.0
2025-08-26 18:30:00+00:00,3384.6,3385.78,3382.47,3382.93,3405.0
2025-08-26 19:00:00+00:00,3383.09,3385.86,3382.62,3383.93,3480.0
2025-08-26 19:30:00+00:00,3384.0699999999997,3384.11,3381.47,3381.65,2946.0
2025-08-26 20:00:00+00:00,3381.79,3383.21,3380.23,3382.72,3353.0
2025-08-26 20:30:00+00:00,3382.9300000000003,3385.55,3382.76,3385.5,3172.0
2025-08-26 21:00:00+00:00,3385.67,3389.24,3385.11,3388.42,3251.0
2025-08-26 21:30:00+00:00,3388.55,3390.8,3387.86,3389.57,4509.0
2025-08-26 22:00:00+00:00,3389.74,3390.92,3389.15,3390.17,1554.0
2025-08-26 22:30:00+00:00,3390.35,3393.62,3389.95,3393.56,1434.0
2025-08-27 00:00:00+00:00,3393.3100000000004,3394.24,3388.68,3389.64,2368.0
2025-08-27 00:30:00+00:00,3389.8,3391.96,3389.63,3391.0,1652.0
2025-08-27 01:00:00+00:00,3391.16,3392.93,3390.57,3391.58,1584.0
2025-08-27 01:30:00+00:00,3391.74,3392.19,3389.99,3390.81,1936.0
2025-08-27 02:00:00+00:00,3390.9700000000003,3393.66,3389.61,3391.37,3197.0
2025-08-27 02:30:00+00:00,3391.5299999999997,3392.58,3388.94,3389.56,3248.0
2025-08-27 03:00:00+00:00,3389.7,3389.94,3384.29,3384.68,4563.0
2025-08-27 03:30:00+00:00,3384.8,3387.79,3383.29,3386.15,4338.0
2025-08-27 04:00:00+00:00,3386.2799999999997,3386.94,3384.31,3385.65,3154.0
2025-08-27 04:30:00+00:00,3385.79,3386.4,3382.08,3384.1,3423.0
2025-08-27 05:00:00+00:00,3384.24,3384.42,3381.85,3382.07,2697.0
2025-08-27 05:30:00+00:00,3382.23,3383.17,3380.51,3380.57,2795.0
2025-08-27 06:00:00+00:00,3380.71,3381.17,3377.13,3377.21,3110.0
2025-08-27 06:30:00+00:00,3377.4,3377.83,3373.79,3374.92,3441.0
2025-08-27 07:00:00+00:00,3375.11,3377.37,3374.07,3375.67,3751.0
2025-08-27 07:30:00+00:00,3375.8,3378.79,3375.56,3377.12,3641.0
2025-08-27 08:00:00+00:00,3377.26,3381.85,3377.1,3380.91,4275.0
2025-08-27 08:30:00+00:00,3381.05,3381.49,3376.26,3377.43,3452.0
2025-08-27 09:00:00+00:00,3377.5699999999997,3378.1,3373.74,3374.98,4012.0
2025-08-27 09:30:00+00:00,3375.15,3381.51,3374.37,3381.4,4207.0
2025-08-27 10:00:00+00:00,3381.51,3384.93,3380.95,3384.16,4647.0
2025-08-27 10:30:00+00:00,3384.3199999999997,3384.61,3381.68,3384.46,3464.0
2025-08-27 11:00:00+00:00,3384.62,3385.36,3382.41,3382.51,3251.0
2025-08-27 11:30:00+00:00,3382.6,3383.53,3377.54,3378.12,4348.0
2025-08-27 12:00:00+00:00,3378.2799999999997,3379.08,3376.26,3376.41,4867.0
2025-08-27 12:30:00+00:00,3376.5699999999997,3377.94,3374.79,3375.46,5010.0
2025-08-27 13:00:00+00:00,3375.69,3377.17,3373.92,3375.18,4041.0
2025-08-27 13:30:00+00:00,3375.34,3378.11,3373.74,3376.75,3846.0
2025-08-27 14:00:00+00:00,3376.91,3382.79,3374.25,3381.61,4677.0
2025-08-27 14:30:00+00:00,3381.75,3382.68,3379.58,3381.08,5764.0
2025-08-27 15:00:00+00:00,3381.25,3384.74,3380.45,3381.9,5212.0
2025-08-27 15:30:00+00:00,3382.11,3382.08,3375.55,3377.79,8243.0
2025-08-27 16:00:00+00:00,3377.91,3383.53,3376.07,3382.98,5924.0
2025-08-27 16:30:00+00:00,3383.12,3386.81,3380.91,3386.38,5672.0
2025-08-27 17:00:00+00:00,3386.55,3390.31,3385.08,3387.84,5747.0
2025-08-27 17:30:00+00:00,3388.0,3389.54,3386.4,3387.87,3909.0
2025-08-27 18:00:00+00:00,3388.04,3391.09,3387.44,3391.09,3800.0
2025-08-27 18:30:00+00:00,3391.19,3398.78,3390.17,3395.39,6358.0
2025-08-27 19:00:00+00:00,3395.56,3397.38,3394.86,3396.39,4681.0
2025-08-27 19:30:00+00:00,3396.51,3396.82,3394.89,3395.11,3273.0
2025-08-27 20:00:00+00:00,3395.27,3395.52,3392.26,3395.29,3121.0
2025-08-27 20:30:00+00:00,3395.42,3396.22,3394.2,3394.45,2422.0
2025-08-27 21:00:00+00:00,3394.58,3396.23,3393.68,3395.39,2554.0
2025-08-27 21:30:00+00:00,3395.5299999999997,3396.29,3394.0,3396.19,3443.0
2025-08-27 22:00:00+00:00,3396.31,3396.33,3394.04,3395.76,1718.0
2025-08-27 22:30:00+00:00,3395.9,3398.05,3395.63,3397.18,2093.0
2025-08-28 00:00:00+00:00,3399.01,3398.94,3394.75,3396.38,2436.0
2025-08-28 00:30:00+00:00,3396.48,3397.62,3395.58,3395.69,1387.0
2025-08-28 01:00:00+00:00,3395.83,3399.0,3395.62,3398.33,1811.0
2025-08-28 01:30:00+00:00,3398.46,3399.17,3395.04,3395.68,2260.0
2025-08-28 02:00:00+00:00,3395.84,3397.8,3394.54,3395.52,2850.0
2025-08-28 02:30:00+00:00,3395.6800000000003,3398.0,3391.27,3391.92,3780.0
2025-08-28 03:00:00+00:00,3392.05,3392.82,3387.4,3388.09,5582.0
2025-08-28 03:30:00+00:00,3388.26,3389.51,3385.49,3385.95,5027.0
2025-08-28 04:00:00+00:00,3385.96,3388.02,3384.62,3386.65,4236.0
2025-08-28 04:30:00+00:00,3386.8199999999997,3391.28,3384.5,3391.27,3891.0
2025-08-28 05:00:00+00:00,3391.41,3392.38,3390.26,3390.37,3273.0
2025-08-28 05:30:00+00:00,3390.5299999999997,3391.73,3388.84,3390.03,2835.0
2025-08-28 06:00:00+00:00,3390.19,3391.83,3388.65,3391.11,2491.0
2025-08-28 06:30:00+00:00,3391.25,3392.18,3389.73,3390.21,2536.0
2025-08-28 07:00:00+00:00,3390.38,3390.59,3389.23,3390.29,2457.0
2025-08-28 07:30:00+00:00,3390.5,3390.72,3387.62,3389.13,3568.0
2025-08-28 08:00:00+00:00,3389.34,3392.47,3388.72,3390.16,4644.0
2025-08-28 08:30:00+00:00,3390.3,3395.56,3389.69,3395.29,3982.0
2025-08-28 09:00:00+00:00,3395.38,3397.54,3393.74,3395.18,5030.0
2025-08-28 09:30:00+00:00,3395.3,3395.99,3393.69,3395.73,3736.0
2025-08-28 10:00:00+00:00,3395.86,3397.3,3393.86,3395.54,4583.0
2025-08-28 10:30:00+00:00,3395.7,3400.97,3395.25,3400.65,4708.0
2025-08-28 11:00:00+00:00,3400.8199999999997,3401.5,3399.28,3399.29,3734.0
2025-08-28 11:30:00+00:00,3399.42,3400.28,3398.39,3399.17,3317.0
2025-08-28 12:00:00+00:00,3399.38,3399.23,3393.79,3396.65,5233.0
2025-08-28 12:30:00+00:00,3396.8199999999997,3398.58,3395.15,3396.98,3861.0
2025-08-28 13:00:00+00:00,3397.1,3404.17,3396.15,3404.13,4207.0
2025-08-28 13:30:00+00:00,3404.3,3407.62,3403.88,3404.0,5954.0
2025-08-28 14:00:00+00:00,3404.09,3408.67,3403.62,3406.87,5864.0
2025-08-28 14:30:00+00:00,3406.96,3406.91,3396.79,3397.05,8730.0
2025-08-28 15:00:00+00:00,3397.23,3405.6,3394.36,3404.59,7739.0
2025-08-28 15:30:00+00:00,3404.7799999999997,3410.28,3401.7,3407.17,9358.0
2025-08-28 16:00:00+00:00,3407.31,3411.86,3406.49,3410.83,7723.0
2025-08-28 16:30:00+00:00,3410.95,3413.37,3409.83,3412.19,6409.0
2025-08-28 17:00:00+00:00,3412.33,3413.09,3405.42,3406.3,6217.0
2025-08-28 17:30:00+00:00,3406.44,3410.87,3404.5,3410.85,5028.0
2025-08-28 18:00:00+00:00,3411.06,3415.55,3409.84,3415.53,5389.0
2025-08-28 18:30:00+00:00,3415.69,3417.65,3414.31,3415.43,5088.0
2025-08-28 19:00:00+00:00,3415.55,3416.84,3414.51,3415.08,4915.0
2025-08-28 19:30:00+00:00,3415.26,3418.66,3415.08,3417.92,4117.0
2025-08-28 20:00:00+00:00,3418.04,3418.73,3417.23,3418.16,3923.0
2025-08-28 20:30:00+00:00,3418.29,3420.2,3417.59,3419.94,4126.0
2025-08-28 21:00:00+00:00,3420.1,3420.26,3418.27,3419.35,4732.0
2025-08-28 21:30:00+00:00,3419.56,3423.13,3417.91,3422.12,6567.0
2025-08-28 22:00:00+00:00,3422.17,3422.44,3416.99,3417.14,3353.0
2025-08-28 22:30:00+00:00,3417.3,3417.53,3416.32,3417.07,1805.0
2025-08-29 00:00:00+00:00,3418.25,3418.38,3416.23,3416.79,1746.0
2025-08-29 00:30:00+00:00,3416.92,3416.96,3415.41,3416.79,1353.0
2025-08-29 01:00:00+00:00,3416.89,3416.75,3415.59,3415.74,984.0
2025-08-29 01:30:00+00:00,3415.88,3416.17,3414.75,3414.76,1155.0
2025-08-29 02:00:00+00:00,3414.92,3417.83,3413.02,3414.58,3317.0
2025-08-29 02:30:00+00:00,3414.74,3415.22,3413.0,3413.44,3583.0
2025-08-29 03:00:00+00:00,3413.58,3413.64,3409.8,3410.2,4818.0
2025-08-29 03:30:00+00:00,3410.33,3410.84,3407.89,3409.9,5386.0
2025-08-29 04:00:00+00:00,3410.01,3413.32,3409.83,3412.04,4032.0
2025-08-29 04:30:00+00:00,3412.1800000000003,3413.89,3410.9,3411.26,4126.0
2025-08-29 05:00:00+00:00,3411.39,3412.15,3409.89,3411.96,3892.0
2025-08-29 05:30:00+00:00,3412.04,3413.52,3410.77,3410.78,2701.0
2025-08-29 06:00:00+00:00,3410.94,3411.21,3407.5,3408.45,3914.0
2025-08-29 06:30:00+00:00,3408.58,3409.32,3407.93,3408.84,2913.0
2025-08-29 07:00:00+00:00,3409.01,3409.51,3406.91,3408.0,3260.0
2025-08-29 07:30:00+00:00,3408.1800000000003,3410.75,3407.93,3410.22,3634.0
2025-08-29 08:00:00+00:00,3410.38,3412.53,3410.18,3411.52,3847.0
2025-08-29 08:30:00+00:00,3411.6800000000003,3411.6,3407.8,3410.18,3320.0
2025-08-29 09:00:00+00:00,3410.29,3412.59,3406.73,3407.19,4411.0
2025-08-29 09:30:00+00:00,3407.33,3412.5,3406.48,3412.13,4510.0
2025-08-29 10:00:00+00:00,3412.29,3414.77,3411.18,3412.54,4612.0
2025-08-29 10:30:00+00:00,3412.6800000000003,3414.13,3409.71,3410.27,4304.0
2025-08-29 11:00:00+00:00,3410.4300000000003,3410.87,3408.54,3408.76,4882.0
2025-08-29 11:30:00+00:00,3408.89,3408.84,3406.8,3407.31,4702.0
2025-08-29 12:00:00+00:00,3407.45,3408.75,3405.82,3406.37,4257.0
2025-08-29 12:30:00+00:00,3406.49,3407.67,3404.64,3405.44,3379.0
2025-08-29 13:00:00+00:00,3405.6,3407.27,3404.29,3407.19,3610.0
2025-08-29 13:30:00+00:00,3407.35,3411.19,3406.91,3410.67,4883.0
2025-08-29 14:00:00+00:00,3410.81,3410.91,3406.63,3408.03,5623.0
2025-08-29 14:30:00+00:00,3408.25,3416.78,3408.08,3416.42,7998.0
2025-08-29 15:00:00+00:00,3416.6,3420.19,3413.59,3417.45,7293.0
2025-08-29 15:30:00+00:00,3417.58,3429.01,3417.31,3428.79,8150.0
2025-08-29 16:00:00+00:00,3428.86,3437.23,3428.71,3435.81,9874.0
2025-08-29 16:30:00+00:00,3435.95,3440.95,3433.28,3440.85,9863.0
2025-08-29 17:00:00+00:00,3441.05,3446.11,3438.9,3444.78,9506.0
2025-08-29 17:30:00+00:00,3444.94,3447.58,3444.2,3445.38,8677.0
2025-08-29 18:00:00+00:00,3445.52,3448.26,3442.21,3445.45,8050.0
2025-08-29 18:30:00+00:00,3445.67,3449.29,3445.27,3449.11,6058.0
2025-08-29 19:00:00+00:00,3449.2,3450.09,3446.44,3448.07,6453.0
2025-08-29 19:30:00+00:00,3448.24,3448.31,3440.96,3443.65,6355.0
2025-08-29 20:00:00+00:00,3443.79,3445.52,3440.91,3444.62,5294.0
2025-08-29 20:30:00+00:00,3444.76,3445.61,3442.88,3442.9,4458.0
2025-08-29 21:00:00+00:00,3443.02,3445.69,3441.58,3444.13,5434.0
2025-08-29 21:30:00+00:00,3444.3199999999997,3453.91,3443.61,3452.57,10012.0
2025-08-29 22:00:00+00:00,3452.7799999999997,3452.79,3445.78,3450.07,5197.0
2025-08-29 22:30:00+00:00,3450.23,3450.08,3447.05,3447.43,2396.0
2025-09-01 00:00:00+00:00,3449.8,3449.2,3442.36,3447.94,3408.0
2025-09-01 00:30:00+00:00,3448.06,3452.51,3447.66,3450.19,2267.0
2025-09-01 01:00:00+00:00,3450.38,3450.66,3446.46,3446.64,1668.0
2025-09-01 01:30:00+00:00,3446.7799999999997,3449.33,3444.6,3447.9,2854.0
2025-09-01 02:00:00+00:00,3448.06,3447.91,3442.7,3445.23,4086.0
2025-09-01 02:30:00+00:00,3445.4,3445.9,3442.73,3444.04,3202.0
2025-09-01 03:00:00+00:00,3444.14,3445.43,3437.04,3439.0,6180.0
2025-09-01 03:30:00+00:00,3439.14,3459.19,3438.36,3457.29,7272.0
2025-09-01 04:00:00+00:00,3457.41,3471.39,3455.15,3466.25,10491.0
2025-09-01 04:30:00+00:00,3466.46,3484.66,3465.46,3483.51,9802.0
2025-09-01 05:00:00+00:00,3483.71,3486.02,3469.67,3471.59,8236.0
2025-09-01 05:30:00+00:00,3471.76,3476.29,3471.33,3474.43,5506.0
2025-09-01 06:00:00+00:00,3474.59,3479.41,3472.93,3474.03,4905.0
2025-09-01 06:30:00+00:00,3474.2,3475.91,3472.17,3474.99,4290.0
2025-09-01 07:00:00+00:00,3475.15,3478.42,3474.29,3478.13,5239.0
2025-09-01 07:30:00+00:00,3478.21,3482.76,3474.57,3477.24,7072.0
2025-09-01 08:00:00+00:00,3477.3199999999997,3486.14,3476.77,3485.37,6840.0
2025-09-01 08:30:00+00:00,3485.56,3489.79,3478.49,3479.25,7093.0
2025-09-01 09:00:00+00:00,3479.33,3480.94,3470.2,3472.06,8116.0
2025-09-01 09:30:00+00:00,3472.2,3477.96,3467.77,3477.76,6528.0
2025-09-01 10:00:00+00:00,3477.94,3479.75,3474.48,3478.87,6007.0
2025-09-01 10:30:00+00:00,3479.04,3479.41,3476.55,3476.92,4954.0
2025-09-01 11:00:00+00:00,3477.06,3477.05,3470.63,3471.34,5468.0
2025-09-01 11:30:00+00:00,3471.5,3472.58,3467.21,3469.37,5885.0
2025-09-01 12:00:00+00:00,3469.54,3473.9,3466.3,3470.89,6701.0
2025-09-01 12:30:00+00:00,3471.01,3472.9,3468.86,3470.47,5918.0
2025-09-01 13:00:00+00:00,3470.59,3472.03,3469.58,3471.27,5865.0
2025-09-01 13:30:00+00:00,3471.4300000000003,3473.44,3467.53,3469.96,6555.0
2025-09-01 14:00:00+00:00,3470.09,3471.51,3467.1,3469.68,6194.0
2025-09-01 14:30:00+00:00,3469.81,3470.62,3468.55,3469.38,5143.0
2025-09-01 15:00:00+00:00,3469.51,3478.39,3468.87,3477.88,6569.0
2025-09-01 15:30:00+00:00,3477.9300000000003,3479.02,3475.22,3475.27,5452.0
2025-09-01 16:00:00+00:00,3475.4300000000003,3481.24,3474.26,3477.81,5731.0
2025-09-01 16:30:00+00:00,3477.94,3479.21,3473.59,3475.54,4982.0
2025-09-01 17:00:00+00:00,3475.64,3479.03,3475.17,3475.37,4331.0
2025-09-01 17:30:00+00:00,3475.51,3477.34,3473.43,3473.99,3070.0
2025-09-01 18:00:00+00:00,3474.15,3474.47,3472.26,3474.06,2943.0
2025-09-01 18:30:00+00:00,3474.2,3477.63,3473.55,3477.27,1849.0
2025-09-01 19:00:00+00:00,3477.4300000000003,3477.76,3476.03,3477.54,2312.0
2025-09-01 19:30:00+00:00,3477.75,3478.8,3477.45,3477.84,1979.0
2025-09-01 20:00:00+00:00,3478.0,3477.92,3476.07,3476.22,2189.0
2025-09-02 00:00:00+00:00,3478.48,3480.32,3474.45,3478.34,3461.0
2025-09-02 00:30:00+00:00,3478.52,3479.46,3475.25,3475.25,2087.0
2025-09-02 01:00:00+00:00,3475.36,3481.47,3474.48,3477.98,2552.0
2025-09-02 01:30:00+00:00,3478.17,3480.9,3477.62,3479.17,3209.0
2025-09-02 02:00:00+00:00,3479.31,3483.68,3478.33,3482.96,5430.0
2025-09-02 02:30:00+00:00,3483.08,3485.04,3478.16,3479.18,6025.0
2025-09-02 03:00:00+00:00,3479.34,3497.63,3476.89,3497.44,8329.0
2025-09-02 03:30:00+00:00,3497.58,3508.59,3489.52,3497.73,9982.0
2025-09-02 04:00:00+00:00,3497.86,3500.64,3491.45,3492.88,7850.0
2025-09-02 04:30:00+00:00,3493.01,3498.16,3492.14,3496.24,6268.0
2025-09-02 05:00:00+00:00,3496.3,3496.15,3490.59,3493.25,5923.0
2025-09-02 05:30:00+00:00,3493.39,3495.91,3489.98,3495.04,4479.0
2025-09-02 06:00:00+00:00,3495.16,3496.21,3493.3,3494.15,4832.0
2025-09-02 06:30:00+00:00,3494.29,3498.26,3493.56,3496.64,3932.0
2025-09-02 07:00:00+00:00,3496.77,3497.74,3492.57,3493.34,3984.0
2025-09-02 07:30:00+00:00,3493.4700000000003,3497.22,3492.06,3493.04,6101.0
2025-09-02 08:00:00+00:00,3493.1800000000003,3495.68,3484.24,3485.58,7729.0
2025-09-02 08:30:00+00:00,3485.71,3490.28,3483.3,3485.54,6948.0
2025-09-02 09:00:00+00:00,3485.7200000000003,3488.19,3480.17,3483.79,8093.0
2025-09-02 09:30:00+00:00,3483.9300000000003,3485.86,3472.03,3476.76,8084.0
2025-09-02 10:00:00+00:00,3476.9300000000003,3478.48,3470.28,3477.05,8166.0
2025-09-02 10:30:00+00:00,3477.19,3481.32,3474.83,3477.54,6082.0
2025-09-02 11:00:00+00:00,3477.74,3480.3,3475.9,3479.74,6702.0
2025-09-02 11:30:00+00:00,3479.87,3479.76,3476.47,3476.67,6240.0
2025-09-02 12:00:00+00:00,3476.83,3483.42,3475.66,3480.07,6955.0
2025-09-02 12:30:00+00:00,3480.2,3485.68,3480.02,3485.65,6107.0
2025-09-02 13:00:00+00:00,3485.81,3486.6,3479.17,3479.36,7598.0
2025-09-02 13:30:00+00:00,3479.5299999999997,3489.96,3478.56,3489.68,7365.0
2025-09-02 14:00:00+00:00,3489.8,3494.02,3480.61,3482.59,9681.0
2025-09-02 14:30:00+00:00,3482.73,3488.4,3474.37,3482.08,10584.0
2025-09-02 15:00:00+00:00,3482.21,3485.65,3478.24,3485.11,10275.0
2025-09-02 15:30:00+00:00,3485.2200000000003,3493.53,3478.9,3489.15,13648.0
2025-09-02 16:00:00+00:00,3489.4300000000003,3504.77,3488.49,3502.2,14599.0
2025-09-02 16:30:00+00:00,3502.36,3514.04,3495.46,3511.01,11818.0
2025-09-02 17:00:00+00:00,3511.17,3516.55,3509.62,3512.94,10199.0
2025-09-02 17:30:00+00:00,3513.09,3520.3,3511.6,3520.23,9054.0
2025-09-02 18:00:00+00:00,3520.4300000000003,3526.24,3518.13,3524.71,8741.0
2025-09-02 18:30:00+00:00,3524.87,3528.67,3524.24,3527.66,7433.0
2025-09-02 19:00:00+00:00,3527.85,3528.65,3521.81,3528.06,6675.0
2025-09-02 19:30:00+00:00,3528.26,3530.03,3524.81,3529.29,5734.0
2025-09-02 20:00:00+00:00,3529.48,3530.65,3527.9,3529.95,5518.0
2025-09-02 20:30:00+00:00,3530.0699999999997,3532.0,3525.21,3528.26,6216.0
2025-09-02 21:00:00+00:00,3528.42,3538.14,3528.27,3536.45,6747.0
2025-09-02 21:30:00+00:00,3536.56,3539.92,3533.12,3536.9,7206.0
2025-09-02 22:00:00+00:00,3537.15,3537.69,3533.32,3536.39,3067.0
2025-09-02 22:30:00+00:00,3536.5299999999997,3536.59,3533.05,3533.13,2666.0
2025-09-03 00:00:00+00:00,3534.1,3534.86,3531.26,3532.79,2510.0
2025-09-03 00:30:00+00:00,3532.96,3533.61,3529.05,3529.26,1948.0
2025-09-03 01:00:00+00:00,3529.49,3530.18,3527.78,3527.78,2079.0
2025-09-03 01:30:00+00:00,3527.91,3533.15,3526.22,3529.99,4448.0
2025-09-03 02:00:00+00:00,3530.15,3546.76,3528.02,3536.92,6635.0
2025-09-03 02:30:00+00:00,3537.06,3543.25,3534.99,3536.09,7151.0
2025-09-03 03:00:00+00:00,3536.23,3541.63,3531.93,3537.14,8275.0
2025-09-03 03:30:00+00:00,3537.31,3540.94,3534.91,3538.66,5530.0
2025-09-03 04:00:00+00:00,3538.77,3545.9,3537.96,3540.61,5818.0
2025-09-03 04:30:00+00:00,3540.81,3541.44,3531.21,3531.63,6637.0
2025-09-03 05:00:00+00:00,3531.77,3533.3,3529.63,3530.95,6524.0
2025-09-03 05:30:00+00:00,3531.06,3532.98,3529.27,3530.77,4559.0
2025-09-03 06:00:00+00:00,3530.89,3534.89,3530.59,3534.14,4428.0
2025-09-03 06:30:00+00:00,3534.3,3538.18,3534.15,3536.79,4491.0
2025-09-03 07:00:00+00:00,3536.9300000000003,3537.96,3532.84,3534.66,4647.0
2025-09-03 07:30:00+00:00,3534.7799999999997,3534.7,3526.91,3529.88,5970.0
2025-09-03 08:00:00+00:00,3530.01,3534.96,3529.8,3533.23,6129.0
2025-09-03 08:30:00+00:00,3533.39,3537.31,3532.51,3535.24,5403.0
2025-09-03 09:00:00+00:00,3535.35,3536.28,3529.22,3531.88,6396.0
2025-09-03 09:30:00+00:00,3532.0699999999997,3536.92,3531.58,3533.83,5430.0
2025-09-03 10:00:00+00:00,3533.99,3541.2,3533.72,3540.98,6346.0
2025-09-03 10:30:00+00:00,3541.12,3540.98,3536.01,3539.98,5527.0
2025-09-03 11:00:00+00:00,3540.15,3541.82,3538.19,3538.2,5125.0
2025-09-03 11:30:00+00:00,3538.31,3539.14,3533.91,3534.29,6328.0
2025-09-03 12:00:00+00:00,3534.49,3536.97,3532.29,3536.7,5630.0
2025-09-03 12:30:00+00:00,3536.83,3541.62,3534.88,3539.94,5512.0
2025-09-03 13:00:00+00:00,3540.14,3547.77,3539.82,3545.74,6265.0
2025-09-03 13:30:00+00:00,3545.85,3549.55,3544.73,3547.52,6470.0
2025-09-03 14:00:00+00:00,3547.6800000000003,3549.3,3541.26,3547.12,8860.0
2025-09-03 14:30:00+00:00,3547.29,3551.34,3544.29,3550.48,8317.0
2025-09-03 15:00:00+00:00,3550.6,3561.03,3549.35,3560.34,10405.0
2025-09-03 15:30:00+00:00,3560.51,3561.36,3549.4,3553.66,12845.0
2025-09-03 16:00:00+00:00,3553.9,3565.59,3551.49,3562.99,12801.0
2025-09-03 16:30:00+00:00,3563.1800000000003,3564.74,3554.29,3558.38,11331.0
2025-09-03 17:00:00+00:00,3558.54,3564.94,3557.39,3564.45,9092.0
2025-09-03 17:30:00+00:00,3564.59,3567.1,3561.09,3563.86,7563.0
2025-09-03 18:00:00+00:00,3564.0,3567.95,3562.15,3567.77,6736.0
2025-09-03 18:30:00+00:00,3567.9,3572.47,3566.88,3572.38,5518.0
2025-09-03 19:00:00+00:00,3572.58,3573.0,3570.23,3571.76,5822.0
2025-09-03 19:30:00+00:00,3571.88,3575.86,3571.66,3574.28,5525.0
2025-09-03 20:00:00+00:00,3574.5299999999997,3578.38,3574.28,3574.65,6855.0
2025-09-03 20:30:00+00:00,3574.79,3574.64,3565.49,3570.33,10905.0
2025-09-03 21:00:00+00:00,3570.5,3571.57,3561.61,3563.8,8434.0
2025-09-03 21:30:00+00:00,3563.99,3565.64,3561.2,3563.54,8612.0
2025-09-03 22:00:00+00:00,3563.6800000000003,3566.01,3561.7,3564.39,3738.0
2025-09-03 22:30:00+00:00,3564.49,3564.39,3558.84,3559.0,3063.0
2025-09-04 00:00:00+00:00,3561.39,3563.57,3559.49,3563.52,4215.0
2025-09-04 00:30:00+00:00,3563.62,3564.16,3561.17,3561.82,4403.0
2025-09-04 01:00:00+00:00,3561.83,3561.75,3554.41,3557.91,5592.0
2025-09-04 01:30:00+00:00,3558.1,3560.56,3554.93,3560.22,3161.0
2025-09-04 02:00:00+00:00,3560.45,3561.0,3551.9,3559.99,6007.0
2025-09-04 02:30:00+00:00,3560.19,3562.51,3556.83,3561.51,5140.0
2025-09-04 03:00:00+00:00,3561.69,3563.37,3551.8,3552.18,7895.0
2025-09-04 03:30:00+00:00,3552.37,3553.1,3543.64,3546.06,8114.0
2025-09-04 04:00:00+00:00,3546.25,3550.4,3540.6,3545.19,7393.0
2025-09-04 04:30:00+00:00,3545.2799999999997,3546.23,3526.43,3530.74,10015.0
2025-09-04 05:00:00+00:00,3530.88,3531.66,3511.22,3529.73,9435.0
2025-09-04 05:30:00+00:00,3529.91,3531.38,3526.02,3528.99,5768.0
2025-09-04 06:00:00+00:00,3529.1800000000003,3534.37,3528.75,3530.87,4469.0
2025-09-04 06:30:00+00:00,3531.01,3533.05,3529.91,3533.0,2928.0
2025-09-04 07:00:00+00:00,3533.16,3533.24,3528.7,3531.17,4250.0
2025-09-04 07:30:00+00:00,3531.33,3534.02,3525.29,3527.29,6223.0
2025-09-04 08:00:00+00:00,3527.5299999999997,3538.91,3524.47,3537.47,6304.0
2025-09-04 08:30:00+00:00,3537.64,3541.67,3535.16,3535.94,6765.0
2025-09-04 09:00:00+00:00,3536.0699999999997,3540.0,3532.56,3537.51,7248.0
2025-09-04 09:30:00+00:00,3537.6800000000003,3541.17,3536.79,3541.03,4309.0
2025-09-04 10:00:00+00:00,3541.2,3545.53,3539.61,3543.24,5678.0
2025-09-04 10:30:00+00:00,3543.4300000000003,3545.07,3537.28,3541.17,5628.0
2025-09-04 11:00:00+00:00,3541.34,3544.86,3538.92,3539.33,5028.0
2025-09-04 11:30:00+00:00,3539.4700000000003,3541.18,3536.72,3538.64,5370.0
2025-09-04 12:00:00+00:00,3538.81,3546.97,3538.37,3540.68,6171.0
2025-09-04 12:30:00+00:00,3540.86,3542.09,3538.62,3540.79,4661.0
2025-09-04 13:00:00+00:00,3540.96,3541.32,3536.59,3539.92,5826.0
2025-09-04 13:30:00+00:00,3540.05,3549.79,3539.49,3545.39,6701.0
2025-09-04 14:00:00+00:00,3545.51,3553.37,3543.97,3545.81,8126.0
2025-09-04 14:30:00+00:00,3546.01,3548.61,3541.16,3548.27,9359.0
2025-09-04 15:00:00+00:00,3548.4,3554.12,3539.83,3552.66,8930.0
2025-09-04 15:30:00+00:00,3552.79,3558.66,3542.94,3547.02,26148.0
2025-09-04 16:00:00+00:00,3546.77,3546.62,3535.02,3541.72,13366.0
2025-09-04 16:30:00+00:00,3541.84,3546.2,3540.05,3545.83,9324.0
2025-09-04 17:00:00+00:00,3545.99,3548.89,3542.31,3543.96,7707.0
2025-09-04 17:30:00+00:00,3544.14,3553.19,3543.99,3552.75,6281.0
2025-09-04 18:00:00+00:00,3552.95,3556.05,3551.27,3552.98,6409.0
2025-09-04 18:30:00+00:00,3553.14,3554.63,3549.15,3552.41,5285.0
2025-09-04 19:00:00+00:00,3552.51,3555.32,3547.35,3549.23,5120.0
2025-09-04 19:30:00+00:00,3549.37,3549.54,3542.54,3542.81,5348.0
2025-09-04 20:00:00+00:00,3542.99,3546.3,3542.71,3545.58,4789.0
2025-09-04 20:30:00+00:00,3545.7200000000003,3548.2,3544.75,3546.23,4082.0
2025-09-04 21:00:00+00:00,3546.39,3550.24,3545.59,3549.21,4215.0
2025-09-04 21:30:00+00:00,3549.35,3550.98,3548.74,3549.71,4499.0
2025-09-04 22:00:00+00:00,3549.92,3550.43,3548.55,3549.65,1895.0
2025-09-04 22:30:00+00:00,3549.83,3549.69,3544.34,3545.74,2175.0
2025-09-05 00:00:00+00:00,3546.94,3546.75,3540.24,3541.98,2342.0
2025-09-05 00:30:00+00:00,3542.12,3543.34,3539.97,3540.73,1753.0
2025-09-05 01:00:00+00:00,3540.9300000000003,3544.44,3540.66,3542.65,2193.0
2025-09-05 01:30:00+00:00,3542.79,3554.46,3542.64,3552.52,4362.0
2025-09-05 02:00:00+00:00,3552.69,3556.41,3548.95,3551.21,5697.0
2025-09-05 02:30:00+00:00,3551.34,3554.58,3549.37,3552.03,4975.0
2025-09-05 03:00:00+00:00,3552.17,3556.38,3551.23,3554.98,5963.0
2025-09-05 03:30:00+00:00,3555.16,3555.92,3550.03,3552.33,5362.0
2025-09-05 04:00:00+00:00,3552.51,3555.26,3549.61,3550.14,4369.0
2025-09-05 04:30:00+00:00,3550.27,3552.21,3545.91,3550.67,4898.0
2025-09-05 05:00:00+00:00,3550.81,3555.41,3548.57,3555.15,4118.0
2025-09-05 05:30:00+00:00,3555.31,3559.03,3555.05,3558.28,3487.0
2025-09-05 06:00:00+00:00,3558.44,3558.68,3556.31,3557.65,3123.0
2025-09-05 06:30:00+00:00,3557.79,3559.06,3556.18,3558.41,2747.0
2025-09-05 07:00:00+00:00,3558.55,3561.08,3555.77,3557.01,3188.0
2025-09-05 07:30:00+00:00,3557.14,3559.94,3555.69,3557.69,5092.0
2025-09-05 08:00:00+00:00,3557.85,3558.0,3548.36,3551.27,6404.0
2025-09-05 08:30:00+00:00,3551.4300000000003,3553.69,3551.25,3552.52,4439.0
2025-09-05 09:00:00+00:00,3552.71,3554.24,3548.24,3549.04,6253.0
2025-09-05 09:30:00+00:00,3549.21,3550.71,3546.55,3548.06,4896.0
2025-09-05 10:00:00+00:00,3548.24,3549.24,3544.82,3549.04,5461.0
2025-09-05 10:30:00+00:00,3549.2200000000003,3549.77,3544.79,3545.97,4392.0
2025-09-05 11:00:00+00:00,3546.13,3551.09,3545.94,3548.43,4601.0
2025-09-05 11:30:00+00:00,3548.59,3553.62,3547.91,3552.34,4230.0
2025-09-05 12:00:00+00:00,3552.46,3552.69,3550.18,3552.17,3866.0
2025-09-05 12:30:00+00:00,3552.33,3552.88,3549.41,3551.73,4587.0
2025-09-05 13:00:00+00:00,3551.84,3555.04,3548.63,3548.77,5267.0
2025-09-05 13:30:00+00:00,3548.94,3553.16,3547.79,3553.13,5215.0
2025-09-05 14:00:00+00:00,3553.37,3555.05,3548.76,3554.79,8752.0
2025-09-05 14:30:00+00:00,3554.95,3586.66,3554.7,3580.2,19541.0
2025-09-05 15:00:00+00:00,3580.4,3584.98,3573.24,3579.04,13926.0
2025-09-05 15:30:00+00:00,3579.23,3595.11,3575.39,3594.36,14340.0
2025-09-05 16:00:00+00:00,3594.4300000000003,3597.94,3577.8,3578.94,13909.0
2025-09-05 16:30:00+00:00,3579.0699999999997,3590.24,3573.21,3590.19,14176.0
2025-09-05 17:00:00+00:00,3590.3,3592.31,3581.77,3589.05,22492.0
2025-09-05 17:30:00+00:00,3589.25,3595.33,3588.95,3591.87,8459.0
2025-09-05 18:00:00+00:00,3592.0,3599.89,3591.13,3599.45,7917.0
2025-09-05 18:30:00+00:00,3599.63,3599.99,3592.58,3595.07,7748.0
2025-09-05 19:00:00+00:00,3595.23,3596.8,3590.4,3596.01,7761.0
2025-09-05 19:30:00+00:00,3596.17,3597.38,3593.06,3596.31,6472.0
2025-09-05 20:00:00+00:00,3596.48,3597.13,3592.5,3594.58,5879.0
2025-09-05 20:30:00+00:00,3594.65,3596.53,3592.68,3595.44,5702.0
2025-09-05 21:00:00+00:00,3595.5699999999997,3595.87,3592.58,3593.57,5289.0
2025-09-05 21:30:00+00:00,3593.73,3596.0,3592.59,3594.68,6523.0
2025-09-05 22:00:00+00:00,3594.8,3595.3,3587.3,3590.04,4720.0
2025-09-05 22:30:00+00:00,3590.21,3590.46,3586.36,3586.65,2498.0
2025-09-08 00:00:00+00:00,3581.21,3596.73,3578.42,3593.55,11891.0
2025-09-08 00:30:00+00:00,3593.77,3594.94,3590.1,3592.11,4491.0
2025-09-08 01:00:00+00:00,3592.2799999999997,3593.42,3587.69,3589.56,4386.0
2025-09-08 01:30:00+00:00,3589.69,3593.95,3589.16,3591.11,3764.0
2025-09-08 02:00:00+00:00,3591.24,3591.48,3586.82,3589.58,6605.0
2025-09-08 02:30:00+00:00,3589.7200000000003,3594.2,3587.21,3594.14,5097.0
2025-09-08 03:00:00+00:00,3594.31,3597.06,3584.87,3585.9,9682.0
2025-09-08 03:30:00+00:00,3586.04,3591.23,3585.56,3589.39,7114.0
2025-09-08 04:00:00+00:00,3589.55,3594.32,3586.46,3590.01,6637.0
2025-09-08 04:30:00+00:00,3590.09,3592.46,3586.55,3590.51,6214.0
2025-09-08 05:00:00+00:00,3590.67,3592.12,3584.88,3585.05,5135.0
2025-09-08 05:30:00+00:00,3585.14,3586.84,3582.96,3583.45,4318.0
2025-09-08 06:00:00+00:00,3583.59,3584.76,3579.49,3583.41,4128.0
2025-09-08 06:30:00+00:00,3583.5699999999997,3583.56,3580.81,3581.46,3305.0
2025-09-08 07:00:00+00:00,3581.62,3584.26,3581.12,3582.78,3717.0
2025-09-08 07:30:00+00:00,3582.94,3591.59,3581.52,3591.08,5530.0
2025-09-08 08:00:00+00:00,3591.3,3594.32,3589.44,3594.29,5675.0
2025-09-08 08:30:00+00:00,3594.48,3598.69,3593.26,3597.97,5500.0
2025-09-08 09:00:00+00:00,3598.15,3610.08,3596.29,3608.88,6965.0
2025-09-08 09:30:00+00:00,3609.01,3613.49,3606.22,3609.45,6843.0
2025-09-08 10:00:00+00:00,3609.62,3617.04,3607.09,3612.62,6390.0
2025-09-08 10:30:00+00:00,3612.76,3614.61,3609.59,3611.04,5672.0
2025-09-08 11:00:00+00:00,3611.1800000000003,3614.18,3608.58,3611.24,5728.0
2025-09-08 11:30:00+00:00,3611.38,3614.82,3610.46,3613.68,4263.0
2025-09-08 12:00:00+00:00,3613.87,3622.46,3613.69,3618.49,5675.0
2025-09-08 12:30:00+00:00,3618.76,3619.08,3613.43,3616.89,5223.0
2025-09-08 13:00:00+00:00,3617.06,3617.4,3614.3,3616.82,4159.0
2025-09-08 13:30:00+00:00,3616.98,3619.92,3612.66,3619.85,5207.0
2025-09-08 14:00:00+00:00,3619.91,3621.66,3614.7,3617.86,7253.0
2025-09-08 14:30:00+00:00,3618.0299999999997,3625.92,3617.51,3624.14,6714.0
2025-09-08 15:00:00+00:00,3624.4,3631.77,3623.28,3624.06,9662.0
2025-09-08 15:30:00+00:00,3624.31,3636.82,3620.23,3633.41,12548.0
2025-09-08 16:00:00+00:00,3633.5299999999997,3637.45,3629.23,3630.12,10663.0
2025-09-08 16:30:00+00:00,3630.2799999999997,3640.78,3628.91,3640.56,9162.0
2025-09-08 17:00:00+00:00,3640.7799999999997,3646.3,3636.38,3636.47,10074.0
2025-09-08 17:30:00+00:00,3636.6,3640.36,3633.12,3639.24,7798.0
2025-09-08 18:00:00+00:00,3639.35,3641.66,3635.81,3641.13,6477.0
2025-09-08 18:30:00+00:00,3641.29,3641.47,3636.57,3640.54,6236.0
2025-09-08 19:00:00+00:00,3640.6800000000003,3641.05,3633.71,3636.32,6144.0
2025-09-08 19:30:00+00:00,3636.49,3637.04,3632.44,3633.29,5891.0
2025-09-08 20:00:00+00:00,3633.45,3635.44,3631.78,3633.48,4945.0
2025-09-08 20:30:00+00:00,3633.66,3636.51,3632.65,3635.92,5297.0
2025-09-08 21:00:00+00:00,3636.08,3636.79,3632.48,3633.31,5045.0
2025-09-08 21:30:00+00:00,3633.48,3637.57,3632.61,3636.46,5270.0
2025-09-08 22:00:00+00:00,3636.62,3637.91,3634.41,3634.79,1918.0
2025-09-08 22:30:00+00:00,3634.9700000000003,3637.61,3634.82,3635.55,2109.0
2025-09-09 00:00:00+00:00,3636.33,3636.78,3630.53,3632.13,2316.0
2025-09-09 00:30:00+00:00,3632.29,3633.2,3628.84,3629.4,2534.0
2025-09-09 01:00:00+00:00,3629.62,3631.81,3628.16,3631.04,3002.0
2025-09-09 01:30:00+00:00,3631.1800000000003,3636.1,3629.91,3634.91,3645.0
2025-09-09 02:00:00+00:00,3635.0699999999997,3640.87,3633.43,3636.77,5470.0
2025-09-09 02:30:00+00:00,3636.94,3640.03,3636.53,3638.5,3879.0
2025-09-09 03:00:00+00:00,3638.66,3646.11,3635.91,3644.43,6873.0
2025-09-09 03:30:00+00:00,3644.6,3647.33,3642.45,3646.33,6808.0
2025-09-09 04:00:00+00:00,3646.4700000000003,3653.81,3644.67,3653.6,7297.0
2025-09-09 04:30:00+00:00,3653.73,3654.44,3646.95,3647.58,6023.0
2025-09-09 05:00:00+00:00,3647.7,3651.85,3643.65,3648.67,6419.0
2025-09-09 05:30:00+00:00,3648.77,3648.92,3642.69,3645.87,4255.0
2025-09-09 06:00:00+00:00,3646.0299999999997,3651.78,3645.68,3651.58,3410.0
2025-09-09 06:30:00+00:00,3651.7200000000003,3657.09,3651.16,3655.0,4071.0
2025-09-09 07:00:00+00:00,3655.08,3656.72,3652.76,3654.46,4024.0
2025-09-09 07:30:00+00:00,3654.63,3659.21,3654.48,3655.21,5280.0
2025-09-09 08:00:00+00:00,3655.39,3656.3,3636.61,3638.52,12206.0
2025-09-09 08:30:00+00:00,3638.6800000000003,3649.76,3637.55,3647.4,7015.0
2025-09-09 09:00:00+00:00,3647.61,3650.86,3643.87,3650.56,6360.0
2025-09-09 09:30:00+00:00,3650.67,3650.62,3641.56,3644.21,6444.0
2025-09-09 10:00:00+00:00,3644.25,3646.65,3641.91,3645.39,7455.0
2025-09-09 10:30:00+00:00,3645.5,3650.91,3643.55,3648.1,6184.0
2025-09-09 11:00:00+00:00,3648.29,3656.54,3647.64,3653.61,5610.0
2025-09-09 11:30:00+00:00,3653.83,3654.66,3651.54,3653.57,4585.0
2025-09-09 12:00:00+00:00,3653.76,3655.94,3652.13,3653.08,4635.0
2025-09-09 12:30:00+00:00,3653.24,3653.54,3648.73,3651.76,4759.0
2025-09-09 13:00:00+00:00,3651.92,3654.1,3651.33,3652.7,4344.0
2025-09-09 13:30:00+00:00,3652.86,3654.03,3646.83,3647.96,5140.0
2025-09-09 14:00:00+00:00,3648.2,3655.28,3647.18,3649.3,7674.0
2025-09-09 14:30:00+00:00,3649.42,3649.72,3643.71,3647.36,8126.0
2025-09-09 15:00:00+00:00,3647.5,3661.64,3646.31,3660.49,10089.0
2025-09-09 15:30:00+00:00,3660.7,3668.17,3658.12,3665.9,11560.0
2025-09-09 16:00:00+00:00,3666.08,3674.47,3642.16,3653.13,21829.0
2025-09-09 16:30:00+00:00,3653.3,3654.21,3635.99,3644.98,15365.0
2025-09-09 17:00:00+00:00,3645.1,3646.35,3626.81,3640.2,13693.0
2025-09-09 17:30:00+00:00,3640.3,3645.76,3636.14,3645.54,10021.0
2025-09-09 18:00:00+00:00,3645.6800000000003,3649.28,3644.09,3645.88,7545.0
2025-09-09 18:30:00+00:00,3646.04,3647.86,3644.49,3644.88,5567.0
2025-09-09 19:00:00+00:00,3645.0699999999997,3646.35,3642.89,3643.24,5645.0
2025-09-09 19:30:00+00:00,3643.4700000000003,3645.2,3641.25,3642.71,5394.0
2025-09-09 20:00:00+00:00,3642.85,3644.57,3642.1,3643.76,4842.0
2025-09-09 20:30:00+00:00,3643.9,3645.0,3639.68,3640.33,4730.0
2025-09-09 21:00:00+00:00,3640.52,3641.27,3634.78,3635.41,5359.0
2025-09-09 21:30:00+00:00,3635.59,3636.18,3628.45,3629.29,7379.0
2025-09-09 22:00:00+00:00,3629.4,3632.73,3629.25,3632.04,2820.0
2025-09-09 22:30:00+00:00,3632.15,3632.08,3626.12,3626.26,2846.0
2025-09-10 00:00:00+00:00,3620.2,3630.26,3618.32,3624.02,4427.0
2025-09-10 00:30:00+00:00,3624.27,3635.9,3624.12,3635.44,3784.0
2025-09-10 01:00:00+00:00,3635.6,3640.79,3634.51,3637.9,4225.0
2025-09-10 01:30:00+00:00,3638.13,3639.37,3633.26,3633.47,3178.0
2025-09-10 02:00:00+00:00,3633.61,3634.35,3626.36,3627.32,5154.0
2025-09-10 02:30:00+00:00,3627.48,3630.69,3621.36,3623.85,6075.0
2025-09-10 03:00:00+00:00,3624.0299999999997,3629.0,3620.12,3621.03,8923.0
2025-09-10 03:30:00+00:00,3621.19,3632.62,3620.79,3630.67,6328.0
2025-09-10 04:00:00+00:00,3630.88,3635.26,3630.06,3633.14,4790.0
2025-09-10 04:30:00+00:00,3633.34,3638.21,3631.43,3636.22,5402.0
2025-09-10 05:00:00+00:00,3636.27,3636.91,3633.1,3634.44,3951.0
2025-09-10 05:30:00+00:00,3634.5699999999997,3636.85,3633.76,3636.4,3035.0
2025-09-10 06:00:00+00:00,3636.59,3642.9,3636.44,3641.09,3329.0
2025-09-10 06:30:00+00:00,3641.21,3643.17,3640.13,3642.92,2906.0
2025-09-10 07:00:00+00:00,3643.06,3644.7,3641.72,3644.12,3392.0
2025-09-10 07:30:00+00:00,3644.29,3645.3,3639.9,3642.87,4506.0
2025-09-10 08:00:00+00:00,3643.0299999999997,3647.59,3640.86,3643.8,5045.0
2025-09-10 08:30:00+00:00,3643.94,3646.83,3640.7,3643.63,5783.0
2025-09-10 09:00:00+00:00,3643.85,3647.99,3641.02,3643.54,5922.0
2025-09-10 09:30:00+00:00,3643.67,3648.37,3642.29,3643.96,4676.0
2025-09-10 10:00:00+00:00,3644.12,3646.42,3641.88,3644.64,4835.0
2025-09-10 10:30:00+00:00,3644.81,3647.57,3643.4,3645.77,4750.0
2025-09-10 11:00:00+00:00,3645.91,3647.09,3644.9,3646.11,3592.0
2025-09-10 11:30:00+00:00,3646.21,3655.95,3645.64,3655.1,5210.0
2025-09-10 12:00:00+00:00,3655.21,3655.74,3651.47,3654.39,5434.0
2025-09-10 12:30:00+00:00,3654.5299999999997,3657.48,3654.01,3655.19,4359.0
2025-09-10 13:00:00+00:00,3655.35,3656.23,3650.13,3654.71,4983.0
2025-09-10 13:30:00+00:00,3654.88,3654.97,3648.42,3649.18,6046.0
2025-09-10 14:00:00+00:00,3649.35,3650.28,3647.12,3648.33,5786.0
2025-09-10 14:30:00+00:00,3648.4700000000003,3657.41,3640.31,3643.94,12783.0
2025-09-10 15:00:00+00:00,3644.06,3649.14,3642.06,3646.91,9045.0
2025-09-10 15:30:00+00:00,3647.1,3653.91,3646.8,3651.11,9863.0
2025-09-10 16:00:00+00:00,3651.2799999999997,3655.12,3649.15,3652.43,8423.0
2025-09-10 16:30:00+00:00,3652.59,3655.25,3643.83,3647.5,8568.0
2025-09-10 17:00:00+00:00,3647.75,3648.54,3638.45,3644.21,8322.0
2025-09-10 17:30:00+00:00,3644.4300000000003,3648.41,3643.88,3644.39,6191.0
2025-09-10 18:00:00+00:00,3644.51,3646.76,3640.47,3641.07,6090.0
2025-09-10 18:30:00+00:00,3641.23,3643.79,3639.91,3642.79,5468.0
2025-09-10 19:00:00+00:00,3642.88,3644.11,3641.59,3642.42,4464.0
2025-09-10 19:30:00+00:00,3642.55,3647.55,3642.18,3647.38,4765.0
2025-09-10 20:00:00+00:00,3647.54,3649.62,3646.31,3648.54,4211.0
2025-09-10 20:30:00+00:00,3648.7,3648.58,3644.49,3645.25,3892.0
2025-09-10 21:00:00+00:00,3645.48,3646.19,3639.0,3639.51,4677.0
2025-09-10 21:30:00+00:00,3639.64,3642.45,3635.13,3641.89,5839.0
2025-09-10 22:00:00+00:00,3642.02,3642.75,3639.48,3639.66,2114.0
2025-09-10 22:30:00+00:00,3639.8,3641.16,3637.96,3640.05,1958.0
2025-09-11 00:00:00+00:00,3642.58,3644.43,3637.83,3639.83,2049.0
2025-09-11 00:30:00+00:00,3640.0,3641.46,3639.25,3639.75,1969.0
2025-09-11 01:00:00+00:00,3639.9700000000003,3642.83,3638.46,3642.68,2144.0
2025-09-11 01:30:00+00:00,3642.85,3645.44,3640.64,3644.79,2530.0
2025-09-11 02:00:00+00:00,3644.96,3647.05,3644.15,3645.64,4083.0
2025-09-11 02:30:00+00:00,3645.7799999999997,3646.42,3642.64,3643.83,4819.0
2025-09-11 03:00:00+00:00,3643.99,3648.48,3642.58,3648.24,4721.0
2025-09-11 03:30:00+00:00,3648.34,3649.01,3639.74,3640.91,4970.0
2025-09-11 04:00:00+00:00,3641.11,3643.4,3637.42,3637.94,3722.0
2025-09-11 04:30:00+00:00,3638.12,3638.83,3634.23,3637.28,4639.0
2025-09-11 05:00:00+00:00,3637.49,3637.34,3631.99,3633.26,4634.0
2025-09-11 05:30:00+00:00,3633.42,3633.53,3629.89,3631.84,3857.0
2025-09-11 06:00:00+00:00,3631.98,3634.23,3631.76,3633.27,2538.0
2025-09-11 06:30:00+00:00,3633.4700000000003,3634.24,3630.09,3630.54,2519.0
2025-09-11 07:00:00+00:00,3630.7,3631.58,3629.64,3631.05,3596.0
2025-09-11 07:30:00+00:00,3631.2200000000003,3633.3,3623.49,3625.06,7093.0
2025-09-11 08:00:00+00:00,3625.15,3634.19,3622.51,3633.37,5892.0
2025-09-11 08:30:00+00:00,3633.6,3637.96,3631.77,3633.18,5093.0
2025-09-11 09:00:00+00:00,3633.34,3633.26,3624.12,3625.98,6533.0
2025-09-11 09:30:00+00:00,3626.12,3629.92,3623.86,3629.75,4767.0
2025-09-11 10:00:00+00:00,3629.9700000000003,3631.59,3627.14,3629.24,3800.0
2025-09-11 10:30:00+00:00,3629.37,3630.43,3625.41,3626.14,4131.0
2025-09-11 11:00:00+00:00,3626.31,3626.16,3614.08,3617.14,6773.0
2025-09-11 11:30:00+00:00,3617.24,3622.74,3616.87,3621.79,4838.0
2025-09-11 12:00:00+00:00,3621.96,3623.68,3619.7,3621.03,3799.0
2025-09-11 12:30:00+00:00,3621.15,3624.78,3619.82,3621.79,4547.0
2025-09-11 13:00:00+00:00,3621.85,3622.15,3619.58,3621.17,4466.0
2025-09-11 13:30:00+00:00,3621.31,3621.46,3615.35,3616.75,5296.0
2025-09-11 14:00:00+00:00,3616.96,3626.14,3616.44,3623.41,6560.0
2025-09-11 14:30:00+00:00,3623.54,3643.89,3613.01,3628.88,15024.0
2025-09-11 15:00:00+00:00,3629.13,3637.02,3620.49,3621.4,11753.0
2025-09-11 15:30:00+00:00,3621.71,3633.28,3618.3,3630.16,11596.0
2025-09-11 16:00:00+00:00,3630.24,3637.68,3626.08,3634.99,9758.0
2025-09-11 16:30:00+00:00,3635.19,3635.41,3626.84,3629.47,8295.0
2025-09-11 17:00:00+00:00,3629.63,3638.86,3629.48,3636.52,6974.0
2025-09-11 17:30:00+00:00,3636.65,3637.98,3631.27,3633.04,5970.0
2025-09-11 18:00:00+00:00,3633.17,3641.84,3633.01,3637.19,6794.0
2025-09-11 18:30:00+00:00,3637.41,3639.04,3633.69,3636.14,5226.0
2025-09-11 19:00:00+00:00,3636.3,3636.38,3631.77,3634.67,5447.0
2025-09-11 19:30:00+00:00,3634.84,3636.53,3633.48,3634.98,4622.0
2025-09-11 20:00:00+00:00,3635.14,3637.01,3631.9,3632.01,4227.0
2025-09-11 20:30:00+00:00,3632.17,3633.5,3630.4,3632.23,4220.0
2025-09-11 21:00:00+00:00,3632.39,3636.93,3632.13,3634.62,3858.0
2025-09-11 21:30:00+00:00,3634.8,3637.39,3634.25,3636.88,4312.0
2025-09-11 22:00:00+00:00,3637.02,3637.56,3634.84,3635.07,1730.0
2025-09-11 22:30:00+00:00,3635.25,3635.31,3633.04,3633.77,1292.0
2025-09-12 00:00:00+00:00,3633.96,3638.17,3633.36,3636.95,1381.0
2025-09-12 00:30:00+00:00,3637.09,3636.94,3633.0,3634.81,1458.0
2025-09-12 01:00:00+00:00,3634.92,3636.04,3633.17,3635.26,1634.0
2025-09-12 01:30:00+00:00,3635.36,3635.76,3631.57,3631.71,1956.0
2025-09-12 02:00:00+00:00,3631.87,3633.74,3630.76,3631.11,3562.0
2025-09-12 02:30:00+00:00,3631.33,3637.89,3630.48,3636.51,3511.0
2025-09-12 03:00:00+00:00,3636.65,3643.87,3636.5,3642.61,6099.0
2025-09-12 03:30:00+00:00,3642.81,3647.41,3642.41,3646.29,6833.0
2025-09-12 04:00:00+00:00,3646.42,3650.03,3644.7,3649.75,4607.0
2025-09-12 04:30:00+00:00,3649.9300000000003,3650.9,3646.04,3648.97,4547.0
2025-09-12 05:00:00+00:00,3649.09,3652.26,3646.47,3650.62,4641.0
2025-09-12 05:30:00+00:00,3650.74,3653.16,3650.16,3652.88,2582.0
2025-09-12 06:00:00+00:00,3653.06,3654.92,3651.46,3654.78,2685.0
2025-09-12 06:30:00+00:00,3654.91,3656.08,3653.74,3654.81,2653.0
2025-09-12 07:00:00+00:00,3654.98,3656.55,3652.71,3652.8,2482.0
2025-09-12 07:30:00+00:00,3652.94,3655.66,3651.94,3653.06,4322.0
2025-09-12 08:00:00+00:00,3653.19,3654.04,3649.35,3650.75,4365.0
2025-09-12 08:30:00+00:00,3650.91,3652.23,3648.21,3650.54,4195.0
2025-09-12 09:00:00+00:00,3650.67,3653.71,3649.45,3652.53,4581.0
2025-09-12 09:30:00+00:00,3652.67,3652.52,3647.72,3648.25,4506.0
2025-09-12 10:00:00+00:00,3648.37,3651.2,3642.51,3645.02,6288.0
2025-09-12 10:30:00+00:00,3645.19,3646.04,3639.61,3641.01,5633.0
2025-09-12 11:00:00+00:00,3641.09,3646.27,3637.61,3646.08,6739.0
2025-09-12 11:30:00+00:00,3646.2200000000003,3646.92,3642.53,3646.38,4850.0
2025-09-12 12:00:00+00:00,3646.52,3651.39,3646.27,3650.59,4735.0
2025-09-12 12:30:00+00:00,3650.81,3652.07,3649.03,3651.02,4082.0
2025-09-12 13:00:00+00:00,3651.15,3651.88,3647.81,3648.23,4411.0
2025-09-12 13:30:00+00:00,3648.4,3649.35,3646.83,3646.96,4121.0
2025-09-12 14:00:00+00:00,3647.12,3648.9,3640.06,3642.48,6664.0
2025-09-12 14:30:00+00:00,3642.6800000000003,3645.85,3638.24,3645.3,7969.0
2025-09-12 15:00:00+00:00,3645.46,3650.4,3643.27,3648.62,6853.0
2025-09-12 15:30:00+00:00,3648.76,3652.44,3646.56,3650.51,9845.0
2025-09-12 16:00:00+00:00,3650.34,3654.13,3649.46,3652.69,8257.0
2025-09-12 16:30:00+00:00,3652.85,3653.51,3647.31,3647.94,7154.0
2025-09-12 17:00:00+00:00,3648.1,3648.27,3641.74,3644.45,7209.0
2025-09-12 17:30:00+00:00,3644.59,3647.18,3643.44,3644.44,5181.0
2025-09-12 18:00:00+00:00,3644.58,3646.89,3642.66,3646.62,4847.0
2025-09-12 18:30:00+00:00,3646.7799999999997,3649.59,3645.77,3649.04,4319.0
2025-09-12 19:00:00+00:00,3649.26,3650.5,3647.4,3647.76,4507.0
2025-09-12 19:30:00+00:00,3647.92,3650.03,3647.59,3648.62,3843.0
2025-09-12 20:00:00+00:00,3648.7799999999997,3648.96,3646.94,3647.88,3907.0
2025-09-12 20:30:00+00:00,3648.02,3649.34,3647.53,3648.36,3231.0
2025-09-12 21:00:00+00:00,3648.5299999999997,3648.4,3645.92,3645.94,2905.0
2025-09-12 21:30:00+00:00,3646.11,3646.71,3643.53,3644.12,3847.0
2025-09-12 22:00:00+00:00,3644.2799999999997,3645.32,3641.76,3642.84,3168.0
2025-09-12 22:30:00+00:00,3642.94,3643.79,3641.27,3643.29,2213.0
2025-09-15 00:00:00+00:00,3643.24,3646.38,3639.6,3642.38,2695.0
2025-09-15 00:30:00+00:00,3642.56,3642.59,3640.03,3641.98,1615.0
2025-09-15 01:00:00+00:00,3642.11,3641.99,3637.49,3639.12,2005.0
2025-09-15 01:30:00+00:00,3639.1800000000003,3639.37,3636.73,3638.13,1808.0
2025-09-15 02:00:00+00:00,3638.27,3642.53,3634.7,3639.25,3692.0
2025-09-15 02:30:00+00:00,3639.39,3639.24,3631.98,3633.27,3741.0
2025-09-15 03:00:00+00:00,3633.81,3633.96,3626.6,3631.78,6703.0
2025-09-15 03:30:00+00:00,3631.91,3634.66,3628.59,3634.31,4590.0
2025-09-15 04:00:00+00:00,3634.45,3644.81,3634.29,3642.93,4523.0
2025-09-15 04:30:00+00:00,3643.1,3645.36,3639.78,3640.94,4249.0
2025-09-15 05:00:00+00:00,3641.0699999999997,3644.13,3640.04,3643.92,3425.0
2025-09-15 05:30:00+00:00,3644.02,3646.36,3643.34,3646.04,2936.0
2025-09-15 06:00:00+00:00,3646.2200000000003,3646.75,3644.39,3645.14,2138.0
2025-09-15 06:30:00+00:00,3645.26,3645.52,3643.61,3645.52,1952.0
2025-09-15 07:00:00+00:00,3645.7,3645.72,3642.25,3645.23,2802.0
2025-09-15 07:30:00+00:00,3645.49,3646.15,3643.29,3643.56,3257.0
2025-09-15 08:00:00+00:00,3643.7,3643.83,3640.39,3641.95,4302.0
2025-09-15 08:30:00+00:00,3642.01,3643.75,3636.65,3636.65,4767.0
2025-09-15 09:00:00+00:00,3636.75,3637.7,3633.73,3636.25,5487.0
2025-09-15 09:30:00+00:00,3636.36,3644.84,3636.02,3643.8,5447.0
2025-09-15 10:00:00+00:00,3643.9300000000003,3645.07,3640.97,3641.61,5041.0
2025-09-15 10:30:00+00:00,3641.77,3645.67,3640.77,3645.37,4321.0
2025-09-15 11:00:00+00:00,3645.49,3645.76,3639.56,3640.41,4292.0
2025-09-15 11:30:00+00:00,3640.55,3641.59,3635.76,3641.13,5034.0
2025-09-15 12:00:00+00:00,3641.31,3646.24,3641.11,3645.71,4790.0
2025-09-15 12:30:00+00:00,3645.87,3646.21,3639.08,3639.89,4895.0
2025-09-15 13:00:00+00:00,3640.13,3645.81,3638.97,3644.4,4965.0
2025-09-15 13:30:00+00:00,3644.5299999999997,3646.64,3642.21,3642.55,4871.0
2025-09-15 14:00:00+00:00,3642.73,3643.53,3636.92,3638.29,6126.0
2025-09-15 14:30:00+00:00,3638.5,3650.91,3637.88,3650.24,7061.0
2025-09-15 15:00:00+00:00,3650.4,3653.71,3646.77,3653.63,7075.0
2025-09-15 15:30:00+00:00,3653.8,3664.25,3652.71,3657.04,9389.0
2025-09-15 16:00:00+00:00,3657.17,3660.81,3653.76,3657.71,7805.0
2025-09-15 16:30:00+00:00,3657.81,3663.76,3656.79,3663.38,6600.0
2025-09-15 17:00:00+00:00,3663.55,3667.66,3662.99,3667.26,6352.0
2025-09-15 17:30:00+00:00,3667.44,3681.79,3665.95,3680.47,7470.0
2025-09-15 18:00:00+00:00,3680.69,3684.46,3677.36,3684.16,7275.0
2025-09-15 18:30:00+00:00,3684.34,3685.5,3674.67,3679.1,7108.0
2025-09-15 19:00:00+00:00,3679.3,3681.63,3678.55,3679.94,5327.0
2025-09-15 19:30:00+00:00,3680.08,3682.59,3679.77,3681.61,5667.0
2025-09-15 20:00:00+00:00,3681.74,3681.91,3677.49,3680.02,4679.0
2025-09-15 20:30:00+00:00,3680.19,3680.58,3675.77,3676.86,4566.0
2025-09-15 21:00:00+00:00,3676.98,3680.68,3676.65,3679.32,4566.0
2025-09-15 21:30:00+00:00,3679.4300000000003,3682.72,3679.22,3680.93,5614.0
2025-09-15 22:00:00+00:00,3681.05,3681.98,3679.03,3680.53,2518.0
2025-09-15 22:30:00+00:00,3680.63,3681.3,3678.58,3678.74,1836.0
2025-09-16 00:00:00+00:00,3680.1499999999996,3681.17,3676.18,3678.73,2201.0
2025-09-16 00:30:00+00:00,3678.9300000000003,3679.77,3677.64,3678.7,1617.0
2025-09-16 01:00:00+00:00,3678.87,3680.33,3677.87,3678.78,1564.0
2025-09-16 01:30:00+00:00,3678.94,3678.8,3676.03,3676.85,2219.0
2025-09-16 02:00:00+00:00,3676.95,3683.55,3676.38,3683.46,4289.0
2025-09-16 02:30:00+00:00,3683.6,3686.74,3682.12,3686.33,4291.0
2025-09-16 03:00:00+00:00,3686.4700000000003,3689.38,3677.08,3678.5,6951.0
2025-09-16 03:30:00+00:00,3678.62,3681.77,3677.22,3679.19,4974.0
2025-09-16 04:00:00+00:00,3679.35,3682.54,3678.57,3680.93,3997.0
2025-09-16 04:30:00+00:00,3681.0699999999997,3681.11,3674.61,3677.63,5932.0
2025-09-16 05:00:00+00:00,3677.77,3681.87,3676.94,3681.69,4363.0
2025-09-16 05:30:00+00:00,3681.85,3683.06,3680.49,3681.03,3099.0
2025-09-16 06:00:00+00:00,3681.17,3683.44,3680.58,3681.98,2541.0
2025-09-16 06:30:00+00:00,3682.1,3685.42,3680.11,3684.23,2725.0
2025-09-16 07:00:00+00:00,3684.34,3684.44,3682.7,3684.19,2910.0
2025-09-16 07:30:00+00:00,3684.36,3684.49,3680.25,3682.67,4062.0
2025-09-16 08:00:00+00:00,3682.83,3686.89,3681.7,3685.21,4536.0
2025-09-16 08:30:00+00:00,3685.37,3694.13,3684.17,3693.32,5593.0
2025-09-16 09:00:00+00:00,3693.46,3694.07,3689.7,3691.69,5721.0
2025-09-16 09:30:00+00:00,3691.85,3692.43,3686.19,3686.36,5429.0
2025-09-16 10:00:00+00:00,3686.54,3697.13,3686.04,3694.52,5781.0
2025-09-16 10:30:00+00:00,3694.66,3695.95,3691.66,3694.23,4482.0
2025-09-16 11:00:00+00:00,3694.35,3697.8,3692.9,3695.03,4745.0
2025-09-16 11:30:00+00:00,3695.17,3698.74,3694.64,3698.17,4777.0
2025-09-16 12:00:00+00:00,3698.3,3698.66,3695.96,3697.33,4018.0
2025-09-16 12:30:00+00:00,3697.4700000000003,3697.57,3692.78,3693.07,4850.0
2025-09-16 13:00:00+00:00,3693.2799999999997,3694.75,3690.43,3692.61,5107.0
2025-09-16 13:30:00+00:00,3692.77,3699.37,3692.11,3697.02,6180.0
2025-09-16 14:00:00+00:00,3697.2799999999997,3697.37,3691.21,3691.26,6426.0
2025-09-16 14:30:00+00:00,3691.39,3693.05,3686.45,3689.15,8594.0
2025-09-16 15:00:00+00:00,3689.3199999999997,3694.38,3685.14,3694.22,15116.0
2025-09-16 15:30:00+00:00,3694.44,3698.43,3692.0,3695.62,9745.0
2025-09-16 16:00:00+00:00,3695.7799999999997,3703.11,3691.9,3692.76,10016.0
2025-09-16 16:30:00+00:00,3692.86,3695.83,3685.69,3686.25,10435.0
2025-09-16 17:00:00+00:00,3686.46,3688.77,3680.0,3682.12,9470.0
2025-09-16 17:30:00+00:00,3682.2799999999997,3686.9,3678.81,3686.2,8006.0
2025-09-16 18:00:00+00:00,3686.33,3689.81,3684.58,3689.03,6201.0
2025-09-16 18:30:00+00:00,3689.17,3691.06,3686.19,3689.61,6190.0
2025-09-16 19:00:00+00:00,3689.8,3690.87,3686.86,3688.39,5999.0
2025-09-16 19:30:00+00:00,3688.5699999999997,3689.21,3686.27,3687.65,5031.0
2025-09-16 20:00:00+00:00,3687.81,3689.1,3686.43,3688.83,4754.0
2025-09-16 20:30:00+00:00,3688.9700000000003,3690.83,3688.35,3690.6,3694.0
2025-09-16 21:00:00+00:00,3690.74,3691.01,3688.74,3688.75,3178.0
2025-09-16 21:30:00+00:00,3688.89,3690.67,3687.67,3689.59,3593.0
2025-09-16 22:00:00+00:00,3689.73,3693.57,3689.49,3693.47,1559.0
2025-09-16 22:30:00+00:00,3693.63,3693.7,3689.44,3689.7,1940.0
2025-09-17 00:00:00+00:00,3690.3999999999996,3691.61,3689.07,3690.96,1259.0
2025-09-17 00:30:00+00:00,3691.12,3692.72,3690.91,3691.8,1845.0
2025-09-17 01:00:00+00:00,3691.9700000000003,3694.89,3691.64,3694.42,1957.0
2025-09-17 01:30:00+00:00,3694.63,3695.08,3692.51,3694.15,1969.0
2025-09-17 02:00:00+00:00,3694.31,3695.27,3692.34,3693.64,3209.0
2025-09-17 02:30:00+00:00,3693.76,3693.99,3691.1,3691.26,3461.0
2025-09-17 03:00:00+00:00,3691.35,3691.93,3685.8,3685.88,4810.0
2025-09-17 03:30:00+00:00,3686.06,3686.04,3675.97,3679.44,8540.0
2025-09-17 04:00:00+00:00,3679.56,3681.68,3676.15,3677.45,5503.0
2025-09-17 04:30:00+00:00,3677.55,3683.76,3674.29,3682.07,6129.0
2025-09-17 05:00:00+00:00,3682.26,3683.42,3679.78,3681.17,4168.0
2025-09-17 05:30:00+00:00,3681.33,3682.46,3680.6,3681.64,2439.0
2025-09-17 06:00:00+00:00,3681.8,3682.44,3680.84,3681.02,2014.0
2025-09-17 06:30:00+00:00,3681.16,3681.93,3680.37,3680.68,2280.0
2025-09-17 07:00:00+00:00,3680.87,3685.8,3679.06,3680.76,4530.0
2025-09-17 07:30:00+00:00,3680.9,3681.89,3675.78,3679.1,5047.0
2025-09-17 08:00:00+00:00,3679.26,3680.04,3674.78,3675.78,4913.0
2025-09-17 08:30:00+00:00,3675.91,3676.77,3670.34,3674.97,6075.0
2025-09-17 09:00:00+00:00,3675.09,3677.27,3666.8,3667.44,6521.0
2025-09-17 09:30:00+00:00,3667.58,3671.26,3666.46,3667.03,5410.0
2025-09-17 10:00:00+00:00,3667.2,3667.15,3663.22,3666.77,5464.0
2025-09-17 10:30:00+00:00,3666.9300000000003,3667.84,3662.5,3664.76,5636.0
2025-09-17 11:00:00+00:00,3664.86,3670.89,3663.8,3668.56,5216.0
2025-09-17 11:30:00+00:00,3668.7,3669.98,3666.97,3667.74,4873.0
2025-09-17 12:00:00+00:00,3667.88,3669.61,3660.59,3666.86,6373.0
2025-09-17 12:30:00+00:00,3667.0,3667.14,3660.36,3661.39,5831.0
2025-09-17 13:00:00+00:00,3661.48,3668.04,3659.93,3667.85,6102.0
2025-09-17 13:30:00+00:00,3668.1,3669.73,3664.23,3665.85,5847.0
2025-09-17 14:00:00+00:00,3665.99,3671.91,3665.48,3670.5,6081.0
2025-09-17 14:30:00+00:00,3670.71,3679.23,3669.83,3678.6,6119.0
2025-09-17 15:00:00+00:00,3678.8,3679.31,3672.72,3676.63,7785.0
2025-09-17 15:30:00+00:00,3676.81,3682.52,3676.26,3678.66,9194.0
2025-09-17 16:00:00+00:00,3678.83,3685.15,3676.82,3682.93,7949.0
2025-09-17 16:30:00+00:00,3683.09,3686.06,3682.4,3684.18,6933.0
2025-09-17 17:00:00+00:00,3684.45,3687.06,3683.34,3685.23,6148.0
2025-09-17 17:30:00+00:00,3685.41,3687.13,3682.77,3684.11,5002.0
2025-09-17 18:00:00+00:00,3684.25,3688.46,3684.08,3687.94,4700.0
2025-09-17 18:30:00+00:00,3688.06,3688.06,3683.95,3684.66,4696.0
2025-09-17 19:00:00+00:00,3684.8199999999997,3684.77,3678.63,3682.62,5830.0
2025-09-17 19:30:00+00:00,3682.79,3687.72,3682.37,3686.9,5263.0
2025-09-17 20:00:00+00:00,3687.0299999999997,3707.49,3651.92,3682.38,15475.0
2025-09-17 20:30:00+00:00,3682.69,3684.65,3646.1,3650.34,16459.0
2025-09-17 21:00:00+00:00,3650.63,3666.85,3646.27,3663.84,13796.0
2025-09-17 21:30:00+00:00,3663.9300000000003,3665.46,3655.54,3661.67,10716.0
2025-09-17 22:00:00+00:00,3661.8,3661.75,3656.3,3659.16,4091.0
2025-09-17 22:30:00+00:00,3659.2200000000003,3660.19,3657.19,3659.76,2431.0
2025-09-18 00:00:00+00:00,3660.37,3665.32,3655.27,3664.17,3558.0
2025-09-18 00:30:00+00:00,3664.31,3664.42,3661.12,3662.94,2542.0
2025-09-18 01:00:00+00:00,3663.08,3671.95,3662.13,3671.09,3303.0
2025-09-18 01:30:00+00:00,3671.2200000000003,3671.2,3667.72,3669.09,2600.0
2025-09-18 02:00:00+00:00,3669.34,3669.89,3661.16,3662.2,5094.0
2025-09-18 02:30:00+00:00,3662.36,3665.54,3658.01,3665.13,4743.0
2025-09-18 03:00:00+00:00,3665.3199999999997,3668.72,3653.11,3654.75,8754.0
2025-09-18 03:30:00+00:00,3654.89,3658.21,3651.74,3657.05,7380.0
2025-09-18 04:00:00+00:00,3657.15,3663.35,3655.4,3661.9,5007.0
2025-09-18 04:30:00+00:00,3662.0299999999997,3665.69,3659.6,3664.73,5208.0
2025-09-18 05:00:00+00:00,3664.89,3665.98,3660.85,3662.65,4078.0
2025-09-18 05:30:00+00:00,3662.7799999999997,3662.77,3657.74,3658.43,2765.0
2025-09-18 06:00:00+00:00,3658.5699999999997,3659.21,3656.67,3658.01,2678.0
2025-09-18 06:30:00+00:00,3658.15,3658.44,3653.4,3653.63,3854.0
2025-09-18 07:00:00+00:00,3653.76,3658.38,3651.87,3657.89,4229.0
2025-09-18 07:30:00+00:00,3658.08,3659.09,3649.41,3651.51,6423.0
2025-09-18 08:00:00+00:00,3651.6800000000003,3651.89,3633.77,3638.51,9364.0
2025-09-18 08:30:00+00:00,3638.79,3640.12,3635.48,3637.43,6617.0
2025-09-18 09:00:00+00:00,3637.56,3650.09,3635.47,3649.41,6930.0
2025-09-18 09:30:00+00:00,3649.55,3659.74,3648.12,3658.82,6833.0
2025-09-18 10:00:00+00:00,3659.02,3659.33,3653.65,3656.44,5078.0
2025-09-18 10:30:00+00:00,3656.5699999999997,3665.6,3655.16,3665.44,5775.0
2025-09-18 11:00:00+00:00,3665.6,3672.14,3664.49,3671.02,6152.0
2025-09-18 11:30:00+00:00,3671.19,3672.93,3669.75,3671.6,5276.0
2025-09-18 12:00:00+00:00,3671.7200000000003,3672.36,3665.43,3669.15,5060.0
2025-09-18 12:30:00+00:00,3669.31,3670.31,3665.52,3667.02,4175.0
2025-09-18 13:00:00+00:00,3667.1800000000003,3670.86,3665.61,3666.19,4887.0
2025-09-18 13:30:00+00:00,3666.38,3669.3,3664.38,3666.99,5289.0
2025-09-18 14:00:00+00:00,3667.15,3672.4,3665.93,3671.06,5693.0
2025-09-18 14:30:00+00:00,3671.27,3671.12,3662.98,3663.28,8375.0
2025-09-18 15:00:00+00:00,3663.3,3664.12,3651.82,3653.84,9431.0
2025-09-18 15:30:00+00:00,3654.01,3654.79,3627.83,3642.14,30974.0
2025-09-18 16:00:00+00:00,3642.24,3646.07,3634.29,3635.59,12989.0
2025-09-18 16:30:00+00:00,3635.69,3646.31,3635.19,3638.3,10873.0
2025-09-18 17:00:00+00:00,3638.48,3642.28,3636.72,3639.19,9270.0
2025-09-18 17:30:00+00:00,3639.33,3641.69,3638.61,3641.25,6478.0
2025-09-18 18:00:00+00:00,3641.4300000000003,3645.67,3640.84,3644.16,6730.0
2025-09-18 18:30:00+00:00,3644.3,3647.18,3643.23,3646.3,5400.0
2025-09-18 19:00:00+00:00,3646.41,3646.72,3643.38,3644.71,6585.0
2025-09-18 19:30:00+00:00,3644.9,3645.4,3643.29,3643.55,4570.0
2025-09-18 20:00:00+00:00,3643.71,3643.56,3640.6,3642.48,4622.0
2025-09-18 20:30:00+00:00,3642.61,3643.08,3641.25,3641.29,4728.0
2025-09-18 21:00:00+00:00,3641.4300000000003,3644.03,3640.59,3642.53,4513.0
2025-09-18 21:30:00+00:00,3642.65,3647.0,3642.43,3646.59,4931.0
2025-09-18 22:00:00+00:00,3646.8199999999997,3647.04,3645.11,3645.79,1554.0
2025-09-18 22:30:00+00:00,3645.91,3646.09,3643.78,3644.36,1300.0
2025-09-19 00:00:00+00:00,3643.5,3644.17,3641.36,3641.68,1429.0
2025-09-19 00:30:00+00:00,3641.79,3642.73,3639.41,3640.28,1281.0
2025-09-19 01:00:00+00:00,3640.44,3641.78,3638.77,3639.12,1556.0
2025-09-19 01:30:00+00:00,3639.3,3640.33,3637.66,3640.16,2306.0
2025-09-19 02:00:00+00:00,3640.42,3642.69,3636.67,3638.17,3812.0
2025-09-19 02:30:00+00:00,3638.4,3641.27,3636.23,3639.98,3566.0
2025-09-19 03:00:00+00:00,3640.11,3651.12,3639.55,3647.53,6498.0
2025-09-19 03:30:00+00:00,3647.66,3648.31,3632.13,3639.82,7198.0
2025-09-19 04:00:00+00:00,3639.96,3647.11,3638.73,3645.63,5251.0
2025-09-19 04:30:00+00:00,3645.8,3650.24,3643.98,3647.29,5685.0
2025-09-19 05:00:00+00:00,3647.4,3655.06,3645.3,3653.8,4703.0
2025-09-19 05:30:00+00:00,3653.98,3656.35,3652.81,3653.55,5238.0
2025-09-19 06:00:00+00:00,3653.71,3659.92,3653.56,3659.26,4632.0
2025-09-19 06:30:00+00:00,3659.45,3659.75,3657.07,3658.81,3707.0
2025-09-19 07:00:00+00:00,3658.98,3661.16,3656.36,3658.51,3932.0
2025-09-19 07:30:00+00:00,3658.64,3658.73,3651.32,3652.37,5687.0
2025-09-19 08:00:00+00:00,3652.54,3654.13,3646.54,3650.27,5901.0
2025-09-19 08:30:00+00:00,3650.51,3651.04,3643.26,3646.89,6745.0
2025-09-19 09:00:00+00:00,3647.08,3653.9,3644.4,3652.86,5627.0
2025-09-19 09:30:00+00:00,3653.0,3657.48,3650.97,3653.85,5012.0
2025-09-19 10:00:00+00:00,3653.9700000000003,3654.93,3649.49,3652.48,4991.0
2025-09-19 10:30:00+00:00,3652.61,3656.52,3652.31,3655.59,4250.0
2025-09-19 11:00:00+00:00,3655.73,3658.45,3655.11,3656.52,3641.0
2025-09-19 11:30:00+00:00,3656.6800000000003,3658.68,3655.58,3658.48,4005.0
2025-09-19 12:00:00+00:00,3658.62,3659.05,3656.68,3656.83,3439.0
2025-09-19 12:30:00+00:00,3656.99,3657.91,3655.0,3655.77,3400.0
2025-09-19 13:00:00+00:00,3655.95,3655.81,3650.47,3650.84,4811.0
2025-09-19 13:30:00+00:00,3650.98,3651.5,3645.57,3648.31,5637.0
2025-09-19 14:00:00+00:00,3648.49,3651.78,3646.43,3647.58,6304.0
2025-09-19 14:30:00+00:00,3647.66,3649.67,3644.59,3649.15,6504.0
2025-09-19 15:00:00+00:00,3649.26,3655.81,3643.69,3655.81,7959.0
2025-09-19 15:30:00+00:00,3655.9700000000003,3664.26,3653.82,3663.23,9650.0
2025-09-19 16:00:00+00:00,3663.45,3664.29,3656.32,3663.9,19182.0
2025-09-19 16:30:00+00:00,3664.08,3669.19,3662.38,3666.91,8888.0
2025-09-19 17:00:00+00:00,3667.08,3675.8,3665.18,3671.41,9135.0
2025-09-19 17:30:00+00:00,3671.5,3671.4,3667.81,3670.71,6809.0
2025-09-19 18:00:00+00:00,3670.88,3673.23,3666.51,3668.15,6485.0
2025-09-19 18:30:00+00:00,3668.31,3670.67,3667.42,3668.2,5317.0
2025-09-19 19:00:00+00:00,3668.33,3672.22,3668.0,3671.64,5393.0
2025-09-19 19:30:00+00:00,3671.8199999999997,3679.38,3671.53,3678.6,5773.0
2025-09-19 20:00:00+00:00,3678.76,3682.59,3678.19,3682.08,5630.0
2025-09-19 20:30:00+00:00,3682.29,3684.03,3680.61,3683.64,4504.0
2025-09-19 21:00:00+00:00,3683.73,3684.36,3682.42,3683.57,4488.0
2025-09-19 21:30:00+00:00,3683.71,3685.16,3681.33,3684.35,5587.0
2025-09-19 22:00:00+00:00,3684.49,3684.34,3680.82,3683.11,2420.0
2025-09-19 22:30:00+00:00,3683.2,3684.94,3682.59,3684.66,2362.0
2025-09-22 00:00:00+00:00,3686.74,3692.16,3683.64,3691.21,3710.0
2025-09-22 00:30:00+00:00,3691.35,3691.2,3687.47,3688.24,2537.0
2025-09-22 01:00:00+00:00,3688.42,3690.37,3686.34,3689.42,2005.0
2025-09-22 01:30:00+00:00,3689.55,3689.65,3685.7,3686.11,3048.0
2025-09-22 02:00:00+00:00,3686.2200000000003,3690.72,3685.62,3689.46,4413.0
2025-09-22 02:30:00+00:00,3689.63,3690.89,3687.47,3690.72,3474.0
2025-09-22 03:00:00+00:00,3690.86,3696.68,3687.0,3690.01,8314.0
2025-09-22 03:30:00+00:00,3689.96,3693.28,3686.48,3689.21,6194.0
2025-09-22 04:00:00+00:00,3689.31,3691.43,3687.25,3691.38,4652.0
2025-09-22 04:30:00+00:00,3691.5,3693.19,3685.45,3686.32,5186.0
2025-09-22 05:00:00+00:00,3686.46,3692.22,3685.9,3691.45,5123.0
2025-09-22 05:30:00+00:00,3691.56,3697.39,3690.98,3695.38,4312.0
2025-09-22 06:00:00+00:00,3695.4700000000003,3695.83,3690.66,3691.22,3351.0
2025-09-22 06:30:00+00:00,3691.38,3692.51,3690.03,3692.11,2719.0
2025-09-22 07:00:00+00:00,3692.27,3697.79,3691.8,3696.27,3255.0
2025-09-22 07:30:00+00:00,3696.34,3700.1,3695.97,3696.96,5007.0
2025-09-22 08:00:00+00:00,3697.09,3706.36,3695.45,3706.19,5986.0
2025-09-22 08:30:00+00:00,3706.2799999999997,3719.79,3704.91,3714.37,7855.0
2025-09-22 09:00:00+00:00,3714.4300000000003,3714.68,3708.58,3713.38,6889.0
2025-09-22 09:30:00+00:00,3713.56,3716.26,3712.35,3713.15,5244.0
2025-09-22 10:00:00+00:00,3713.29,3719.92,3712.39,3717.65,5425.0
2025-09-22 10:30:00+00:00,3717.79,3722.42,3717.53,3720.36,4350.0
2025-09-22 11:00:00+00:00,3720.54,3726.54,3719.18,3725.22,4541.0
2025-09-22 11:30:00+00:00,3725.39,3725.56,3720.53,3723.19,5185.0
2025-09-22 12:00:00+00:00,3723.35,3727.2,3721.0,3725.07,5065.0
2025-09-22 12:30:00+00:00,3725.21,3728.19,3723.21,3727.34,4458.0
2025-09-22 13:00:00+00:00,3727.41,3728.16,3725.59,3726.4,4369.0
2025-09-22 13:30:00+00:00,3726.56,3727.18,3721.18,3724.58,5601.0
2025-09-22 14:00:00+00:00,3724.76,3725.36,3712.11,3715.25,7208.0
2025-09-22 14:30:00+00:00,3715.37,3723.15,3713.36,3721.57,7988.0
2025-09-22 15:00:00+00:00,3721.75,3725.41,3719.39,3723.12,8532.0
2025-09-22 15:30:00+00:00,3723.3,3725.18,3713.69,3722.29,25898.0
2025-09-22 16:00:00+00:00,3722.36,3723.25,3716.92,3721.4,10519.0
2025-09-22 16:30:00+00:00,3721.56,3726.29,3716.79,3725.73,8726.0
2025-09-22 17:00:00+00:00,3725.87,3731.74,3723.46,3731.35,7655.0
2025-09-22 17:30:00+00:00,3731.51,3736.29,3730.59,3736.08,6551.0
2025-09-22 18:00:00+00:00,3736.25,3739.0,3735.19,3736.68,6565.0
2025-09-22 18:30:00+00:00,3736.86,3739.52,3736.24,3737.06,5394.0
2025-09-22 19:00:00+00:00,3737.23,3741.55,3737.08,3740.02,5353.0
2025-09-22 19:30:00+00:00,3740.19,3747.14,3740.04,3746.56,5979.0
2025-09-22 20:00:00+00:00,3746.7,3747.56,3745.1,3745.84,4407.0
2025-09-22 20:30:00+00:00,3745.9700000000003,3747.95,3744.59,3747.54,4297.0
2025-09-22 21:00:00+00:00,3747.6800000000003,3748.71,3743.34,3743.78,4525.0
2025-09-22 21:30:00+00:00,3743.98,3748.44,3742.36,3747.65,5586.0
2025-09-22 22:00:00+00:00,3747.74,3748.25,3745.49,3747.6,1965.0
2025-09-22 22:30:00+00:00,3747.74,3748.5,3745.76,3746.75,2075.0
2025-09-23 00:00:00+00:00,3746.6,3747.63,3743.16,3743.22,1512.0
2025-09-23 00:30:00+00:00,3743.34,3745.17,3738.2,3739.96,2607.0
2025-09-23 01:00:00+00:00,3740.09,3749.0,3738.94,3746.65,3589.0
2025-09-23 01:30:00+00:00,3746.71,3749.12,3745.69,3747.7,2841.0
2025-09-23 02:00:00+00:00,3747.91,3748.93,3744.81,3748.85,3754.0
2025-09-23 02:30:00+00:00,3748.9700000000003,3750.52,3746.23,3747.17,4771.0
2025-09-23 03:00:00+00:00,3747.33,3757.98,3745.66,3749.8,8690.0
2025-09-23 03:30:00+00:00,3749.8199999999997,3759.12,3747.76,3754.46,6852.0
2025-09-23 04:00:00+00:00,3754.65,3755.29,3740.89,3742.71,8027.0
2025-09-23 04:30:00+00:00,3742.84,3744.53,3736.66,3741.68,7397.0
2025-09-23 05:00:00+00:00,3741.81,3744.5,3738.95,3742.78,5937.0
2025-09-23 05:30:00+00:00,3742.94,3747.07,3741.73,3746.52,4183.0
2025-09-23 06:00:00+00:00,3746.6800000000003,3747.41,3743.16,3745.9,3695.0
2025-09-23 06:30:00+00:00,3746.06,3747.27,3743.44,3744.7,3518.0
2025-09-23 07:00:00+00:00,3744.84,3750.2,3743.13,3750.03,3735.0
2025-09-23 07:30:00+00:00,3750.15,3758.69,3749.39,3753.09,6934.0
2025-09-23 08:00:00+00:00,3753.2,3757.3,3751.27,3756.46,6482.0
2025-09-23 08:30:00+00:00,3756.64,3756.82,3752.03,3753.84,5556.0
2025-09-23 09:00:00+00:00,3753.94,3755.42,3748.94,3754.81,6143.0
2025-09-23 09:30:00+00:00,3755.01,3757.31,3751.85,3753.29,5592.0
2025-09-23 10:00:00+00:00,3753.4300000000003,3759.53,3753.0,3759.25,5073.0
2025-09-23 10:30:00+00:00,3759.39,3775.09,3759.09,3774.19,7389.0
2025-09-23 11:00:00+00:00,3774.36,3790.99,3774.14,3786.92,7941.0
2025-09-23 11:30:00+00:00,3787.08,3787.52,3778.25,3784.74,7389.0
2025-09-23 12:00:00+00:00,3784.88,3787.82,3781.56,3782.5,5736.0
2025-09-23 12:30:00+00:00,3782.6800000000003,3785.2,3780.8,3782.88,4692.0
2025-09-23 13:00:00+00:00,3783.04,3788.69,3779.68,3788.04,6432.0
2025-09-23 13:30:00+00:00,3788.35,3788.43,3780.44,3783.44,6281.0
2025-09-23 14:00:00+00:00,3783.63,3784.81,3777.41,3781.24,7804.0
2025-09-23 14:30:00+00:00,3781.4700000000003,3785.31,3779.36,3784.25,6528.0
2025-09-23 15:00:00+00:00,3784.35,3787.87,3780.97,3783.45,8819.0
2025-09-23 15:30:00+00:00,3783.65,3788.66,3774.13,3783.8,11231.0
2025-09-23 16:00:00+00:00,3783.94,3784.82,3767.58,3770.88,11951.0
2025-09-23 16:30:00+00:00,3771.14,3775.42,3770.75,3773.94,9018.0
2025-09-23 17:00:00+00:00,3774.15,3780.26,3772.71,3780.2,7560.0
2025-09-23 17:30:00+00:00,3780.37,3781.9,3775.25,3779.29,6644.0
2025-09-23 18:00:00+00:00,3779.5,3780.03,3773.42,3775.27,6423.0
2025-09-23 18:30:00+00:00,3775.41,3781.9,3765.1,3779.09,10959.0
2025-09-23 19:00:00+00:00,3779.23,3785.54,3778.98,3782.12,7020.0
2025-09-23 19:30:00+00:00,3782.39,3782.98,3775.72,3777.3,7491.0
2025-09-23 20:00:00+00:00,3777.48,3781.36,3776.73,3778.61,5835.0
2025-09-23 20:30:00+00:00,3778.65,3780.98,3756.15,3756.61,8400.0
2025-09-23 21:00:00+00:00,3756.7799999999997,3765.34,3751.92,3758.57,11078.0
2025-09-23 21:30:00+00:00,3758.7799999999997,3768.07,3758.63,3764.24,7445.0
2025-09-23 22:00:00+00:00,3764.4,3767.36,3763.28,3765.01,2962.0
2025-09-23 22:30:00+00:00,3765.13,3766.43,3762.44,3764.01,2336.0
2025-09-24 00:00:00+00:00,3765.3199999999997,3767.37,3761.59,3761.97,1758.0
2025-09-24 00:30:00+00:00,3762.14,3766.58,3761.99,3765.4,1713.0
2025-09-24 01:00:00+00:00,3765.56,3770.1,3765.04,3769.47,2752.0
2025-09-24 01:30:00+00:00,3769.61,3769.56,3761.81,3763.79,3570.0
2025-09-24 02:00:00+00:00,3763.92,3765.1,3758.81,3763.68,5113.0
2025-09-24 02:30:00+00:00,3763.9,3765.48,3761.63,3765.15,4156.0
2025-09-24 03:00:00+00:00,3765.3199999999997,3771.76,3758.27,3758.84,8566.0
2025-09-24 03:30:00+00:00,3758.98,3760.86,3754.95,3756.48,6641.0
2025-09-24 04:00:00+00:00,3756.5699999999997,3756.99,3752.15,3752.65,4900.0
2025-09-24 04:30:00+00:00,3752.81,3759.25,3750.63,3756.99,5902.0
2025-09-24 05:00:00+00:00,3757.1,3761.57,3752.29,3760.82,5771.0
2025-09-24 05:30:00+00:00,3760.96,3766.5,3760.19,3765.32,4015.0
2025-09-24 06:00:00+00:00,3765.49,3767.61,3763.16,3764.91,3749.0
2025-09-24 06:30:00+00:00,3765.05,3768.22,3764.64,3768.15,3243.0
2025-09-24 07:00:00+00:00,3768.25,3773.33,3767.83,3772.2,3867.0
2025-09-24 07:30:00+00:00,3772.33,3776.92,3771.39,3774.86,5696.0
2025-09-24 08:00:00+00:00,3775.05,3776.05,3769.14,3771.17,5389.0
2025-09-24 08:30:00+00:00,3771.37,3774.75,3770.03,3771.1,5170.0
2025-09-24 09:00:00+00:00,3771.27,3776.88,3770.62,3775.28,5106.0
2025-09-24 09:30:00+00:00,3775.42,3779.18,3774.07,3777.28,4767.0
2025-09-24 10:00:00+00:00,3777.42,3777.66,3770.26,3770.41,5068.0
2025-09-24 10:30:00+00:00,3770.52,3771.52,3766.99,3770.04,4182.0
2025-09-24 11:00:00+00:00,3770.1800000000003,3771.68,3767.11,3767.68,4161.0
2025-09-24 11:30:00+00:00,3767.8,3769.46,3763.13,3768.42,4477.0
2025-09-24 12:00:00+00:00,3768.51,3768.61,3759.72,3764.07,4602.0
2025-09-24 12:30:00+00:00,3764.2,3765.46,3760.15,3762.02,4331.0
2025-09-24 13:00:00+00:00,3762.2,3765.77,3759.61,3765.16,4725.0
2025-09-24 13:30:00+00:00,3765.3,3769.48,3764.09,3768.88,4649.0
2025-09-24 14:00:00+00:00,3769.02,3771.34,3764.84,3767.47,6969.0
2025-09-24 14:30:00+00:00,3767.58,3770.0,3763.97,3767.96,7146.0
2025-09-24 15:00:00+00:00,3768.08,3772.83,3766.69,3767.38,7287.0
2025-09-24 15:30:00+00:00,3767.49,3768.23,3759.04,3761.15,10941.0
2025-09-24 16:00:00+00:00,3761.16,3765.01,3753.4,3758.64,11170.0
2025-09-24 16:30:00+00:00,3758.83,3759.95,3749.46,3752.61,19560.0
2025-09-24 17:00:00+00:00,3752.79,3756.51,3750.91,3750.96,7941.0
2025-09-24 17:30:00+00:00,3751.1,3751.48,3739.67,3741.03,9382.0
2025-09-24 18:00:00+00:00,3741.16,3745.18,3737.39,3741.97,8731.0
2025-09-24 18:30:00+00:00,3742.13,3742.94,3732.29,3735.76,7146.0
2025-09-24 19:00:00+00:00,3735.85,3738.7,3733.63,3734.73,6058.0
2025-09-24 19:30:00+00:00,3734.84,3735.25,3732.34,3733.1,4190.0
2025-09-24 20:00:00+00:00,3733.26,3733.87,3726.58,3729.06,6147.0
2025-09-24 20:30:00+00:00,3729.23,3731.14,3722.76,3724.23,5839.0
2025-09-24 21:00:00+00:00,3724.4300000000003,3724.37,3717.41,3718.25,6396.0
2025-09-24 21:30:00+00:00,3718.41,3731.74,3718.26,3730.03,6221.0
2025-09-24 22:00:00+00:00,3730.11,3732.43,3729.92,3731.88,2363.0
2025-09-24 22:30:00+00:00,3732.06,3737.44,3731.57,3735.96,2128.0
2025-09-25 00:00:00+00:00,3737.01,3745.23,3736.67,3744.77,2693.0
2025-09-25 00:30:00+00:00,3744.91,3744.77,3739.47,3741.04,2507.0
2025-09-25 01:00:00+00:00,3741.1800000000003,3742.15,3738.98,3739.53,1987.0
2025-09-25 01:30:00+00:00,3739.7,3745.16,3739.55,3742.93,2946.0
2025-09-25 02:00:00+00:00,3743.06,3751.29,3741.3,3750.41,5739.0
2025-09-25 02:30:00+00:00,3750.51,3751.45,3746.62,3748.92,4102.0
2025-09-25 03:00:00+00:00,3749.06,3750.4,3740.48,3744.18,6586.0
2025-09-25 03:30:00+00:00,3744.36,3744.33,3732.9,3736.01,6725.0
2025-09-25 04:00:00+00:00,3736.1,3736.21,3729.44,3735.51,5394.0
2025-09-25 04:30:00+00:00,3735.64,3742.37,3735.43,3739.47,5506.0
2025-09-25 05:00:00+00:00,3739.61,3739.57,3734.44,3735.64,4593.0
2025-09-25 05:30:00+00:00,3735.8,3739.03,3734.33,3736.59,3554.0
2025-09-25 06:00:00+00:00,3736.73,3736.63,3731.85,3734.08,3326.0
2025-09-25 06:30:00+00:00,3734.27,3740.72,3733.65,3738.04,3216.0
2025-09-25 07:00:00+00:00,3738.1800000000003,3738.41,3734.06,3736.32,3424.0
2025-09-25 07:30:00+00:00,3736.48,3741.17,3735.52,3738.62,4810.0
2025-09-25 08:00:00+00:00,3738.92,3748.18,3737.73,3745.05,5886.0
2025-09-25 08:30:00+00:00,3745.1800000000003,3746.08,3739.87,3740.93,4922.0
2025-09-25 09:00:00+00:00,3741.14,3746.0,3739.95,3744.81,4835.0
2025-09-25 09:30:00+00:00,3744.7799999999997,3754.89,3742.95,3752.13,7390.0
2025-09-25 10:00:00+00:00,3752.27,3761.48,3751.09,3757.4,7544.0
2025-09-25 10:30:00+00:00,3757.59,3757.44,3751.39,3756.3,5329.0
2025-09-25 11:00:00+00:00,3756.48,3757.06,3750.3,3750.71,5349.0
2025-09-25 11:30:00+00:00,3750.85,3761.1,3750.45,3756.94,5458.0
2025-09-25 12:00:00+00:00,3757.12,3758.84,3755.67,3756.92,4485.0
2025-09-25 12:30:00+00:00,3757.08,3760.72,3755.57,3757.11,4646.0
2025-09-25 13:00:00+00:00,3757.29,3757.58,3741.05,3749.75,8176.0
2025-09-25 13:30:00+00:00,3749.89,3753.96,3748.78,3752.92,5280.0
2025-09-25 14:00:00+00:00,3753.06,3755.82,3749.52,3754.28,6454.0
2025-09-25 14:30:00+00:00,3754.2799999999997,3754.13,3730.55,3738.72,13226.0
2025-09-25 15:00:00+00:00,3738.79,3745.44,3733.14,3742.06,10630.0
2025-09-25 15:30:00+00:00,3742.23,3743.21,3721.92,3733.71,12983.0
2025-09-25 16:00:00+00:00,3733.89,3736.28,3724.54,3733.41,10690.0
2025-09-25 16:30:00+00:00,3733.52,3733.88,3723.58,3731.44,9552.0
2025-09-25 17:00:00+00:00,3731.64,3738.64,3727.91,3730.46,8650.0
2025-09-25 17:30:00+00:00,3730.6,3736.66,3728.99,3735.79,7568.0
2025-09-25 18:00:00+00:00,3735.95,3742.68,3735.0,3737.75,6798.0
2025-09-25 18:30:00+00:00,3737.91,3738.17,3732.65,3733.73,5473.0
2025-09-25 19:00:00+00:00,3733.89,3743.05,3732.33,3739.76,7449.0
2025-09-25 19:30:00+00:00,3739.88,3744.19,3738.17,3741.73,5989.0
2025-09-25 20:00:00+00:00,3741.9300000000003,3750.72,3736.53,3750.02,6790.0
2025-09-25 20:30:00+00:00,3750.1800000000003,3758.11,3748.85,3755.12,7414.0
2025-09-25 21:00:00+00:00,3755.26,3756.58,3750.87,3751.59,6193.0
2025-09-25 21:30:00+00:00,3751.7799999999997,3752.28,3744.59,3746.48,6499.0
2025-09-25 22:00:00+00:00,3746.64,3750.38,3745.96,3748.81,2896.0
2025-09-25 22:30:00+00:00,3748.9700000000003,3752.42,3748.8,3749.2,2267.0
2025-09-26 00:00:00+00:00,3750.7,3751.34,3746.29,3749.24,1456.0
2025-09-26 00:30:00+00:00,3749.4,3751.53,3748.19,3748.71,2944.0
2025-09-26 01:00:00+00:00,3748.89,3749.83,3737.93,3742.95,3992.0
2025-09-26 01:30:00+00:00,3743.12,3745.64,3739.58,3744.6,3920.0
2025-09-26 02:00:00+00:00,3744.67,3748.91,3740.13,3741.84,5938.0
2025-09-26 02:30:00+00:00,3741.91,3749.5,3741.13,3749.49,5207.0
2025-09-26 03:00:00+00:00,3749.65,3753.28,3738.68,3741.03,7950.0
2025-09-26 03:30:00+00:00,3741.14,3744.09,3737.71,3738.91,5769.0
2025-09-26 04:00:00+00:00,3739.14,3741.05,3737.74,3740.89,4381.0
2025-09-26 04:30:00+00:00,3741.12,3742.78,3737.62,3738.38,4895.0
2025-09-26 05:00:00+00:00,3738.56,3742.57,3734.51,3742.39,4768.0
2025-09-26 05:30:00+00:00,3742.58,3745.99,3742.29,3745.43,3797.0
2025-09-26 06:00:00+00:00,3745.59,3747.59,3744.72,3744.87,3052.0
2025-09-26 06:30:00+00:00,3745.01,3747.65,3744.66,3747.59,3092.0
2025-09-26 07:00:00+00:00,3747.75,3747.72,3744.56,3746.69,2868.0
2025-09-26 07:30:00+00:00,3746.8199999999997,3749.54,3741.85,3742.05,4613.0
2025-09-26 08:00:00+00:00,3742.11,3754.03,3741.46,3751.7,6536.0
2025-09-26 08:30:00+00:00,3751.88,3752.73,3742.27,3743.52,7025.0
2025-09-26 09:00:00+00:00,3743.6800000000003,3745.74,3739.12,3745.16,7034.0
2025-09-26 09:30:00+00:00,3745.33,3749.5,3744.45,3747.92,4895.0
2025-09-26 10:00:00+00:00,3748.08,3752.47,3746.97,3750.95,5551.0
2025-09-26 10:30:00+00:00,3751.08,3755.12,3750.8,3752.88,4750.0
2025-09-26 11:00:00+00:00,3753.02,3754.33,3748.06,3748.75,4714.0
2025-09-26 11:30:00+00:00,3748.88,3751.45,3747.21,3751.43,4145.0
2025-09-26 12:00:00+00:00,3751.48,3754.96,3748.95,3749.57,4346.0
2025-09-26 12:30:00+00:00,3749.66,3749.8,3742.91,3744.56,4665.0
2025-09-26 13:00:00+00:00,3744.75,3751.37,3744.37,3751.0,5143.0
2025-09-26 13:30:00+00:00,3751.19,3752.76,3748.39,3748.54,4884.0
2025-09-26 14:00:00+00:00,3748.6800000000003,3753.33,3748.25,3749.51,5765.0
2025-09-26 14:30:00+00:00,3749.64,3757.3,3746.52,3752.02,10865.0
2025-09-26 15:00:00+00:00,3752.19,3766.09,3751.19,3757.81,23182.0
2025-09-26 15:30:00+00:00,3757.95,3762.52,3752.28,3761.94,24914.0
2025-09-26 16:00:00+00:00,3761.9,3783.69,3761.57,3777.63,12567.0
2025-09-26 16:30:00+00:00,3777.6,3781.52,3772.92,3778.81,12378.0
2025-09-26 17:00:00+00:00,3778.92,3779.53,3772.99,3779.14,9366.0
2025-09-26 17:30:00+00:00,3779.3,3780.86,3774.99,3780.33,7432.0
2025-09-26 18:00:00+00:00,3780.4700000000003,3781.09,3771.42,3773.74,8810.0
2025-09-26 18:30:00+00:00,3774.01,3778.01,3773.14,3774.12,6545.0
2025-09-26 19:00:00+00:00,3774.2799999999997,3780.11,3774.01,3778.79,6106.0
2025-09-26 19:30:00+00:00,3778.91,3783.0,3777.62,3782.82,6098.0
2025-09-26 20:00:00+00:00,3783.01,3783.08,3774.61,3777.85,6749.0
2025-09-26 20:30:00+00:00,3778.06,3780.52,3777.03,3778.49,4406.0
2025-09-26 21:00:00+00:00,3778.63,3778.48,3772.18,3772.71,6465.0
2025-09-26 21:30:00+00:00,3772.88,3773.37,3764.55,3766.62,8193.0
2025-09-26 22:00:00+00:00,3766.84,3769.35,3764.69,3766.04,4077.0
2025-09-26 22:30:00+00:00,3766.31,3766.74,3759.68,3759.74,3104.0
2025-09-29 00:00:00+00:00,3759.49,3770.95,3756.32,3767.5,4842.0
2025-09-29 00:30:00+00:00,3767.6,3770.54,3765.72,3770.48,2840.0
2025-09-29 01:00:00+00:00,3770.5699999999997,3770.63,3766.56,3768.55,2755.0
2025-09-29 01:30:00+00:00,3768.61,3772.39,3766.28,3766.79,3640.0
2025-09-29 02:00:00+00:00,3766.95,3777.55,3763.9,3777.37,6128.0
2025-09-29 02:30:00+00:00,3777.5299999999997,3787.41,3777.0,3787.0,6490.0
2025-09-29 03:00:00+00:00,3787.25,3788.64,3767.78,3772.67,13384.0
2025-09-29 03:30:00+00:00,3772.79,3779.33,3769.07,3778.64,9719.0
2025-09-29 04:00:00+00:00,3778.75,3798.68,3777.59,3793.08,8505.0
2025-09-29 04:30:00+00:00,3793.26,3796.34,3787.99,3792.77,8155.0
2025-09-29 05:00:00+00:00,3792.96,3799.29,3792.12,3793.46,6900.0
2025-09-29 05:30:00+00:00,3793.67,3797.61,3793.52,3794.24,5247.0
2025-09-29 06:00:00+00:00,3794.38,3799.54,3792.38,3799.54,4978.0
2025-09-29 06:30:00+00:00,3799.7200000000003,3808.74,3798.27,3805.01,6324.0
2025-09-29 07:00:00+00:00,3805.14,3811.88,3802.3,3805.27,6585.0
2025-09-29 07:30:00+00:00,3805.4300000000003,3814.4,3801.2,3813.54,8329.0
2025-09-29 08:00:00+00:00,3813.76,3818.37,3811.03,3812.62,8475.0
2025-09-29 08:30:00+00:00,3812.7200000000003,3819.74,3811.79,3817.34,8227.0
2025-09-29 09:00:00+00:00,3817.46,3819.29,3812.29,3814.22,7649.0
2025-09-29 09:30:00+00:00,3814.38,3815.58,3805.01,3806.25,7856.0
2025-09-29 10:00:00+00:00,3806.4300000000003,3816.3,3806.28,3811.42,7680.0
2025-09-29 10:30:00+00:00,3811.58,3819.44,3811.04,3818.7,5225.0
2025-09-29 11:00:00+00:00,3818.86,3819.6,3815.86,3816.18,4356.0
2025-09-29 11:30:00+00:00,3816.3199999999997,3817.14,3806.89,3807.48,6861.0
2025-09-29 12:00:00+00:00,3807.61,3817.27,3806.48,3815.62,6324.0
2025-09-29 12:30:00+00:00,3815.75,3818.43,3814.63,3817.8,5778.0
2025-09-29 13:00:00+00:00,3817.94,3824.46,3816.35,3823.46,6850.0
2025-09-29 13:30:00+00:00,3823.6,3831.29,3822.47,3828.88,6939.0
2025-09-29 14:00:00+00:00,3829.04,3830.32,3816.86,3817.46,10157.0
2025-09-29 14:30:00+00:00,3817.62,3818.75,3811.68,3813.66,10168.0
2025-09-29 15:00:00+00:00,3813.86,3822.83,3809.21,3821.72,10310.0
2025-09-29 15:30:00+00:00,3821.95,3827.9,3818.19,3821.4,13798.0
2025-09-29 16:00:00+00:00,3821.44,3830.42,3816.71,3826.75,13093.0
2025-09-29 16:30:00+00:00,3826.95,3828.45,3823.19,3828.12,22296.0
2025-09-29 17:00:00+00:00,3828.29,3832.61,3822.65,3829.29,10574.0
2025-09-29 17:30:00+00:00,3829.4300000000003,3833.13,3821.02,3830.29,9872.0
2025-09-29 18:00:00+00:00,3830.45,3833.45,3828.15,3831.17,6864.0
2025-09-29 18:30:00+00:00,3831.31,3832.18,3828.24,3830.19,5766.0
2025-09-29 19:00:00+00:00,3830.39,3832.74,3823.97,3826.21,7629.0
2025-09-29 19:30:00+00:00,3826.44,3830.68,3825.0,3828.83,6311.0
2025-09-29 20:00:00+00:00,3829.0299999999997,3830.55,3823.34,3829.76,5918.0
2025-09-29 20:30:00+00:00,3829.87,3830.06,3823.75,3824.43,5789.0
2025-09-29 21:00:00+00:00,3824.56,3829.07,3822.53,3825.9,6147.0
2025-09-29 21:30:00+00:00,3826.02,3829.73,3825.28,3828.71,6438.0
2025-09-29 22:00:00+00:00,3828.84,3830.2,3827.69,3828.76,2824.0
2025-09-29 22:30:00+00:00,3828.88,3834.08,3827.91,3833.81,3011.0
2025-09-30 00:00:00+00:00,3834.2200000000003,3833.96,3825.51,3826.77,2431.0
2025-09-30 00:30:00+00:00,3827.0299999999997,3831.07,3826.88,3830.59,1747.0
2025-09-30 01:00:00+00:00,3830.63,3830.91,3828.52,3829.42,1713.0
2025-09-30 01:30:00+00:00,3829.58,3833.3,3827.97,3832.77,2698.0
2025-09-30 02:00:00+00:00,3833.01,3840.52,3831.04,3838.5,7169.0
2025-09-30 02:30:00+00:00,3838.74,3840.09,3834.58,3838.92,5192.0
2025-09-30 03:00:00+00:00,3839.08,3847.31,3837.85,3844.18,7832.0
2025-09-30 03:30:00+00:00,3844.19,3850.79,3842.69,3847.94,7431.0
2025-09-30 04:00:00+00:00,3848.0699999999997,3851.8,3842.45,3845.64,6670.0
2025-09-30 04:30:00+00:00,3845.7799999999997,3849.77,3843.5,3847.91,5556.0
2025-09-30 05:00:00+00:00,3848.0699999999997,3859.34,3845.75,3858.15,6050.0
2025-09-30 05:30:00+00:00,3858.31,3867.01,3857.77,3864.62,5886.0
2025-09-30 06:00:00+00:00,3864.8,3865.89,3861.96,3863.82,4257.0
2025-09-30 06:30:00+00:00,3863.89,3866.96,3863.45,3866.87,3654.0
2025-09-30 07:00:00+00:00,3866.98,3869.89,3862.62,3867.44,5517.0
2025-09-30 07:30:00+00:00,3867.67,3870.27,3864.14,3869.63,6428.0
2025-09-30 08:00:00+00:00,3869.89,3871.54,3861.89,3866.35,7265.0
2025-09-30 08:30:00+00:00,3866.51,3871.24,3854.78,3855.73,8113.0
2025-09-30 09:00:00+00:00,3855.96,3859.4,3848.32,3852.8,8771.0
2025-09-30 09:30:00+00:00,3852.83,3854.29,3839.56,3843.69,8464.0
2025-09-30 10:00:00+00:00,3843.85,3847.04,3820.22,3823.68,11959.0
2025-09-30 10:30:00+00:00,3823.8199999999997,3823.81,3807.65,3816.24,14001.0
2025-09-30 11:00:00+00:00,3816.37,3821.46,3797.15,3801.57,12159.0
2025-09-30 11:30:00+00:00,3801.8199999999997,3806.65,3793.15,3798.6,10579.0
2025-09-30 12:00:00+00:00,3798.73,3809.82,3798.06,3804.1,7410.0
2025-09-30 12:30:00+00:00,3804.2200000000003,3814.47,3803.09,3812.02,6412.0
2025-09-30 13:00:00+00:00,3812.1800000000003,3813.46,3804.31,3809.57,7313.0
2025-09-30 13:30:00+00:00,3809.65,3817.77,3808.09,3815.13,6477.0
2025-09-30 14:00:00+00:00,3815.21,3816.55,3810.86,3813.82,8555.0
2025-09-30 14:30:00+00:00,3813.94,3821.58,3808.87,3819.2,8938.0
2025-09-30 15:00:00+00:00,3819.42,3820.04,3811.51,3815.23,9460.0
2025-09-30 15:30:00+00:00,3815.3,3829.88,3812.32,3824.04,24328.0
2025-09-30 16:00:00+00:00,3823.77,3852.41,3820.37,3843.85,14097.0
2025-09-30 16:30:00+00:00,3844.15,3854.37,3842.67,3854.05,11054.0
2025-09-30 17:00:00+00:00,3854.19,3854.05,3831.1,3835.04,13690.0
2025-09-30 17:30:00+00:00,3835.06,3841.5,3834.41,3838.94,20026.0
2025-09-30 18:00:00+00:00,3839.08,3844.53,3837.87,3843.68,7653.0
2025-09-30 18:30:00+00:00,3843.84,3847.88,3842.5,3845.86,5931.0
2025-09-30 19:00:00+00:00,3846.1,3848.56,3843.75,3845.53,5634.0
2025-09-30 19:30:00+00:00,3845.75,3849.23,3842.64,3843.96,5892.0
2025-09-30 20:00:00+00:00,3844.1,3846.36,3839.69,3845.92,5396.0
2025-09-30 20:30:00+00:00,3846.08,3848.92,3843.78,3847.91,4381.0
2025-09-30 21:00:00+00:00,3848.09,3854.58,3847.06,3853.11,4657.0
2025-09-30 21:30:00+00:00,3853.34,3860.73,3853.15,3858.97,6575.0
2025-09-30 22:00:00+00:00,3859.19,3859.13,3850.72,3855.26,4278.0
2025-09-30 22:30:00+00:00,3855.46,3860.05,3854.76,3858.38,3396.0
2025-10-01 00:00:00+00:00,3859.5,3861.23,3854.54,3854.54,3285.0
2025-10-01 00:30:00+00:00,3854.7,3860.94,3854.54,3859.99,2992.0
2025-10-01 01:00:00+00:00,3860.16,3862.17,3860.01,3861.53,2247.0
2025-10-01 01:30:00+00:00,3861.7,3862.93,3860.04,3862.8,2507.0
2025-10-01 02:00:00+00:00,3862.94,3865.26,3861.25,3861.25,3924.0
2025-10-01 02:30:00+00:00,3861.33,3864.81,3858.62,3860.63,4491.0
2025-10-01 03:00:00+00:00,3860.77,3865.02,3859.01,3864.86,5140.0
2025-10-01 03:30:00+00:00,3865.02,3868.91,3863.71,3868.87,4487.0
2025-10-01 04:00:00+00:00,3869.01,3875.41,3864.7,3866.15,7828.0
2025-10-01 04:30:00+00:00,3866.33,3867.29,3858.13,3863.29,5996.0
2025-10-01 05:00:00+00:00,3863.36,3866.37,3859.0,3863.5,5264.0
2025-10-01 05:30:00+00:00,3863.69,3864.75,3855.5,3861.91,5724.0
2025-10-01 06:00:00+00:00,3862.0299999999997,3864.41,3858.36,3860.91,4228.0
2025-10-01 06:30:00+00:00,3861.0699999999997,3864.96,3857.38,3864.85,4133.0
2025-10-01 07:00:00+00:00,3864.94,3869.74,3863.27,3865.73,5783.0
2025-10-01 07:30:00+00:00,3865.87,3866.48,3862.02,3863.41,4042.0
2025-10-01 08:00:00+00:00,3863.49,3864.29,3853.37,3861.78,6526.0
2025-10-01 08:30:00+00:00,3861.91,3864.86,3857.77,3859.12,6255.0
2025-10-01 09:00:00+00:00,3859.26,3871.27,3858.89,3870.69,7078.0
2025-10-01 09:30:00+00:00,3870.8,3879.66,3868.11,3879.13,7419.0
2025-10-01 10:00:00+00:00,3879.3,3895.19,3878.98,3891.74,8810.0
2025-10-01 10:30:00+00:00,3891.88,3893.72,3887.89,3892.93,6812.0
2025-10-01 11:00:00+00:00,3893.09,3895.1,3884.43,3886.06,6113.0
2025-10-01 11:30:00+00:00,3886.2799999999997,3891.48,3883.69,3888.94,6279.0
2025-10-01 12:00:00+00:00,3889.2,3889.41,3885.64,3886.39,5718.0
2025-10-01 12:30:00+00:00,3886.4700000000003,3889.51,3885.17,3887.43,4737.0
2025-10-01 13:00:00+00:00,3887.59,3888.36,3881.04,3881.89,5335.0
2025-10-01 13:30:00+00:00,3882.05,3884.31,3878.02,3883.51,5815.0
2025-10-01 14:00:00+00:00,3883.7,3891.0,3875.39,3877.83,11451.0
2025-10-01 14:30:00+00:00,3878.0699999999997,3880.73,3864.49,3870.33,13378.0
2025-10-01 15:00:00+00:00,3870.49,3873.99,3863.69,3869.86,22270.0
2025-10-01 15:30:00+00:00,3870.09,3876.99,3867.57,3872.88,14411.0
2025-10-01 16:00:00+00:00,3872.99,3875.93,3867.57,3875.2,11994.0
2025-10-01 16:30:00+00:00,3875.36,3878.75,3856.28,3872.96,31908.0
2025-10-01 17:00:00+00:00,3873.08,3876.81,3859.34,3859.64,14018.0
2025-10-01 17:30:00+00:00,3859.77,3869.64,3858.01,3868.37,9859.0
2025-10-01 18:00:00+00:00,3868.49,3870.65,3860.76,3870.3,7921.0
2025-10-01 18:30:00+00:00,3870.46,3871.52,3869.43,3870.8,5875.0
2025-10-01 19:00:00+00:00,3870.96,3871.81,3868.52,3870.73,5288.0
2025-10-01 19:30:00+00:00,3870.87,3871.3,3860.6,3860.72,6277.0
2025-10-01 20:00:00+00:00,3860.9300000000003,3864.86,3854.92,3862.89,7937.0
2025-10-01 20:30:00+00:00,3863.05,3866.21,3857.98,3862.07,7451.0
2025-10-01 21:00:00+00:00,3862.21,3866.54,3861.31,3864.64,5933.0
2025-10-01 21:30:00+00:00,3864.8,3870.9,3864.04,3867.71,6585.0
2025-10-01 22:00:00+00:00,3867.87,3867.78,3860.25,3863.35,3734.0
2025-10-01 22:30:00+00:00,3863.49,3865.68,3862.82,3865.52,2545.0
2025-10-02 00:00:00+00:00,3866.9,3870.42,3858.64,3860.02,2564.0
2025-10-02 00:30:00+00:00,3860.16,3864.05,3859.18,3862.05,2076.0
2025-10-02 01:00:00+00:00,3862.23,3866.54,3861.5,3865.61,2562.0
2025-10-02 01:30:00+00:00,3865.77,3866.06,3857.53,3863.38,4471.0
2025-10-02 02:00:00+00:00,3863.52,3863.69,3856.5,3857.94,5783.0
2025-10-02 02:30:00+00:00,3858.12,3861.19,3855.99,3856.04,4255.0
2025-10-02 03:00:00+00:00,3856.16,3864.82,3852.74,3863.74,6539.0
2025-10-02 03:30:00+00:00,3863.9,3865.04,3862.45,3864.92,3990.0
2025-10-02 04:00:00+00:00,3865.08,3869.93,3861.58,3863.95,5284.0
2025-10-02 04:30:00+00:00,3864.11,3867.33,3863.08,3866.16,3195.0
2025-10-02 05:00:00+00:00,3866.29,3869.35,3865.04,3867.12,3107.0
2025-10-02 05:30:00+00:00,3867.25,3867.13,3863.93,3866.47,2975.0
2025-10-02 06:00:00+00:00,3866.63,3867.61,3864.94,3865.98,2029.0
2025-10-02 06:30:00+00:00,3866.15,3866.39,3861.85,3864.15,2201.0
2025-10-02 07:00:00+00:00,3864.31,3871.18,3864.15,3869.38,3797.0
2025-10-02 07:30:00+00:00,3869.51,3869.5,3866.13,3867.74,3290.0
2025-10-02 08:00:00+00:00,3867.96,3874.11,3866.67,3871.78,4615.0
2025-10-02 08:30:00+00:00,3871.96,3874.19,3861.94,3864.12,5541.0
2025-10-02 09:00:00+00:00,3864.1800000000003,3874.74,3863.39,3864.59,7267.0
2025-10-02 09:30:00+00:00,3864.71,3869.42,3861.74,3868.47,6957.0
2025-10-02 10:00:00+00:00,3868.5299999999997,3870.48,3864.55,3869.53,5871.0
2025-10-02 10:30:00+00:00,3869.64,3878.6,3868.96,3874.46,5159.0
2025-10-02 11:00:00+00:00,3874.63,3878.33,3873.26,3875.28,4920.0
2025-10-02 11:30:00+00:00,3875.39,3879.6,3875.21,3878.98,4703.0
2025-10-02 12:00:00+00:00,3879.1800000000003,3883.71,3875.71,3882.25,4402.0
2025-10-02 12:30:00+00:00,3882.42,3883.04,3878.77,3881.7,4131.0
2025-10-02 13:00:00+00:00,3881.87,3885.14,3879.67,3883.45,4009.0
2025-10-02 13:30:00+00:00,3883.59,3886.59,3881.96,3886.26,5119.0
2025-10-02 14:00:00+00:00,3886.38,3892.02,3879.99,3882.8,8143.0
2025-10-02 14:30:00+00:00,3882.9,3888.41,3880.66,3884.39,7952.0
2025-10-02 15:00:00+00:00,3884.61,3893.76,3884.4,3893.7,8537.0
2025-10-02 15:30:00+00:00,3893.95,3897.02,3873.37,3875.21,14398.0
2025-10-02 16:00:00+00:00,3875.38,3876.7,3857.66,3863.91,14752.0
2025-10-02 16:30:00+00:00,3864.11,3865.99,3825.24,3839.76,40386.0
2025-10-02 17:00:00+00:00,3839.89,3844.7,3829.47,3835.8,16366.0
2025-10-02 17:30:00+00:00,3835.86,3836.1,3819.33,3828.25,14366.0
2025-10-02 18:00:00+00:00,3828.29,3844.69,3827.11,3837.99,11369.0
2025-10-02 18:30:00+00:00,3838.0699999999997,3845.25,3835.38,3844.73,9743.0
2025-10-02 19:00:00+00:00,3844.87,3847.72,3842.49,3844.52,8576.0
2025-10-02 19:30:00+00:00,3844.66,3846.71,3840.6,3844.17,7374.0
2025-10-02 20:00:00+00:00,3844.33,3847.46,3843.4,3847.17,5402.0
2025-10-02 20:30:00+00:00,3847.31,3851.38,3846.21,3850.84,4927.0
2025-10-02 21:00:00+00:00,3850.98,3858.96,3850.54,3856.99,7155.0
2025-10-02 21:30:00+00:00,3857.16,3857.94,3852.94,3855.52,6070.0
2025-10-02 22:00:00+00:00,3855.65,3859.27,3854.45,3856.15,2656.0
2025-10-02 22:30:00+00:00,3856.23,3856.77,3853.46,3855.9,2049.0
2025-10-03 00:00:00+00:00,3856.13,3858.82,3852.07,3854.4,2098.0
2025-10-03 00:30:00+00:00,3854.56,3858.43,3854.14,3857.08,1859.0
2025-10-03 01:00:00+00:00,3857.24,3858.78,3856.78,3858.4,1779.0
2025-10-03 01:30:00+00:00,3858.49,3863.66,3858.02,3862.38,3361.0
2025-10-03 02:00:00+00:00,3862.39,3862.6,3857.29,3858.58,4645.0
2025-10-03 02:30:00+00:00,3858.7200000000003,3859.13,3856.34,3856.83,3674.0
2025-10-03 03:00:00+00:00,3856.99,3862.57,3850.36,3851.52,7045.0
2025-10-03 03:30:00+00:00,3851.74,3859.81,3847.28,3858.42,6065.0
2025-10-03 04:00:00+00:00,3858.55,3859.0,3854.11,3855.0,3892.0
2025-10-03 04:30:00+00:00,3855.16,3855.27,3847.59,3848.09,4446.0
2025-10-03 05:00:00+00:00,3848.23,3850.85,3839.75,3839.9,5591.0
2025-10-03 05:30:00+00:00,3840.0699999999997,3843.73,3838.03,3842.63,5778.0
2025-10-03 06:00:00+00:00,3842.75,3848.2,3841.49,3844.86,3876.0
2025-10-03 06:30:00+00:00,3844.99,3845.81,3843.04,3843.9,3408.0
2025-10-03 07:00:00+00:00,3844.11,3855.32,3843.85,3854.03,5423.0
2025-10-03 07:30:00+00:00,3854.25,3859.09,3853.31,3854.99,4569.0
2025-10-03 08:00:00+00:00,3855.0699999999997,3860.62,3850.85,3860.62,5045.0
2025-10-03 08:30:00+00:00,3860.73,3860.89,3855.29,3859.09,4646.0
2025-10-03 09:00:00+00:00,3859.25,3862.97,3856.97,3862.71,5453.0
2025-10-03 09:30:00+00:00,3862.98,3865.11,3861.29,3864.15,4463.0
2025-10-03 10:00:00+00:00,3864.3199999999997,3865.54,3860.14,3862.77,4643.0
2025-10-03 10:30:00+00:00,3862.89,3865.29,3860.55,3864.7,4009.0
2025-10-03 11:00:00+00:00,3864.76,3864.8,3856.89,3859.18,4421.0
2025-10-03 11:30:00+00:00,3859.31,3864.64,3858.03,3864.23,3976.0
2025-10-03 12:00:00+00:00,3864.46,3866.05,3862.34,3863.22,4296.0
2025-10-03 12:30:00+00:00,3863.36,3867.57,3862.06,3865.64,5679.0
2025-10-03 13:00:00+00:00,3865.8199999999997,3866.99,3857.47,3858.7,6575.0
2025-10-03 13:30:00+00:00,3858.9,3864.36,3854.6,3861.98,6326.0
2025-10-03 14:00:00+00:00,3862.15,3865.04,3860.49,3863.6,6335.0
2025-10-03 14:30:00+00:00,3863.79,3874.88,3862.88,3873.8,8748.0
2025-10-03 15:00:00+00:00,3874.02,3884.45,3869.96,3880.95,9048.0
2025-10-03 15:30:00+00:00,3881.0299999999997,3890.56,3872.81,3882.59,14934.0
2025-10-03 16:00:00+00:00,3885.63,3885.82,3866.22,3879.07,16276.0
2025-10-03 16:30:00+00:00,3879.17,3881.21,3872.5,3879.61,12889.0
2025-10-03 17:00:00+00:00,3879.86,3888.94,3873.83,3887.67,10810.0
2025-10-03 17:30:00+00:00,3887.91,3891.56,3884.02,3889.33,9809.0
2025-10-03 18:00:00+00:00,3889.49,3889.6,3880.52,3882.64,9754.0
2025-10-03 18:30:00+00:00,3882.8199999999997,3884.64,3880.61,3883.63,7186.0
2025-10-03 19:00:00+00:00,3883.79,3885.92,3880.72,3883.54,8881.0
2025-10-03 19:30:00+00:00,3883.77,3885.67,3876.9,3881.86,9142.0
2025-10-03 20:00:00+00:00,3882.04,3885.06,3879.95,3884.29,7780.0
2025-10-03 20:30:00+00:00,3884.45,3889.19,3884.22,3886.02,6769.0
2025-10-03 21:00:00+00:00,3886.14,3888.56,3883.5,3886.65,6647.0
2025-10-03 21:30:00+00:00,3886.83,3889.05,3884.51,3885.69,6094.0
2025-10-03 22:00:00+00:00,3885.74,3887.11,3883.59,3884.33,2491.0
2025-10-03 22:30:00+00:00,3884.5,3887.09,3882.81,3886.69,2703.0
2025-10-06 00:00:00+00:00,3888.5,3893.9,3883.99,3893.74,5405.0
2025-10-06 00:30:00+00:00,3893.87,3903.93,3890.1,3899.63,4379.0
2025-10-06 01:00:00+00:00,3899.8199999999997,3920.68,3898.43,3910.48,10995.0
2025-10-06 01:30:00+00:00,3910.7200000000003,3911.72,3907.76,3909.45,6120.0
2025-10-06 02:00:00+00:00,3909.59,3909.93,3898.97,3902.2,9651.0
2025-10-06 02:30:00+00:00,3902.45,3906.52,3899.9,3900.31,6920.0
2025-10-06 03:00:00+00:00,3900.58,3908.12,3899.66,3902.89,6356.0
2025-10-06 03:30:00+00:00,3902.98,3918.19,3902.29,3917.91,6377.0
2025-10-06 04:00:00+00:00,3918.08,3924.54,3917.42,3921.76,6512.0
2025-10-06 04:30:00+00:00,3921.9,3923.19,3918.66,3920.95,4775.0
2025-10-06 05:00:00+00:00,3921.05,3926.45,3919.88,3921.81,5160.0
2025-10-06 05:30:00+00:00,3921.94,3931.87,3921.43,3929.54,5949.0
2025-10-06 06:00:00+00:00,3929.67,3934.32,3928.73,3933.63,6086.0
2025-10-06 06:30:00+00:00,3933.7,3940.29,3932.33,3938.6,6437.0
2025-10-06 07:00:00+00:00,3938.74,3945.0,3933.02,3936.95,8544.0
2025-10-06 07:30:00+00:00,3937.0699999999997,3937.1,3927.3,3932.61,7835.0
2025-10-06 08:00:00+00:00,3932.75,3932.86,3922.44,3928.28,9469.0
2025-10-06 08:30:00+00:00,3928.34,3934.73,3924.9,3934.25,7673.0
2025-10-06 09:00:00+00:00,3934.35,3936.4,3929.38,3932.4,8285.0
2025-10-06 09:30:00+00:00,3932.5699999999997,3943.8,3931.15,3941.55,10844.0
2025-10-06 10:00:00+00:00,3941.75,3949.48,3940.04,3943.73,9493.0
2025-10-06 10:30:00+00:00,3943.84,3947.18,3935.33,3942.36,8291.0
2025-10-06 11:00:00+00:00,3942.5699999999997,3944.89,3938.83,3943.53,6232.0
2025-10-06 11:30:00+00:00,3943.69,3944.39,3936.54,3942.32,6184.0
2025-10-06 12:00:00+00:00,3942.5299999999997,3942.68,3932.51,3939.77,7692.0
2025-10-06 12:30:00+00:00,3939.9300000000003,3946.66,3939.12,3942.19,5857.0
2025-10-06 13:00:00+00:00,3942.3199999999997,3942.66,3933.55,3938.63,7573.0
2025-10-06 13:30:00+00:00,3938.79,3940.18,3930.96,3938.19,8506.0
2025-10-06 14:00:00+00:00,3938.31,3941.19,3928.69,3931.19,12995.0
2025-10-06 14:30:00+00:00,3931.45,3938.54,3926.47,3934.14,10028.0
2025-10-06 15:00:00+00:00,3934.33,3937.04,3930.66,3933.24,9709.0
2025-10-06 15:30:00+00:00,3933.41,3947.07,3927.17,3944.52,14116.0
2025-10-06 16:00:00+00:00,3944.56,3950.28,3940.27,3948.0,13393.0
2025-10-06 16:30:00+00:00,3948.09,3958.71,3946.79,3954.89,10407.0
2025-10-06 17:00:00+00:00,3955.05,3957.97,3948.41,3949.99,10562.0
2025-10-06 17:30:00+00:00,3950.1,3964.01,3948.15,3962.38,8384.0
2025-10-06 18:00:00+00:00,3962.51,3969.94,3945.92,3952.39,13554.0
2025-10-06 18:30:00+00:00,3952.62,3955.29,3950.89,3953.98,7741.0
2025-10-06 19:00:00+00:00,3954.16,3958.87,3951.62,3951.84,8439.0
2025-10-06 19:30:00+00:00,3951.9,3958.05,3951.16,3957.75,6446.0
2025-10-06 20:00:00+00:00,3958.01,3959.67,3955.83,3957.89,5276.0
2025-10-06 20:30:00+00:00,3958.0699999999997,3960.53,3956.01,3958.26,5035.0
2025-10-06 21:00:00+00:00,3958.45,3964.85,3958.24,3963.83,5626.0
2025-10-06 21:30:00+00:00,3963.99,3964.56,3958.42,3959.33,5974.0
2025-10-06 22:00:00+00:00,3959.5,3961.37,3958.53,3959.61,2636.0
2025-10-06 22:30:00+00:00,3959.73,3962.26,3957.36,3960.82,2264.0
2025-10-07 00:00:00+00:00,3961.06,3976.17,3958.23,3973.15,5539.0
2025-10-07 00:30:00+00:00,3973.29,3973.14,3958.86,3963.3,7051.0
2025-10-07 01:00:00+00:00,3963.44,3969.74,3961.61,3969.24,4524.0
2025-10-07 01:30:00+00:00,3969.4,3971.62,3967.91,3969.46,5202.0
2025-10-07 02:00:00+00:00,3969.69,3977.27,3966.64,3974.01,7707.0
2025-10-07 02:30:00+00:00,3974.14,3977.32,3961.44,3962.76,7724.0
2025-10-07 03:00:00+00:00,3962.89,3963.73,3955.91,3959.32,8122.0
2025-10-07 03:30:00+00:00,3959.46,3961.03,3955.93,3958.06,5510.0
2025-10-07 04:00:00+00:00,3958.2,3965.25,3957.38,3964.47,4785.0
2025-10-07 04:30:00+00:00,3964.69,3966.88,3963.79,3964.77,3626.0
2025-10-07 05:00:00+00:00,3964.84,3969.71,3960.78,3963.4,4756.0
2025-10-07 05:30:00+00:00,3963.56,3974.61,3962.87,3973.27,5107.0
2025-10-07 06:00:00+00:00,3973.45,3975.51,3971.43,3973.54,3899.0
2025-10-07 06:30:00+00:00,3973.65,3976.81,3973.08,3975.9,4202.0
2025-10-07 07:00:00+00:00,3976.02,3976.74,3960.07,3963.45,7777.0
2025-10-07 07:30:00+00:00,3963.65,3966.54,3960.51,3964.7,6507.0
2025-10-07 08:00:00+00:00,3964.84,3966.17,3959.61,3964.07,6653.0
2025-10-07 08:30:00+00:00,3964.25,3964.43,3953.79,3955.02,7007.0
2025-10-07 09:00:00+00:00,3955.1800000000003,3956.05,3943.93,3951.28,12171.0
2025-10-07 09:30:00+00:00,3951.44,3956.13,3943.35,3945.87,9908.0
2025-10-07 10:00:00+00:00,3945.92,3953.59,3940.79,3950.55,9752.0
2025-10-07 10:30:00+00:00,3950.6800000000003,3953.9,3950.33,3951.23,6455.0
2025-10-07 11:00:00+00:00,3951.37,3963.28,3951.0,3958.16,6432.0
2025-10-07 11:30:00+00:00,3958.27,3962.71,3955.19,3955.19,6410.0
2025-10-07 12:00:00+00:00,3955.37,3959.71,3954.03,3956.71,5271.0
2025-10-07 12:30:00+00:00,3956.84,3962.74,3956.27,3960.04,4825.0
2025-10-07 13:00:00+00:00,3960.26,3961.88,3956.43,3957.63,4850.0
2025-10-07 13:30:00+00:00,3957.77,3968.89,3956.3,3966.93,6394.0
2025-10-07 14:00:00+00:00,3966.99,3972.18,3964.24,3965.7,9038.0
2025-10-07 14:30:00+00:00,3965.9700000000003,3979.93,3964.96,3979.37,8791.0
2025-10-07 15:00:00+00:00,3979.55,3985.56,3977.36,3982.77,9745.0
2025-10-07 15:30:00+00:00,3982.89,3982.9,3970.38,3979.18,14215.0
2025-10-07 16:00:00+00:00,3979.27,3980.37,3968.97,3977.94,14288.0
2025-10-07 16:30:00+00:00,3978.1,3986.64,3977.56,3985.48,11134.0
2025-10-07 17:00:00+00:00,3985.6800000000003,3990.95,3979.03,3984.88,12111.0
2025-10-07 17:30:00+00:00,3985.04,3985.42,3961.71,3966.01,15451.0
2025-10-07 18:00:00+00:00,3966.2,3976.18,3963.08,3969.38,13077.0
2025-10-07 18:30:00+00:00,3969.55,3979.43,3968.41,3976.55,9710.0
2025-10-07 19:00:00+00:00,3976.74,3985.18,3976.37,3980.69,8516.0
2025-10-07 19:30:00+00:00,3980.9,3987.61,3980.54,3980.82,8494.0
2025-10-07 20:00:00+00:00,3981.0299999999997,3983.76,3974.08,3979.97,9064.0
2025-10-07 20:30:00+00:00,3980.14,3983.08,3978.46,3980.98,7236.0
2025-10-07 21:00:00+00:00,3981.1,3983.26,3978.53,3980.0,6803.0
2025-10-07 21:30:00+00:00,3980.13,3982.58,3978.99,3980.06,6343.0
2025-10-07 22:00:00+00:00,3980.29,3983.28,3980.1,3982.42,2560.0
2025-10-07 22:30:00+00:00,3982.58,3986.43,3981.61,3984.41,2615.0
2025-10-08 00:00:00+00:00,3984.84,3990.62,3983.0,3990.3,2527.0
2025-10-08 00:30:00+00:00,3990.42,3990.43,3987.26,3989.45,2145.0
2025-10-08 01:00:00+00:00,3989.64,3992.16,3988.51,3988.99,3075.0
2025-10-08 01:30:00+00:00,3989.12,3995.85,3988.32,3994.27,3771.0
2025-10-08 02:00:00+00:00,3994.41,3999.24,3994.15,3998.54,4671.0
2025-10-08 02:30:00+00:00,3998.64,3998.49,3989.45,3992.34,7042.0
2025-10-08 03:00:00+00:00,3992.45,3995.65,3984.49,3994.14,8660.0
2025-10-08 03:30:00+00:00,3994.3,4000.72,3990.87,4000.61,6548.0
2025-10-08 04:00:00+00:00,4000.77,4005.96,3995.6,4003.55,7013.0
2025-10-08 04:30:00+00:00,4003.7799999999997,4011.53,4003.45,4011.52,4935.0
2025-10-08 05:00:00+00:00,4011.64,4014.56,4008.89,4011.23,4995.0
2025-10-08 05:30:00+00:00,4011.34,4016.38,4010.31,4014.63,4976.0
2025-10-08 06:00:00+00:00,4014.87,4021.32,4014.64,4018.52,5862.0
2025-10-08 06:30:00+00:00,4018.6800000000003,4027.18,4017.03,4026.64,5914.0
2025-10-08 07:00:00+00:00,4026.7200000000003,4034.46,4024.45,4033.34,6037.0
2025-10-08 07:30:00+00:00,4033.5299999999997,4036.94,4028.18,4029.07,7471.0
2025-10-08 08:00:00+00:00,4029.21,4032.8,4021.33,4026.37,8877.0
2025-10-08 08:30:00+00:00,4026.55,4032.98,4025.41,4031.49,6819.0
2025-10-08 09:00:00+00:00,4031.55,4038.9,4029.99,4036.18,7837.0
2025-10-08 09:30:00+00:00,4036.35,4038.63,4030.81,4034.11,7238.0
2025-10-08 10:00:00+00:00,4034.2200000000003,4040.26,4033.13,4037.98,6732.0
2025-10-08 10:30:00+00:00,4038.14,4040.34,4036.21,4036.21,5811.0
2025-10-08 11:00:00+00:00,4036.37,4039.89,4033.13,4035.35,4967.0
2025-10-08 11:30:00+00:00,4035.42,4049.48,4030.77,4049.25,7870.0
2025-10-08 12:00:00+00:00,4049.38,4049.53,4037.72,4040.25,6460.0
2025-10-08 12:30:00+00:00,4040.4300000000003,4041.16,4033.47,4036.96,7408.0
2025-10-08 13:00:00+00:00,4037.12,4037.21,4032.87,4034.56,6153.0
2025-10-08 13:30:00+00:00,4034.7200000000003,4037.98,4031.99,4037.86,6520.0
2025-10-08 14:00:00+00:00,4037.98,4046.39,4035.53,4040.18,9103.0
2025-10-08 14:30:00+00:00,4040.29,4040.92,4030.94,4039.9,9452.0
2025-10-08 15:00:00+00:00,4040.01,4049.34,4038.13,4038.56,9485.0
2025-10-08 15:30:00+00:00,4038.74,4039.91,4026.42,4038.08,16774.0
2025-10-08 16:00:00+00:00,4038.14,4046.1,4035.58,4044.58,13240.0
2025-10-08 16:30:00+00:00,4044.76,4048.97,4039.26,4048.13,8892.0
2025-10-08 17:00:00+00:00,4048.25,4050.48,4037.04,4044.39,12084.0
2025-10-08 17:30:00+00:00,4044.55,4048.34,4042.63,4045.63,8650.0
2025-10-08 18:00:00+00:00,4045.74,4056.33,4044.23,4055.56,9667.0
2025-10-08 18:30:00+00:00,4055.65,4059.21,4052.43,4056.5,9261.0
2025-10-08 19:00:00+00:00,4056.67,4057.98,4048.19,4048.89,8293.0
2025-10-08 19:30:00+00:00,4049.0299999999997,4053.58,4042.98,4051.03,8931.0
2025-10-08 20:00:00+00:00,4051.16,4053.16,4038.55,4048.41,12034.0
2025-10-08 20:30:00+00:00,4048.5699999999997,4050.51,4045.95,4049.77,7484.0
2025-10-08 21:00:00+00:00,4050.02,4054.5,4032.0,4044.74,13475.0
2025-10-08 21:30:00+00:00,4044.84,4046.06,4034.24,4044.85,12416.0
2025-10-08 22:00:00+00:00,4044.99,4046.61,4039.54,4043.88,4155.0
2025-10-08 22:30:00+00:00,4043.9300000000003,4044.86,4038.64,4041.37,3019.0
2025-10-09 00:00:00+00:00,4040.6,4041.24,4015.21,4025.85,5689.0
2025-10-09 00:30:00+00:00,4026.05,4027.95,4020.39,4021.29,4388.0
2025-10-09 01:00:00+00:00,4021.48,4021.83,4012.04,4013.79,6990.0
2025-10-09 01:30:00+00:00,4013.91,4019.29,4001.23,4011.7,9451.0
2025-10-09 02:00:00+00:00,4011.7200000000003,4027.76,4008.65,4027.06,9113.0
2025-10-09 02:30:00+00:00,4027.23,4027.86,4019.7,4022.86,7366.0
2025-10-09 03:00:00+00:00,4023.0699999999997,4032.54,4008.14,4031.18,15500.0
2025-10-09 03:30:00+00:00,4031.35,4036.23,4016.92,4019.64,10299.0
2025-10-09 04:00:00+00:00,4019.77,4020.84,4002.49,4013.03,10095.0
2025-10-09 04:30:00+00:00,4013.16,4021.19,4005.91,4018.56,8092.0
2025-10-09 05:00:00+00:00,4018.6800000000003,4025.0,4017.18,4024.44,7055.0
2025-10-09 05:30:00+00:00,4024.48,4029.41,4023.81,4026.68,4841.0
2025-10-09 06:00:00+00:00,4026.84,4038.52,4026.68,4038.23,4832.0
2025-10-09 06:30:00+00:00,4038.4,4040.95,4036.09,4038.91,4734.0
2025-10-09 07:00:00+00:00,4038.9300000000003,4040.29,4034.31,4038.89,6062.0
2025-10-09 07:30:00+00:00,4039.06,4043.59,4035.0,4039.68,7622.0
2025-10-09 08:00:00+00:00,4039.84,4040.89,4031.35,4031.71,7366.0
2025-10-09 08:30:00+00:00,4031.89,4035.93,4022.66,4026.01,9222.0
2025-10-09 09:00:00+00:00,4026.08,4032.8,4024.72,4028.68,8677.0
2025-10-09 09:30:00+00:00,4028.8199999999997,4032.4,4026.67,4031.47,6761.0
2025-10-09 10:00:00+00:00,4031.55,4037.85,4030.15,4036.7,6622.0
2025-10-09 10:30:00+00:00,4036.8199999999997,4040.26,4035.24,4038.05,5053.0
2025-10-09 11:00:00+00:00,4038.21,4042.03,4036.43,4038.41,6129.0
2025-10-09 11:30:00+00:00,4038.55,4040.06,4034.13,4037.36,5742.0
2025-10-09 12:00:00+00:00,4037.59,4039.29,4036.23,4038.59,4545.0
2025-10-09 12:30:00+00:00,4038.7799999999997,4044.25,4037.91,4044.22,4620.0
2025-10-09 13:00:00+00:00,4044.29,4046.63,4033.47,4035.83,7747.0
2025-10-09 13:30:00+00:00,4036.0299999999997,4046.3,4035.84,4044.41,6500.0
2025-10-09 14:00:00+00:00,4044.55,4044.76,4037.36,4040.9,8578.0
2025-10-09 14:30:00+00:00,4041.09,4053.63,4039.87,4053.34,9695.0
2025-10-09 15:00:00+00:00,4053.5699999999997,4057.87,4048.56,4055.52,13235.0
2025-10-09 15:30:00+00:00,4055.66,4056.58,4016.99,4017.08,21968.0
2025-10-09 16:00:00+00:00,4017.15,4028.94,4006.42,4006.75,22634.0
2025-10-09 16:30:00+00:00,4006.88,4028.66,4003.85,4024.17,19251.0
2025-10-09 17:00:00+00:00,4024.23,4028.57,4016.18,4016.32,14740.0
2025-10-09 17:30:00+00:00,4016.4300000000003,4018.48,4006.46,4014.46,14080.0
2025-10-09 18:00:00+00:00,4014.56,4021.65,4009.89,4012.27,11126.0
2025-10-09 18:30:00+00:00,4012.41,4012.54,3963.69,3968.73,21251.0
2025-10-09 19:00:00+00:00,3968.94,3974.24,3944.86,3958.96,19576.0
2025-10-09 19:30:00+00:00,3959.19,3963.46,3945.03,3950.12,14535.0
2025-10-09 20:00:00+00:00,3950.23,3968.66,3949.48,3963.08,12240.0
2025-10-09 20:30:00+00:00,3963.24,3963.59,3955.83,3957.14,10047.0
2025-10-09 21:00:00+00:00,3957.3,3978.07,3955.14,3977.99,11739.0
2025-10-09 21:30:00+00:00,3978.21,3982.01,3971.75,3972.93,11255.0
2025-10-09 22:00:00+00:00,3973.2200000000003,3978.87,3972.94,3976.58,4882.0
2025-10-09 22:30:00+00:00,3976.7200000000003,3977.5,3972.95,3976.11,3788.0
2025-10-10 00:00:00+00:00,3974.38,3981.58,3958.41,3972.25,4130.0
2025-10-10 00:30:00+00:00,3972.38,3977.29,3971.11,3975.32,3250.0
2025-10-10 01:00:00+00:00,3975.48,3985.89,3974.43,3983.08,3896.0
2025-10-10 01:30:00+00:00,3983.15,3990.87,3978.86,3989.84,6124.0
2025-10-10 02:00:00+00:00,3989.9,3993.01,3985.49,3991.45,7584.0
2025-10-10 02:30:00+00:00,3991.59,3994.35,3988.01,3990.97,5982.0
2025-10-10 03:00:00+00:00,3991.09,3992.4,3975.25,3981.43,10042.0
2025-10-10 03:30:00+00:00,3981.65,3981.63,3969.85,3973.2,9355.0
2025-10-10 04:00:00+00:00,3973.4300000000003,3985.61,3973.11,3984.22,6552.0
2025-10-10 04:30:00+00:00,3984.2799999999997,3986.71,3976.61,3978.57,6362.0
2025-10-10 05:00:00+00:00,3978.67,3979.21,3961.83,3970.32,7611.0
2025-10-10 05:30:00+00:00,3970.48,3973.9,3960.83,3961.93,6869.0
2025-10-10 06:00:00+00:00,3962.05,3964.55,3946.93,3958.83,8082.0
2025-10-10 06:30:00+00:00,3958.9700000000003,3966.7,3957.69,3966.29,5997.0
2025-10-10 07:00:00+00:00,3966.45,3977.84,3966.26,3972.54,8034.0
2025-10-10 07:30:00+00:00,3972.65,3977.08,3965.44,3974.84,10573.0
2025-10-10 08:00:00+00:00,3974.89,3976.02,3967.64,3971.69,8562.0
2025-10-10 08:30:00+00:00,3971.83,3976.05,3962.61,3968.29,9992.0
2025-10-10 09:00:00+00:00,3968.31,3968.51,3952.52,3964.83,11192.0
2025-10-10 09:30:00+00:00,3965.01,3976.12,3962.29,3971.89,8520.0
2025-10-10 10:00:00+00:00,3972.05,3988.61,3970.04,3986.63,10479.0
2025-10-10 10:30:00+00:00,3986.77,3994.63,3985.44,3991.95,8186.0
2025-10-10 11:00:00+00:00,3992.09,4001.63,3990.23,3996.26,9338.0
2025-10-10 11:30:00+00:00,3996.51,4006.58,3994.55,3995.58,9374.0
2025-10-10 12:00:00+00:00,3995.65,3998.93,3990.68,3998.7,9302.0
2025-10-10 12:30:00+00:00,3998.79,4000.02,3993.14,3993.79,7323.0
2025-10-10 13:00:00+00:00,3993.88,3999.69,3993.21,3996.87,7537.0
2025-10-10 13:30:00+00:00,3997.0,3998.46,3983.41,3987.05,10756.0
2025-10-10 14:00:00+00:00,3987.17,3993.41,3985.05,3991.47,9954.0
2025-10-10 14:30:00+00:00,3991.65,3991.78,3980.14,3985.65,9246.0
2025-10-10 15:00:00+00:00,3985.7799999999997,3994.5,3979.37,3992.43,10762.0
2025-10-10 15:30:00+00:00,3992.48,3998.09,3975.47,3980.81,17538.0
2025-10-10 16:00:00+00:00,3980.75,3987.14,3970.57,3983.17,16576.0
2025-10-10 16:30:00+00:00,3983.34,3994.1,3980.02,3990.02,13004.0
2025-10-10 17:00:00+00:00,3990.4700000000003,4020.02,3987.81,4016.62,38398.0
2025-10-10 17:30:00+00:00,4016.75,4022.87,3994.4,3997.81,19364.0
2025-10-10 18:00:00+00:00,3997.98,3998.66,3977.35,3987.71,16743.0
2025-10-10 18:30:00+00:00,3987.88,3994.93,3979.59,3983.29,12078.0
2025-10-10 19:00:00+00:00,3983.46,3986.73,3975.0,3984.42,13132.0
2025-10-10 19:30:00+00:00,3984.64,3992.07,3978.29,3989.75,9788.0
2025-10-10 20:00:00+00:00,3989.96,4008.96,3984.15,4004.14,9876.0
2025-10-10 20:30:00+00:00,4004.3199999999997,4004.96,3993.05,3999.0,9551.0
2025-10-10 21:00:00+00:00,3999.16,4008.42,3995.73,4005.29,10824.0
2025-10-10 21:30:00+00:00,4005.4700000000003,4021.26,4005.32,4011.21,12585.0
2025-10-10 22:00:00+00:00,4011.3,4015.52,4005.65,4012.29,5180.0
2025-10-10 22:30:00+00:00,4012.39,4020.89,4007.63,4017.12,7141.0
2025-10-13 00:00:00+00:00,4012.67,4045.41,3982.04,4040.41,8098.0
2025-10-13 00:30:00+00:00,4040.5699999999997,4042.96,4032.54,4042.31,5870.0
2025-10-13 01:00:00+00:00,4042.4,4060.2,4040.93,4049.09,9423.0
2025-10-13 01:30:00+00:00,4049.31,4049.82,4032.2,4035.03,8559.0
2025-10-13 02:00:00+00:00,4035.31,4041.52,4024.37,4040.4,11545.0
2025-10-13 02:30:00+00:00,4040.52,4059.66,4037.44,4043.82,13097.0
2025-10-13 03:00:00+00:00,4043.87,4053.42,4035.62,4041.99,12846.0
2025-10-13 03:30:00+00:00,4042.06,4055.05,4041.28,4053.03,9274.0
2025-10-13 04:00:00+00:00,4053.2200000000003,4055.73,4042.62,4046.19,7182.0
2025-10-13 04:30:00+00:00,4046.3199999999997,4050.9,4041.52,4047.98,6775.0
2025-10-13 05:00:00+00:00,4048.15,4052.52,4046.25,4051.72,5699.0
2025-10-13 05:30:00+00:00,4051.86,4056.34,4048.32,4051.82,6036.0
2025-10-13 06:00:00+00:00,4052.02,4057.2,4051.04,4056.73,4484.0
2025-10-13 06:30:00+00:00,4056.9,4059.34,4055.64,4056.28,4172.0
2025-10-13 07:00:00+00:00,4056.45,4074.01,4055.04,4071.24,7957.0
2025-10-13 07:30:00+00:00,4071.35,4078.09,4061.53,4063.68,9654.0
2025-10-13 08:00:00+00:00,4063.88,4071.48,4059.7,4068.59,9369.0
2025-10-13 08:30:00+00:00,4068.7799999999997,4073.4,4066.65,4069.37,8072.0
2025-10-13 09:00:00+00:00,4069.3,4076.11,4066.45,4074.43,7824.0
2025-10-13 09:30:00+00:00,4074.5699999999997,4077.38,4068.15,4071.08,7259.0
2025-10-13 10:00:00+00:00,4071.17,4076.28,4069.83,4073.36,7509.0
2025-10-13 10:30:00+00:00,4073.56,4079.41,4068.98,4077.69,7361.0
2025-10-13 11:00:00+00:00,4077.83,4079.84,4071.08,4071.58,5849.0
2025-10-13 11:30:00+00:00,4071.77,4079.5,4070.29,4077.22,6466.0
2025-10-13 12:00:00+00:00,4077.41,4077.32,4071.23,4076.18,6667.0
2025-10-13 12:30:00+00:00,4076.36,4085.01,4073.49,4080.88,5600.0
2025-10-13 13:00:00+00:00,4080.98,4084.54,4077.11,4081.24,6872.0
2025-10-13 13:30:00+00:00,4081.38,4081.33,4073.57,4073.89,6893.0
2025-10-13 14:00:00+00:00,4074.14,4084.23,4073.12,4083.69,8913.0
2025-10-13 14:30:00+00:00,4083.87,4085.87,4075.36,4079.56,9236.0
2025-10-13 15:00:00+00:00,4079.77,4092.84,4078.15,4091.16,8801.0
2025-10-13 15:30:00+00:00,4091.42,4095.48,4081.82,4093.93,13384.0
2025-10-13 16:00:00+00:00,4094.06,4096.94,4090.54,4094.56,11554.0
2025-10-13 16:30:00+00:00,4094.74,4103.6,4094.59,4097.35,10375.0
2025-10-13 17:00:00+00:00,4097.41,4100.07,4091.68,4093.26,10377.0
2025-10-13 17:30:00+00:00,4093.34,4107.19,4092.58,4104.81,8418.0
2025-10-13 18:00:00+00:00,4105.09,4116.98,4104.81,4109.77,9581.0
2025-10-13 18:30:00+00:00,4109.91,4112.65,4103.82,4105.64,9343.0
2025-10-13 19:00:00+00:00,4105.8099999999995,4115.21,4101.75,4112.54,8956.0
2025-10-13 19:30:00+00:00,4112.66,4113.61,4100.16,4103.73,7929.0
2025-10-13 20:00:00+00:00,4103.83,4107.45,4099.41,4104.68,6887.0
2025-10-13 20:30:00+00:00,4104.74,4107.04,4100.0,4101.68,7014.0
2025-10-13 21:00:00+00:00,4101.8099999999995,4106.53,4090.68,4104.66,9122.0
2025-10-13 21:30:00+00:00,4104.79,4110.74,4102.1,4108.56,7334.0
2025-10-13 22:00:00+00:00,4108.6900000000005,4111.16,4105.91,4110.66,2586.0
2025-10-13 22:30:00+00:00,4110.74,4112.66,4107.56,4110.51,2513.0
2025-10-14 00:00:00+00:00,4111.83,4114.2,4108.83,4109.09,2945.0
2025-10-14 00:30:00+00:00,4109.23,4115.73,4106.54,4114.91,3690.0
2025-10-14 01:00:00+00:00,4114.950000000001,4116.91,4112.7,4115.25,4318.0
2025-10-14 01:30:00+00:00,4115.389999999999,4131.94,4115.01,4127.93,8595.0
2025-10-14 02:00:00+00:00,4128.09,4129.53,4119.56,4126.14,8709.0
2025-10-14 02:30:00+00:00,4126.32,4130.09,4124.39,4124.42,6510.0
2025-10-14 03:00:00+00:00,4124.5599999999995,4149.81,4123.18,4146.78,11887.0
2025-10-14 03:30:00+00:00,4146.9400000000005,4149.04,4132.08,4137.1,11992.0
2025-10-14 04:00:00+00:00,4137.23,4143.53,4136.89,4142.2,7169.0
2025-10-14 04:30:00+00:00,4142.360000000001,4149.74,4141.81,4145.94,8596.0
2025-10-14 05:00:00+00:00,4146.04,4159.35,4145.09,4159.24,7946.0
2025-10-14 05:30:00+00:00,4159.41,4166.41,4158.08,4163.29,7731.0
2025-10-14 06:00:00+00:00,4163.54,4169.1,4157.63,4163.79,7560.0
2025-10-14 06:30:00+00:00,4163.96,4169.9,4155.83,4168.04,6604.0
2025-10-14 07:00:00+00:00,4168.030000000001,4179.56,4165.52,4179.24,8902.0
2025-10-14 07:30:00+00:00,4179.32,4179.49,4110.95,4121.16,21626.0
2025-10-14 08:00:00+00:00,4121.360000000001,4133.76,4090.68,4114.01,19853.0
2025-10-14 08:30:00+00:00,4114.15,4114.96,4090.36,4111.94,17650.0
2025-10-14 09:00:00+00:00,4112.04,4127.66,4102.43,4123.59,13295.0
2025-10-14 09:30:00+00:00,4123.71,4126.78,4116.77,4126.22,10749.0
2025-10-14 10:00:00+00:00,4126.32,4144.33,4124.59,4144.15,9728.0
2025-10-14 10:30:00+00:00,4144.33,4145.12,4130.39,4143.89,10642.0
2025-10-14 11:00:00+00:00,4144.0599999999995,4144.29,4134.04,4139.83,8580.0
2025-10-14 11:30:00+00:00,4139.969999999999,4143.81,4121.79,4127.49,11193.0
2025-10-14 12:00:00+00:00,4127.5599999999995,4139.49,4124.96,4139.33,9287.0
2025-10-14 12:30:00+00:00,4139.5,4144.18,4128.7,4131.66,9480.0
2025-10-14 13:00:00+00:00,4131.84,4137.74,4128.39,4132.31,8325.0
2025-10-14 13:30:00+00:00,4132.4400000000005,4132.41,4125.62,4130.45,7310.0
2025-10-14 14:00:00+00:00,4130.57,4134.37,4116.18,4118.75,11278.0
2025-10-14 14:30:00+00:00,4118.889999999999,4119.98,4103.54,4106.62,13651.0
2025-10-14 15:00:00+00:00,4106.780000000001,4119.88,4097.85,4110.33,16167.0
2025-10-14 15:30:00+00:00,4110.51,4129.42,4106.39,4124.03,17617.0
2025-10-14 16:00:00+00:00,4124.120000000001,4137.28,4121.22,4133.18,14684.0
2025-10-14 16:30:00+00:00,4133.23,4137.47,4126.39,4129.06,11896.0
2025-10-14 17:00:00+00:00,4129.29,4141.17,4126.17,4137.92,10805.0
2025-10-14 17:30:00+00:00,4138.110000000001,4142.56,4131.82,4138.01,10714.0
2025-10-14 18:00:00+00:00,4138.18,4141.75,4127.87,4133.59,11410.0
2025-10-14 18:30:00+00:00,4133.79,4155.07,4128.55,4140.26,12991.0
2025-10-14 19:00:00+00:00,4140.48,4152.91,4137.23,4146.95,12431.0
2025-10-14 19:30:00+00:00,4147.01,4152.55,4143.41,4148.03,9217.0
2025-10-14 20:00:00+00:00,4148.200000000001,4152.36,4143.08,4145.75,8267.0
2025-10-14 20:30:00+00:00,4145.889999999999,4150.54,4145.36,4148.17,7626.0
2025-10-14 21:00:00+00:00,4148.33,4150.56,4146.45,4149.63,6329.0
2025-10-14 21:30:00+00:00,4149.76,4150.09,4134.34,4141.43,12968.0
2025-10-14 22:00:00+00:00,4141.629999999999,4145.91,4139.12,4143.72,4210.0
2025-10-14 22:30:00+00:00,4143.879999999999,4145.49,4141.78,4142.3,2335.0
2025-10-15 00:00:00+00:00,4143.01,4163.94,4140.51,4152.3,5529.0
2025-10-15 00:30:00+00:00,4152.469999999999,4161.75,4150.02,4158.46,4108.0
2025-10-15 01:00:00+00:00,4158.620000000001,4164.14,4157.17,4163.67,3723.0
2025-10-15 01:30:00+00:00,4163.8099999999995,4167.1,4160.18,4161.54,4618.0
2025-10-15 02:00:00+00:00,4161.639999999999,4169.54,4153.76,4155.95,7348.0
2025-10-15 02:30:00+00:00,4156.139999999999,4168.63,4154.88,4162.45,6578.0
2025-10-15 03:00:00+00:00,4162.639999999999,4186.7,4161.97,4185.58,11873.0
2025-10-15 03:30:00+00:00,4185.700000000001,4186.49,4175.95,4181.61,7820.0
2025-10-15 04:00:00+00:00,4181.91,4184.55,4177.74,4179.26,5776.0
2025-10-15 04:30:00+00:00,4179.42,4180.25,4166.93,4176.33,9453.0
2025-10-15 05:00:00+00:00,4176.49,4185.72,4175.89,4183.65,6054.0
2025-10-15 05:30:00+00:00,4183.780000000001,4190.64,4180.02,4186.92,4736.0
2025-10-15 06:00:00+00:00,4187.08,4187.45,4173.29,4176.34,4232.0
2025-10-15 06:30:00+00:00,4176.59,4180.2,4174.21,4179.67,4131.0
2025-10-15 07:00:00+00:00,4179.68,4193.02,4176.59,4192.61,6064.0
2025-10-15 07:30:00+00:00,4192.719999999999,4193.57,4184.5,4185.86,8278.0
2025-10-15 08:00:00+00:00,4185.99,4193.37,4184.3,4190.04,7292.0
2025-10-15 08:30:00+00:00,4190.18,4200.25,4187.49,4199.41,6428.0
2025-10-15 09:00:00+00:00,4199.48,4200.51,4194.51,4199.51,5960.0
2025-10-15 09:30:00+00:00,4199.59,4209.73,4198.84,4207.61,6482.0
2025-10-15 10:00:00+00:00,4207.85,4218.01,4207.03,4210.71,7768.0
2025-10-15 10:30:00+00:00,4210.879999999999,4216.94,4207.65,4208.1,5941.0
2025-10-15 11:00:00+00:00,4208.3099999999995,4211.96,4164.64,4189.97,12336.0
2025-10-15 11:30:00+00:00,4190.1,4196.53,4188.45,4192.43,9474.0
2025-10-15 12:00:00+00:00,4192.57,4206.16,4191.34,4201.24,7645.0
2025-10-15 12:30:00+00:00,4201.370000000001,4203.0,4190.5,4202.55,6436.0
2025-10-15 13:00:00+00:00,4202.719999999999,4203.42,4197.32,4202.0,5272.0
2025-10-15 13:30:00+00:00,4202.17,4204.19,4193.59,4198.63,6613.0
2025-10-15 14:00:00+00:00,4198.85,4202.72,4180.01,4181.39,11466.0
2025-10-15 14:30:00+00:00,4181.35,4192.53,4176.17,4190.57,10830.0
2025-10-15 15:00:00+00:00,4190.67,4197.74,4182.77,4194.08,11128.0
2025-10-15 15:30:00+00:00,4194.25,4198.61,4183.18,4192.09,15055.0
2025-10-15 16:00:00+00:00,4192.16,4212.27,4191.77,4205.93,13573.0
2025-10-15 16:30:00+00:00,4206.09,4207.13,4191.35,4199.94,11308.0
2025-10-15 17:00:00+00:00,4200.049999999999,4203.02,4193.38,4201.29,11709.0
2025-10-15 17:30:00+00:00,4201.4,4201.68,4179.45,4190.45,14370.0
2025-10-15 18:00:00+00:00,4190.629999999999,4199.52,4186.34,4197.0,9732.0
2025-10-15 18:30:00+00:00,4197.16,4199.68,4189.92,4198.94,7714.0
2025-10-15 19:00:00+00:00,4199.1,4199.65,4182.53,4188.48,11416.0
2025-10-15 19:30:00+00:00,4188.76,4197.79,4186.23,4197.79,7370.0
2025-10-15 20:00:00+00:00,4197.98,4204.67,4195.17,4198.24,8657.0
2025-10-15 20:30:00+00:00,4198.4,4201.33,4195.9,4200.75,5489.0
2025-10-15 21:00:00+00:00,4200.879999999999,4211.69,4200.42,4210.72,6385.0
2025-10-15 21:30:00+00:00,4210.889999999999,4213.41,4205.53,4210.36,7873.0
2025-10-15 22:00:00+00:00,4210.35,4212.82,4205.99,4207.58,3502.0
2025-10-15 22:30:00+00:00,4207.799999999999,4211.35,4206.75,4208.02,3666.0
2025-10-16 00:00:00+00:00,4209.379999999999,4212.99,4199.49,4211.53,4776.0
2025-10-16 00:30:00+00:00,4211.700000000001,4215.86,4210.15,4213.25,3559.0
2025-10-16 01:00:00+00:00,4213.139999999999,4215.77,4208.71,4212.16,4826.0
2025-10-16 01:30:00+00:00,4212.25,4213.06,4206.17,4209.4,4781.0
2025-10-16 02:00:00+00:00,4209.5599999999995,4225.21,4204.8,4223.15,6682.0
2025-10-16 02:30:00+00:00,4223.200000000001,4227.01,4210.36,4210.42,7757.0
2025-10-16 03:00:00+00:00,4210.59,4227.85,4210.44,4224.67,9882.0
2025-10-16 03:30:00+00:00,4224.799999999999,4233.02,4222.67,4230.08,8191.0
2025-10-16 04:00:00+00:00,4230.219999999999,4234.53,4229.48,4231.65,5143.0
2025-10-16 04:30:00+00:00,4231.700000000001,4239.43,4225.82,4239.42,6472.0
2025-10-16 05:00:00+00:00,4239.5599999999995,4241.99,4234.09,4235.56,6965.0
2025-10-16 05:30:00+00:00,4235.700000000001,4236.75,4229.1,4233.73,5633.0
2025-10-16 06:00:00+00:00,4233.9,4239.01,4230.28,4238.05,3938.0
2025-10-16 06:30:00+00:00,4238.24,4239.27,4227.98,4233.42,6160.0
2025-10-16 07:00:00+00:00,4233.530000000001,4234.65,4221.49,4223.95,7419.0
2025-10-16 07:30:00+00:00,4224.04,4224.1,4203.58,4204.89,15310.0
2025-10-16 08:00:00+00:00,4204.96,4227.15,4203.58,4224.65,9805.0
2025-10-16 08:30:00+00:00,4224.82,4226.08,4215.5,4222.67,7879.0
2025-10-16 09:00:00+00:00,4222.799999999999,4233.97,4222.1,4233.49,6990.0
2025-10-16 09:30:00+00:00,4233.68,4233.55,4225.93,4230.5,6006.0
2025-10-16 10:00:00+00:00,4230.68,4235.97,4230.01,4231.4,5811.0
2025-10-16 10:30:00+00:00,4231.68,4234.24,4228.6,4232.81,5085.0
2025-10-16 11:00:00+00:00,4232.950000000001,4234.88,4222.82,4223.09,5773.0
2025-10-16 11:30:00+00:00,4223.4,4241.78,4222.03,4239.41,6680.0
2025-10-16 12:00:00+00:00,4239.58,4243.24,4235.14,4237.65,6805.0
2025-10-16 12:30:00+00:00,4237.85,4245.99,4234.26,4242.63,5565.0
2025-10-16 13:00:00+00:00,4242.92,4246.65,4239.5,4244.46,5498.0
2025-10-16 13:30:00+00:00,4244.6,4247.46,4240.06,4240.51,6568.0
2025-10-16 14:00:00+00:00,4240.68,4245.28,4236.43,4238.99,6976.0
2025-10-16 14:30:00+00:00,4239.46,4250.94,4227.49,4235.86,12401.0
2025-10-16 15:00:00+00:00,4236.030000000001,4254.69,4234.69,4251.52,11367.0
2025-10-16 15:30:00+00:00,4251.700000000001,4258.6,4243.67,4246.08,13649.0
2025-10-16 16:00:00+00:00,4246.21,4265.6,4245.39,4262.89,12603.0
2025-10-16 16:30:00+00:00,4262.9400000000005,4267.61,4253.97,4263.17,11885.0
2025-10-16 17:00:00+00:00,4263.4,4273.03,4260.97,4271.73,10874.0
2025-10-16 17:30:00+00:00,4271.98,4276.04,4267.17,4273.44,10373.0
2025-10-16 18:00:00+00:00,4273.5599999999995,4291.96,4269.29,4289.32,11725.0
2025-10-16 18:30:00+00:00,4289.549999999999,4291.58,4261.35,4282.51,20870.0
2025-10-16 19:00:00+00:00,4282.700000000001,4295.02,4280.1,4289.6,12902.0
2025-10-16 19:30:00+00:00,4289.67,4298.58,4287.28,4293.8,10048.0
2025-10-16 20:00:00+00:00,4293.98,4294.87,4273.32,4285.49,12860.0
2025-10-16 20:30:00+00:00,4285.59,4293.82,4283.02,4290.81,9878.0
2025-10-16 21:00:00+00:00,4290.93,4296.92,4287.76,4295.11,9579.0
2025-10-16 21:30:00+00:00,4295.17,4312.95,4291.07,4307.4,13130.0
2025-10-16 22:00:00+00:00,4307.59,4320.62,4307.38,4315.6,6873.0
2025-10-16 22:30:00+00:00,4315.76,4330.53,4311.75,4326.11,5344.0
2025-10-17 00:00:00+00:00,4331.879999999999,4379.76,4327.14,4367.64,10495.0
2025-10-17 00:30:00+00:00,4367.75,4367.6,4342.87,4346.61,10063.0
2025-10-17 01:00:00+00:00,4346.780000000001,4363.74,4341.69,4363.74,8279.0
2025-10-17 01:30:00+00:00,4363.9,4379.11,4350.03,4365.68,10741.0
2025-10-17 02:00:00+00:00,4365.84,4366.74,4355.02,4357.9,10186.0
2025-10-17 02:30:00+00:00,4358.01,4371.84,4353.45,4358.0,10207.0
2025-10-17 03:00:00+00:00,4357.99,4362.1,4324.27,4333.9,18815.0
2025-10-17 03:30:00+00:00,4334.120000000001,4337.53,4278.66,4313.98,24222.0
2025-10-17 04:00:00+00:00,4314.120000000001,4335.91,4312.33,4332.51,15060.0
2025-10-17 04:30:00+00:00,4332.57,4348.5,4331.51,4342.51,11062.0
2025-10-17 05:00:00+00:00,4342.68,4360.9,4338.65,4356.99,9881.0
2025-10-17 05:30:00+00:00,4357.17,4366.64,4354.27,4366.62,7495.0
2025-10-17 06:00:00+00:00,4366.8099999999995,4376.42,4355.37,4358.53,8818.0
2025-10-17 06:30:00+00:00,4358.639999999999,4377.02,4358.19,4376.28,7364.0
2025-10-17 07:00:00+00:00,4376.41,4378.65,4357.92,4359.69,9437.0
2025-10-17 07:30:00+00:00,4359.93,4369.52,4342.32,4365.64,11863.0
2025-10-17 08:00:00+00:00,4365.799999999999,4369.54,4354.48,4361.52,11685.0
2025-10-17 08:30:00+00:00,4361.76,4367.27,4346.62,4360.01,12093.0
2025-10-17 09:00:00+00:00,4360.18,4361.7,4309.23,4338.37,15609.0
2025-10-17 09:30:00+00:00,4338.469999999999,4349.08,4329.48,4342.14,15251.0
2025-10-17 10:00:00+00:00,4342.200000000001,4349.48,4321.03,4341.23,15270.0
2025-10-17 10:30:00+00:00,4341.360000000001,4349.73,4332.65,4347.67,11407.0
2025-10-17 11:00:00+00:00,4347.610000000001,4348.44,4332.13,4335.26,9516.0
2025-10-17 11:30:00+00:00,4335.42,4345.18,4333.53,4340.07,8197.0
2025-10-17 12:00:00+00:00,4340.1900000000005,4342.06,4336.24,4340.99,7935.0
2025-10-17 12:30:00+00:00,4341.25,4341.48,4319.49,4327.56,12066.0
2025-10-17 13:00:00+00:00,4327.57,4335.93,4316.44,4321.74,12885.0
2025-10-17 13:30:00+00:00,4321.950000000001,4322.88,4286.68,4287.1,16061.0
2025-10-17 14:00:00+00:00,4287.219999999999,4316.25,4283.48,4293.45,18357.0
2025-10-17 14:30:00+00:00,4293.54,4320.09,4291.24,4314.41,13510.0
2025-10-17 15:00:00+00:00,4314.610000000001,4317.87,4301.11,4316.02,15906.0
2025-10-17 15:30:00+00:00,4316.02,4316.98,4258.57,4273.86,29185.0
2025-10-17 16:00:00+00:00,4273.98,4274.23,4216.77,4240.77,34272.0
2025-10-17 16:30:00+00:00,4241.18,4266.21,4230.4,4248.8,22637.0
2025-10-17 17:00:00+00:00,4248.93,4259.38,4230.82,4248.17,18105.0
2025-10-17 17:30:00+00:00,4248.59,4259.16,4236.32,4237.34,13597.0
2025-10-17 18:00:00+00:00,4237.57,4244.81,4214.4,4214.72,16194.0
2025-10-17 18:30:00+00:00,4214.84,4221.43,4200.73,4204.79,19512.0
2025-10-17 19:00:00+00:00,4204.99,4214.51,4186.09,4201.02,18571.0
2025-10-17 19:30:00+00:00,4201.07,4228.56,4196.59,4221.06,14965.0
2025-10-17 20:00:00+00:00,4221.3099999999995,4244.57,4218.03,4244.44,13230.0
2025-10-17 20:30:00+00:00,4244.57,4244.58,4231.96,4235.46,10107.0
2025-10-17 21:00:00+00:00,4235.6,4237.74,4212.45,4216.36,12078.0
2025-10-17 21:30:00+00:00,4216.450000000001,4231.42,4216.3,4225.8,11914.0
2025-10-17 22:00:00+00:00,4225.889999999999,4246.09,4219.94,4245.6,7307.0
2025-10-17 22:30:00+00:00,4245.74,4252.57,4242.41,4251.15,5227.0
2025-10-20 00:00:00+00:00,4246.639999999999,4274.68,4239.54,4259.72,7968.0
2025-10-20 00:30:00+00:00,4259.629999999999,4262.02,4245.51,4255.61,6589.0
2025-10-20 01:00:00+00:00,4255.6,4256.09,4239.48,4247.43,6557.0
2025-10-20 01:30:00+00:00,4247.74,4247.89,4233.51,4237.83,6195.0
2025-10-20 02:00:00+00:00,4237.9,4242.55,4218.95,4222.22,11313.0
2025-10-20 02:30:00+00:00,4222.34,4250.68,4220.46,4249.5,10131.0
2025-10-20 03:00:00+00:00,4249.639999999999,4264.46,4229.42,4262.69,15131.0
2025-10-20 03:30:00+00:00,4262.91,4268.88,4255.92,4262.45,11059.0
2025-10-20 04:00:00+00:00,4262.71,4267.21,4258.71,4266.82,8083.0
2025-10-20 04:30:00+00:00,4266.9400000000005,4271.15,4253.38,4255.74,9550.0
2025-10-20 05:00:00+00:00,4255.82,4262.55,4252.15,4254.9,7723.0
2025-10-20 05:30:00+00:00,4255.08,4265.26,4248.68,4264.59,6295.0
2025-10-20 06:00:00+00:00,4264.860000000001,4267.24,4260.33,4264.32,5060.0
2025-10-20 06:30:00+00:00,4264.49,4268.23,4262.32,4266.26,4218.0
2025-10-20 07:00:00+00:00,4266.200000000001,4266.57,4246.98,4256.96,7490.0
2025-10-20 07:30:00+00:00,4257.030000000001,4260.3,4239.61,4239.77,10827.0
2025-10-20 08:00:00+00:00,4240.049999999999,4245.71,4226.11,4226.6,12066.0
2025-10-20 08:30:00+00:00,4226.74,4240.86,4221.36,4236.21,10781.0
2025-10-20 09:00:00+00:00,4236.26,4260.06,4234.69,4253.97,9562.0
2025-10-20 09:30:00+00:00,4254.18,4260.82,4251.38,4255.12,7832.0
2025-10-20 10:00:00+00:00,4255.41,4262.9,4253.98,4260.53,7946.0
2025-10-20 10:30:00+00:00,4260.67,4266.19,4252.31,4258.66,7300.0
2025-10-20 11:00:00+00:00,4258.799999999999,4260.16,4250.27,4252.4,6678.0
2025-10-20 11:30:00+00:00,4252.450000000001,4263.67,4251.37,4260.69,7212.0
2025-10-20 12:00:00+00:00,4260.85,4260.81,4245.57,4255.92,8438.0
2025-10-20 12:30:00+00:00,4256.030000000001,4260.17,4251.53,4254.71,7207.0
2025-10-20 13:00:00+00:00,4254.82,4263.58,4250.84,4262.66,7389.0
2025-10-20 13:30:00+00:00,4262.799999999999,4279.58,4259.72,4279.31,7160.0
2025-10-20 14:00:00+00:00,4279.379999999999,4299.17,4272.61,4293.8,12970.0
2025-10-20 14:30:00+00:00,4293.969999999999,4327.1,4292.02,4323.45,15491.0
2025-10-20 15:00:00+00:00,4323.65,4325.09,4313.57,4319.88,14882.0
2025-10-20 15:30:00+00:00,4320.07,4320.57,4299.49,4300.74,18905.0
2025-10-20 16:00:00+00:00,4300.8099999999995,4334.25,4292.88,4326.4,17301.0
2025-10-20 16:30:00+00:00,4326.57,4334.63,4317.02,4332.25,13612.0
2025-10-20 17:00:00+00:00,4332.389999999999,4355.65,4332.21,4345.31,14193.0
2025-10-20 17:30:00+00:00,4345.450000000001,4351.32,4344.07,4349.08,11761.0
2025-10-20 18:00:00+00:00,4349.280000000001,4350.8,4342.6,4345.09,10066.0
2025-10-20 18:30:00+00:00,4345.18,4349.7,4343.32,4347.76,7942.0
2025-10-20 19:00:00+00:00,4347.9400000000005,4351.03,4340.39,4342.13,9721.0
2025-10-20 19:30:00+00:00,4342.3099999999995,4348.99,4337.38,4347.54,8416.0
2025-10-20 20:00:00+00:00,4347.83,4358.12,4344.58,4357.79,6845.0
2025-10-20 20:30:00+00:00,4357.93,4364.46,4354.9,4359.27,10085.0
2025-10-20 21:00:00+00:00,4359.49,4367.17,4359.2,4366.74,9171.0
2025-10-20 21:30:00+00:00,4366.9,4381.5,4364.68,4378.0,11801.0
2025-10-20 22:00:00+00:00,4378.1,4380.08,4346.54,4354.22,11154.0
2025-10-20 22:30:00+00:00,4354.43,4358.99,4346.75,4356.45,5762.0
2025-10-21 00:00:00+00:00,4353.120000000001,4375.22,4347.68,4371.66,5855.0
2025-10-21 00:30:00+00:00,4371.82,4371.67,4357.52,4367.48,5357.0
2025-10-21 01:00:00+00:00,4367.66,4371.64,4359.71,4362.32,4919.0
2025-10-21 01:30:00+00:00,4362.389999999999,4362.59,4356.62,4360.3,5640.0
2025-10-21 02:00:00+00:00,4360.42,4370.26,4356.09,4368.62,8602.0
2025-10-21 02:30:00+00:00,4368.76,4371.05,4364.26,4368.77,7419.0
2025-10-21 03:00:00+00:00,4368.91,4372.21,4349.3,4350.01,12563.0
2025-10-21 03:30:00+00:00,4350.29,4350.99,4333.2,4350.77,11740.0
2025-10-21 04:00:00+00:00,4350.93,4355.32,4340.98,4350.47,9442.0
2025-10-21 04:30:00+00:00,4350.58,4351.19,4335.21,4338.86,9250.0
2025-10-21 05:00:00+00:00,4338.969999999999,4349.62,4337.88,4348.86,7016.0
2025-10-21 05:30:00+00:00,4349.09,4350.77,4343.0,4346.49,4792.0
2025-10-21 06:00:00+00:00,4346.629999999999,4346.88,4342.12,4342.88,4232.0
2025-10-21 06:30:00+00:00,4342.93,4344.2,4336.98,4341.94,4565.0
2025-10-21 07:00:00+00:00,4341.99,4344.15,4329.54,4333.01,7476.0
2025-10-21 07:30:00+00:00,4333.24,4333.09,4317.22,4323.23,10249.0
2025-10-21 08:00:00+00:00,4323.389999999999,4330.72,4317.04,4324.05,9309.0
2025-10-21 08:30:00+00:00,4324.18,4344.29,4322.13,4343.16,8055.0
2025-10-21 09:00:00+00:00,4343.29,4343.15,4322.63,4324.49,9256.0
2025-10-21 09:30:00+00:00,4324.700000000001,4324.58,4293.11,4298.4,17331.0
2025-10-21 10:00:00+00:00,4298.530000000001,4301.82,4244.55,4267.11,22700.0
2025-10-21 10:30:00+00:00,4267.32,4274.0,4263.02,4273.8,12467.0
2025-10-21 11:00:00+00:00,4274.08,4277.96,4254.61,4270.77,12201.0
2025-10-21 11:30:00+00:00,4270.91,4276.12,4262.57,4265.21,10480.0
2025-10-21 12:00:00+00:00,4265.42,4266.46,4249.27,4264.33,10697.0
2025-10-21 12:30:00+00:00,4264.54,4264.65,4253.69,4253.74,9063.0
2025-10-21 13:00:00+00:00,4253.870000000001,4272.19,4251.94,4266.38,8906.0
2025-10-21 13:30:00+00:00,4266.59,4266.88,4245.72,4253.17,9504.0
2025-10-21 14:00:00+00:00,4253.379999999999,4257.42,4214.9,4228.43,18425.0
2025-10-21 14:30:00+00:00,4228.68,4230.16,4205.58,4211.02,17694.0
2025-10-21 15:00:00+00:00,4211.129999999999,4211.2,4189.43,4200.93,18927.0
2025-10-21 15:30:00+00:00,4200.6,4225.39,4167.69,4173.67,30041.0
2025-10-21 16:00:00+00:00,4173.77,4188.41,4130.36,4136.65,28460.0
2025-10-21 16:30:00+00:00,4136.969999999999,4141.31,4080.7,4138.89,65890.0
2025-10-21 17:00:00+00:00,4139.030000000001,4150.63,4120.03,4124.84,21751.0
2025-10-21 17:30:00+00:00,4124.93,4147.41,4123.19,4138.44,18017.0
2025-10-21 18:00:00+00:00,4138.66,4143.84,4114.89,4117.46,16362.0
2025-10-21 18:30:00+00:00,4117.620000000001,4126.38,4101.89,4113.44,16933.0
2025-10-21 19:00:00+00:00,4113.629999999999,4119.53,4093.9,4097.73,17741.0
2025-10-21 19:30:00+00:00,4097.799999999999,4120.15,4095.91,4111.11,13883.0
2025-10-21 20:00:00+00:00,4111.27,4124.2,4110.78,4116.07,10872.0
2025-10-21 20:30:00+00:00,4116.26,4125.71,4106.29,4114.84,10470.0
2025-10-21 21:00:00+00:00,4115.1,4122.08,4100.43,4104.25,12407.0
2025-10-21 21:30:00+00:00,4104.43,4112.3,4101.2,4108.81,11720.0
2025-10-21 22:00:00+00:00,4109.030000000001,4124.8,4105.95,4122.51,7099.0
2025-10-21 22:30:00+00:00,4122.700000000001,4130.86,4120.71,4124.81,4846.0
2025-10-22 00:00:00+00:00,4125.280000000001,4132.55,4113.57,4124.67,5355.0
2025-10-22 00:30:00+00:00,4124.76,4128.96,4120.69,4123.2,4869.0
2025-10-22 01:00:00+00:00,4123.0599999999995,4127.18,4114.18,4123.69,5776.0
2025-10-22 01:30:00+00:00,4123.9,4127.84,4090.0,4093.02,7934.0
2025-10-22 02:00:00+00:00,4093.21,4093.91,4004.2,4049.05,25840.0
2025-10-22 02:30:00+00:00,4049.12,4090.99,4041.14,4075.09,17154.0
2025-10-22 03:00:00+00:00,4075.2799999999997,4120.97,4064.32,4104.62,16783.0
2025-10-22 03:30:00+00:00,4104.6900000000005,4110.22,4083.27,4087.17,13060.0
2025-10-22 04:00:00+00:00,4087.39,4117.75,4087.24,4110.44,8449.0
2025-10-22 04:30:00+00:00,4110.57,4116.51,4103.52,4114.87,6767.0
2025-10-22 05:00:00+00:00,4115.030000000001,4121.22,4107.3,4116.76,6296.0
2025-10-22 05:30:00+00:00,4117.030000000001,4143.21,4116.3,4128.67,8150.0
2025-10-22 06:00:00+00:00,4128.79,4133.38,4107.39,4129.05,7602.0
2025-10-22 06:30:00+00:00,4129.15,4133.3,4118.38,4128.11,4934.0
2025-10-22 07:00:00+00:00,4128.389999999999,4146.99,4126.38,4140.56,6544.0
2025-10-22 07:30:00+00:00,4140.6900000000005,4145.21,4131.86,4135.0,8533.0
2025-10-22 08:00:00+00:00,4135.139999999999,4143.85,4127.77,4142.09,9303.0
2025-10-22 08:30:00+00:00,4142.07,4161.19,4141.65,4155.79,8758.0
2025-10-22 09:00:00+00:00,4155.9,4156.37,4129.4,4141.79,14185.0
2025-10-22 09:30:00+00:00,4141.99,4148.07,4130.73,4132.84,10125.0
2025-10-22 10:00:00+00:00,4132.969999999999,4135.68,4058.74,4102.67,20218.0
2025-10-22 10:30:00+00:00,4102.59,4110.02,4069.32,4070.41,15759.0
2025-10-22 11:00:00+00:00,4070.46,4101.69,4064.45,4075.98,14976.0
2025-10-22 11:30:00+00:00,4076.1800000000003,4082.86,4061.6,4069.46,11219.0
2025-10-22 12:00:00+00:00,4069.49,4085.4,4063.12,4083.84,10426.0
2025-10-22 12:30:00+00:00,4083.9700000000003,4090.74,4023.6,4035.06,14788.0
2025-10-22 13:00:00+00:00,4035.34,4045.02,4015.14,4020.61,16605.0
2025-10-22 13:30:00+00:00,4020.79,4033.58,4014.89,4027.73,13761.0
2025-10-22 14:00:00+00:00,4027.9700000000003,4045.51,4026.2,4045.26,16053.0
2025-10-22 14:30:00+00:00,4045.4300000000003,4053.32,4023.04,4033.73,14339.0
2025-10-22 15:00:00+00:00,4033.9700000000003,4068.53,4033.32,4052.4,18479.0
2025-10-22 15:30:00+00:00,4052.5299999999997,4085.25,4047.21,4075.8,19561.0
2025-10-22 16:00:00+00:00,4075.85,4078.28,4047.27,4056.03,17960.0
2025-10-22 16:30:00+00:00,4056.26,4058.58,4010.95,4014.95,19596.0
2025-10-22 17:00:00+00:00,4015.04,4047.2,4014.88,4029.18,16969.0
2025-10-22 17:30:00+00:00,4029.49,4046.53,4023.0,4036.97,14788.0
2025-10-22 18:00:00+00:00,4037.08,4045.7,4023.24,4043.61,11661.0
2025-10-22 18:30:00+00:00,4043.77,4064.04,4037.69,4059.21,17267.0
2025-10-22 19:00:00+00:00,4059.34,4059.26,4044.02,4049.66,14073.0
2025-10-22 19:30:00+00:00,4049.96,4071.11,4044.91,4070.0,12497.0
2025-10-22 20:00:00+00:00,4070.2,4078.81,4066.66,4073.71,9764.0
2025-10-22 20:30:00+00:00,4073.91,4081.54,4073.74,4076.73,7709.0
2025-10-22 21:00:00+00:00,4076.9300000000003,4105.48,4076.51,4105.38,11094.0
2025-10-22 21:30:00+00:00,4105.54,4113.44,4099.79,4102.33,13813.0
2025-10-22 22:00:00+00:00,4102.34,4107.28,4088.66,4092.2,6528.0
2025-10-22 22:30:00+00:00,4092.33,4103.7,4092.02,4098.23,4708.0
2025-10-23 00:00:00+00:00,4096.4,4116.44,4093.29,4102.98,5981.0
2025-10-23 00:30:00+00:00,4103.0,4103.61,4092.12,4101.98,5665.0
2025-10-23 01:00:00+00:00,4102.120000000001,4104.67,4080.47,4086.15,7830.0
2025-10-23 01:30:00+00:00,4086.2799999999997,4094.81,4083.72,4087.57,8117.0
2025-10-23 02:00:00+00:00,4087.55,4096.79,4065.77,4076.12,12341.0
2025-10-23 02:30:00+00:00,4076.34,4085.79,4071.73,4081.99,9526.0
2025-10-23 03:00:00+00:00,4082.11,4092.7,4071.93,4087.35,12058.0
2025-10-23 03:30:00+00:00,4087.49,4091.38,4072.76,4073.14,9951.0
2025-10-23 04:00:00+00:00,4073.21,4084.82,4071.96,4081.05,7704.0
2025-10-23 04:30:00+00:00,4081.19,4085.37,4076.31,4082.61,7639.0
2025-10-23 05:00:00+00:00,4082.8,4100.46,4077.78,4095.4,7536.0
2025-10-23 05:30:00+00:00,4095.56,4096.13,4089.81,4091.13,5854.0
2025-10-23 06:00:00+00:00,4091.27,4092.84,4079.65,4084.28,5211.0
2025-10-23 06:30:00+00:00,4084.46,4091.51,4082.34,4089.65,5330.0
2025-10-23 07:00:00+00:00,4089.79,4093.98,4083.82,4089.42,6177.0
2025-10-23 07:30:00+00:00,4089.58,4110.26,4088.52,4110.24,8299.0
2025-10-23 08:00:00+00:00,4110.34,4137.59,4110.11,4125.28,14211.0
2025-10-23 08:30:00+00:00,4125.4,4127.55,4110.68,4113.59,10961.0
2025-10-23 09:00:00+00:00,4113.629999999999,4121.13,4112.18,4115.44,9276.0
2025-10-23 09:30:00+00:00,4115.58,4115.62,4091.88,4094.23,11143.0
2025-10-23 10:00:00+00:00,4094.63,4118.9,4094.48,4113.89,10969.0
2025-10-23 10:30:00+00:00,4114.0,4118.32,4108.22,4116.13,7209.0
2025-10-23 11:00:00+00:00,4116.299999999999,4123.65,4111.21,4122.03,7916.0
2025-10-23 11:30:00+00:00,4122.15,4125.38,4111.4,4124.32,7523.0
2025-10-23 12:00:00+00:00,4124.530000000001,4125.13,4109.0,4109.93,7723.0
2025-10-23 12:30:00+00:00,4110.07,4119.21,4101.75,4108.82,10491.0
2025-10-23 13:00:00+00:00,4109.01,4120.81,4107.65,4113.33,8576.0
2025-10-23 13:30:00+00:00,4113.469999999999,4117.61,4107.67,4109.78,8605.0
2025-10-23 14:00:00+00:00,4109.799999999999,4115.86,4100.01,4109.09,9286.0
2025-10-23 14:30:00+00:00,4109.389999999999,4129.21,4108.92,4126.93,9829.0
2025-10-23 15:00:00+00:00,4127.17,4149.93,4125.77,4147.19,13074.0
2025-10-23 15:30:00+00:00,4147.35,4150.81,4132.2,4144.72,16704.0
2025-10-23 16:00:00+00:00,4144.85,4154.57,4135.89,4147.27,14352.0
2025-10-23 16:30:00+00:00,4147.41,4151.83,4140.11,4148.21,11701.0
2025-10-23 17:00:00+00:00,4148.43,4151.65,4137.29,4144.85,10491.0
2025-10-23 17:30:00+00:00,4145.030000000001,4146.78,4137.1,4141.89,9215.0
2025-10-23 18:00:00+00:00,4141.9,4148.38,4132.78,4140.46,8764.0
2025-10-23 18:30:00+00:00,4140.57,4143.59,4125.46,4132.92,8452.0
2025-10-23 19:00:00+00:00,4133.02,4139.2,4124.92,4129.67,9212.0
2025-10-23 19:30:00+00:00,4129.98,4138.22,4126.64,4137.63,7365.0
2025-10-23 20:00:00+00:00,4137.799999999999,4143.42,4133.21,4142.67,6565.0
2025-10-23 20:30:00+00:00,4142.84,4142.71,4133.52,4135.97,6340.0
2025-10-23 21:00:00+00:00,4136.16,4138.09,4125.76,4128.5,7073.0
2025-10-23 21:30:00+00:00,4128.68,4128.59,4116.43,4118.21,9533.0
2025-10-23 22:00:00+00:00,4118.379999999999,4119.32,4107.37,4108.38,6537.0
2025-10-23 22:30:00+00:00,4108.65,4126.2,4107.35,4125.9,3934.0
2025-10-24 00:00:00+00:00,4129.07,4132.65,4117.55,4122.04,4074.0
2025-10-24 00:30:00+00:00,4122.219999999999,4122.51,4111.23,4116.02,3534.0
2025-10-24 01:00:00+00:00,4116.26,4119.51,4110.86,4111.87,3353.0
2025-10-24 01:30:00+00:00,4112.07,4122.8,4105.83,4121.63,5427.0
2025-10-24 02:00:00+00:00,4121.799999999999,4132.94,4117.92,4132.72,6465.0
2025-10-24 02:30:00+00:00,4132.860000000001,4133.54,4126.03,4132.53,4627.0
2025-10-24 03:00:00+00:00,4132.67,4144.2,4127.69,4136.53,9066.0
2025-10-24 03:30:00+00:00,4136.530000000001,4137.39,4112.16,4118.74,9363.0
2025-10-24 04:00:00+00:00,4118.96,4118.92,4109.49,4111.75,7484.0
2025-10-24 04:30:00+00:00,4111.8099999999995,4117.26,4109.4,4109.73,6115.0
2025-10-24 05:00:00+00:00,4109.85,4119.75,4107.53,4117.01,6017.0
2025-10-24 05:30:00+00:00,4117.17,4123.42,4113.98,4122.2,4226.0
2025-10-24 06:00:00+00:00,4122.29,4123.18,4104.95,4106.75,5582.0
2025-10-24 06:30:00+00:00,4106.9400000000005,4113.75,4102.84,4111.69,5682.0
2025-10-24 07:00:00+00:00,4111.889999999999,4118.08,4110.53,4112.61,5124.0
2025-10-24 07:30:00+00:00,4112.780000000001,4113.48,4102.88,4104.54,6504.0
2025-10-24 08:00:00+00:00,4104.620000000001,4104.74,4081.53,4089.68,12148.0
2025-10-24 08:30:00+00:00,4089.84,4097.35,4083.48,4092.14,7440.0
2025-10-24 09:00:00+00:00,4092.2799999999997,4095.95,4086.55,4088.37,7682.0
2025-10-24 09:30:00+00:00,4088.5299999999997,4091.17,4069.34,4074.36,10639.0
2025-10-24 10:00:00+00:00,4074.52,4077.69,4047.25,4053.62,13139.0
2025-10-24 10:30:00+00:00,4053.7200000000003,4069.23,4050.01,4065.17,10478.0
2025-10-24 11:00:00+00:00,4065.23,4073.28,4062.24,4069.79,7587.0
2025-10-24 11:30:00+00:00,4070.02,4073.38,4054.34,4060.76,8549.0
2025-10-24 12:00:00+00:00,4060.9,4070.82,4058.39,4059.11,6459.0
2025-10-24 12:30:00+00:00,4059.23,4062.74,4053.46,4054.67,7240.0
2025-10-24 13:00:00+00:00,4054.77,4062.06,4044.01,4056.67,9945.0
2025-10-24 13:30:00+00:00,4056.75,4065.49,4054.71,4061.33,7335.0
2025-10-24 14:00:00+00:00,4061.45,4065.1,4059.82,4061.4,8617.0
2025-10-24 14:30:00+00:00,4061.67,4093.92,4060.56,4081.96,17788.0
2025-10-24 15:00:00+00:00,4082.14,4122.03,4079.08,4114.0,16426.0
2025-10-24 15:30:00+00:00,4114.02,4120.08,4097.8,4106.82,18172.0
2025-10-24 16:00:00+00:00,4106.950000000001,4134.87,4102.24,4123.77,15601.0
2025-10-24 16:30:00+00:00,4123.99,4131.41,4112.26,4117.4,12759.0
2025-10-24 17:00:00+00:00,4117.59,4128.78,4113.23,4125.59,10307.0
2025-10-24 17:30:00+00:00,4125.82,4131.83,4120.76,4130.28,10253.0
2025-10-24 18:00:00+00:00,4130.46,4138.54,4127.25,4136.3,10205.0
2025-10-24 18:30:00+00:00,4136.4400000000005,4137.04,4121.69,4129.2,9059.0
2025-10-24 19:00:00+00:00,4129.360000000001,4134.32,4120.31,4121.03,9334.0
2025-10-24 19:30:00+00:00,4121.219999999999,4124.07,4105.63,4107.53,9588.0
2025-10-24 20:00:00+00:00,4107.84,4110.79,4101.78,4105.9,9599.0
2025-10-24 20:30:00+00:00,4106.030000000001,4113.55,4103.97,4110.32,7746.0
2025-10-24 21:00:00+00:00,4110.389999999999,4117.29,4109.86,4112.95,6755.0
2025-10-24 21:30:00+00:00,4113.129999999999,4113.69,4102.11,4103.89,8121.0
2025-10-24 22:00:00+00:00,4104.0599999999995,4104.07,4096.39,4099.88,4107.0
2025-10-24 22:30:00+00:00,4100.0599999999995,4113.98,4099.55,4113.28,3823.0
2025-10-26 23:00:00+00:00,4077.58,4109.09,4063.72,4091.76,9159.0
2025-10-26 23:30:00+00:00,4091.96,4100.5,4071.64,4081.68,8598.0
2025-10-27 00:00:00+00:00,4081.77,4088.41,4073.39,4074.87,6869.0
2025-10-27 00:30:00+00:00,4074.96,4080.41,4061.83,4064.56,8633.0
2025-10-27 01:00:00+00:00,4064.66,4072.54,4058.09,4067.6,8436.0
2025-10-27 01:30:00+00:00,4067.74,4084.09,4067.26,4081.19,7294.0
2025-10-27 02:00:00+00:00,4081.35,4097.78,4075.21,4093.26,10996.0
2025-10-27 02:30:00+00:00,4093.36,4093.74,4081.17,4081.71,9549.0
2025-10-27 03:00:00+00:00,4081.91,4081.97,4071.05,4072.99,7648.0
2025-10-27 03:30:00+00:00,4073.2200000000003,4079.23,4070.22,4071.48,6962.0
2025-10-27 04:00:00+00:00,4071.61,4079.29,4065.38,4077.24,7028.0
2025-10-27 04:30:00+00:00,4077.38,4081.89,4068.64,4069.41,5361.0
2025-10-27 05:00:00+00:00,4069.52,4069.39,4053.7,4062.57,8125.0
2025-10-27 05:30:00+00:00,4062.75,4071.88,4058.09,4068.74,6605.0
2025-10-27 06:00:00+00:00,4068.87,4084.38,4068.56,4081.76,5121.0
2025-10-27 06:30:00+00:00,4081.88,4083.75,4076.48,4079.56,7514.0
2025-10-27 07:00:00+00:00,4079.7200000000003,4084.54,4077.22,4081.97,7623.0
2025-10-27 07:30:00+00:00,4082.14,4083.45,4073.94,4078.23,6354.0
2025-10-27 08:00:00+00:00,4078.4300000000003,4079.89,4065.91,4068.3,6575.0
2025-10-27 08:30:00+00:00,4068.49,4071.4,4064.06,4068.54,5989.0
2025-10-27 09:00:00+00:00,4068.61,4070.47,4055.94,4058.59,9441.0
2025-10-27 09:30:00+00:00,4058.76,4062.42,4023.27,4043.18,11205.0
2025-10-27 10:00:00+00:00,4043.17,4050.09,4029.95,4037.42,12188.0
2025-10-27 10:30:00+00:00,4037.54,4049.59,4036.62,4039.64,9890.0
2025-10-27 11:00:00+00:00,4039.7799999999997,4047.71,4034.88,4036.01,8618.0
2025-10-27 11:30:00+00:00,4036.24,4045.54,4028.86,4037.36,7848.0
2025-10-27 12:00:00+00:00,4037.4300000000003,4041.32,4021.34,4030.3,9923.0
2025-10-27 12:30:00+00:00,4030.44,4031.95,4015.4,4023.91,10860.0
2025-10-27 13:00:00+00:00,4024.08,4041.74,4022.17,4034.63,11657.0
2025-10-27 13:30:00+00:00,4034.7,4046.34,4030.08,4045.8,9739.0
2025-10-27 14:00:00+00:00,4045.96,4050.21,4031.37,4033.78,10860.0
2025-10-27 14:30:00+00:00,4033.86,4038.99,4013.14,4021.89,19667.0
2025-10-27 15:00:00+00:00,4022.09,4023.17,3985.73,3998.67,23456.0
2025-10-27 15:30:00+00:00,3998.89,3999.95,3982.92,3987.73,17955.0
2025-10-27 16:00:00+00:00,3987.94,3988.23,3971.4,3986.7,17934.0
2025-10-27 16:30:00+00:00,3986.9,3993.68,3979.3,3989.88,12700.0
2025-10-27 17:00:00+00:00,3990.04,3998.03,3986.46,3987.07,9506.0
2025-10-27 17:30:00+00:00,3987.31,4000.44,3984.01,3999.21,8866.0
2025-10-27 18:00:00+00:00,3999.34,4006.02,3990.83,4005.15,9594.0
2025-10-27 18:30:00+00:00,4005.24,4008.78,3998.96,4006.38,8106.0
2025-10-27 19:00:00+00:00,4006.52,4010.09,4002.69,4008.26,6996.0
2025-10-27 19:30:00+00:00,4008.36,4009.49,3997.88,3999.41,8090.0
2025-10-27 20:00:00+00:00,3999.59,4005.64,3988.84,3989.13,9633.0
2025-10-27 20:30:00+00:00,3989.37,3992.37,3985.62,3990.03,9861.0
2025-10-27 21:00:00+00:00,3990.2200000000003,4000.18,3987.38,3999.89,5527.0
2025-10-27 21:30:00+00:00,4000.06,4000.09,3979.0,3981.25,5675.0
2025-10-27 23:00:00+00:00,3985.44,3996.36,3979.93,3992.21,4498.0
2025-10-27 23:30:00+00:00,3992.4300000000003,3993.99,3988.27,3989.71,3096.0
2025-10-28 00:00:00+00:00,3989.77,3995.23,3982.73,3995.18,5017.0
2025-10-28 00:30:00+00:00,3995.31,4004.51,3993.99,3998.41,6087.0
2025-10-28 01:00:00+00:00,3998.48,3998.8,3973.18,3984.34,7537.0
2025-10-28 01:30:00+00:00,3984.4700000000003,4009.67,3983.42,4006.72,7624.0
2025-10-28 02:00:00+00:00,4006.84,4019.7,4004.38,4009.55,10636.0
2025-10-28 02:30:00+00:00,4009.73,4015.51,4004.61,4010.97,8169.0
2025-10-28 03:00:00+00:00,4011.11,4013.96,3997.13,4000.51,7371.0
2025-10-28 03:30:00+00:00,4000.7,4001.92,3980.78,3983.7,9730.0
2025-10-28 04:00:00+00:00,3983.83,3994.33,3983.11,3990.31,6733.0
2025-10-28 04:30:00+00:00,3990.44,3993.56,3985.05,3992.77,4482.0
2025-10-28 05:00:00+00:00,3992.98,3994.11,3963.59,3971.3,7962.0
2025-10-28 05:30:00+00:00,3971.42,3980.42,3966.97,3973.67,7755.0
2025-10-28 06:00:00+00:00,3973.87,3980.09,3968.78,3975.3,6876.0
2025-10-28 06:30:00+00:00,3975.48,3975.79,3958.96,3966.46,9712.0
2025-10-28 07:00:00+00:00,3966.73,3968.56,3951.37,3952.8,7867.0
2025-10-28 07:30:00+00:00,3952.9,3957.24,3938.41,3942.62,9285.0
2025-10-28 08:00:00+00:00,3942.75,3948.46,3930.49,3931.09,10442.0
2025-10-28 08:30:00+00:00,3931.41,3936.16,3921.77,3932.26,9445.0
2025-10-28 09:00:00+00:00,3932.4,3935.8,3910.79,3914.64,12891.0
2025-10-28 09:30:00+00:00,3914.69,3916.72,3896.48,3897.36,12343.0
2025-10-28 10:00:00+00:00,3897.55,3907.86,3886.57,3904.85,13542.0
2025-10-28 10:30:00+00:00,3904.9,3910.8,3897.57,3904.69,8944.0
2025-10-28 11:00:00+00:00,3904.8,3909.23,3899.89,3905.26,8259.0
2025-10-28 11:30:00+00:00,3905.42,3930.8,3904.64,3926.52,11342.0
2025-10-28 12:00:00+00:00,3926.63,3926.98,3910.84,3918.06,10105.0
2025-10-28 12:30:00+00:00,3918.1800000000003,3929.83,3917.55,3923.09,8946.0
2025-10-28 13:00:00+00:00,3923.36,3929.77,3921.7,3921.71,9144.0
2025-10-28 13:30:00+00:00,3921.7200000000003,3926.01,3905.69,3912.77,10854.0
2025-10-28 14:00:00+00:00,3912.95,3933.76,3912.26,3932.48,12562.0
2025-10-28 14:30:00+00:00,3932.5699999999997,3940.42,3914.77,3938.64,16531.0
2025-10-28 15:00:00+00:00,3938.81,3950.11,3934.74,3949.81,12980.0
2025-10-28 15:30:00+00:00,3949.9700000000003,3953.71,3939.44,3949.71,10796.0
2025-10-28 16:00:00+00:00,3949.66,3960.45,3947.17,3958.45,10988.0
2025-10-28 16:30:00+00:00,3958.55,3969.56,3957.51,3964.71,9205.0
2025-10-28 17:00:00+00:00,3964.81,3965.35,3954.7,3963.17,10140.0
2025-10-28 17:30:00+00:00,3963.35,3964.83,3950.92,3958.39,11634.0
2025-10-28 18:00:00+00:00,3958.5299999999997,3970.25,3956.44,3967.23,8740.0
2025-10-28 18:30:00+00:00,3967.44,3969.12,3955.15,3962.38,8983.0
2025-10-28 19:00:00+00:00,3962.49,3964.06,3952.74,3954.7,7100.0
2025-10-28 19:30:00+00:00,3954.8,3957.42,3945.09,3956.46,8826.0
2025-10-28 20:00:00+00:00,3956.66,3958.68,3950.92,3955.63,8044.0
2025-10-28 20:30:00+00:00,3955.79,3962.63,3950.77,3960.1,8279.0
2025-10-28 21:00:00+00:00,3960.2799999999997,3960.88,3949.36,3951.01,4183.0
2025-10-28 21:30:00+00:00,3951.14,3956.17,3949.9,3952.14,3442.0
2025-10-28 23:00:00+00:00,3955.61,3961.34,3914.87,3946.3,6661.0
2025-10-28 23:30:00+00:00,3946.41,3947.47,3933.9,3934.04,5057.0
2025-10-29 00:00:00+00:00,3934.1800000000003,3953.93,3934.0,3950.8,5332.0
2025-10-29 00:30:00+00:00,3950.94,3967.63,3947.17,3964.74,6110.0
2025-10-29 01:00:00+00:00,3964.88,3972.0,3959.24,3970.91,7276.0
2025-10-29 01:30:00+00:00,3971.0299999999997,3982.4,3966.79,3975.28,8622.0
2025-10-29 02:00:00+00:00,3975.46,3979.91,3968.8,3973.05,9675.0
2025-10-29 02:30:00+00:00,3973.19,3977.0,3966.05,3973.64,8253.0
2025-10-29 03:00:00+00:00,3973.75,3974.39,3961.97,3963.34,6540.0
2025-10-29 03:30:00+00:00,3963.51,3964.66,3944.18,3961.09,8883.0
2025-10-29 04:00:00+00:00,3961.29,3970.38,3958.32,3964.67,6921.0
2025-10-29 04:30:00+00:00,3964.81,3972.08,3962.46,3963.29,5296.0
2025-10-29 05:00:00+00:00,3963.45,3964.79,3951.09,3953.43,6389.0
2025-10-29 05:30:00+00:00,3953.5699999999997,3959.94,3951.55,3951.94,5414.0
2025-10-29 06:00:00+00:00,3952.08,3963.27,3950.9,3957.63,6799.0
2025-10-29 06:30:00+00:00,3957.84,3966.18,3954.07,3962.49,7131.0
2025-10-29 07:00:00+00:00,3962.5699999999997,3973.88,3959.74,3970.56,7156.0
2025-10-29 07:30:00+00:00,3970.75,3984.63,3970.26,3978.18,7389.0
2025-10-29 08:00:00+00:00,3978.3199999999997,3998.5,3975.02,3996.5,9370.0
2025-10-29 08:30:00+00:00,3996.7,4001.51,3989.79,4001.51,7539.0
2025-10-29 09:00:00+00:00,4001.7,4011.3,4000.46,4010.26,9402.0
2025-10-29 09:30:00+00:00,4010.44,4018.27,4007.08,4016.64,8310.0
2025-10-29 10:00:00+00:00,4016.76,4021.51,4013.53,4017.11,8017.0
2025-10-29 10:30:00+00:00,4017.23,4029.63,4015.54,4023.99,8249.0
2025-10-29 11:00:00+00:00,4024.26,4029.43,4017.3,4024.65,8753.0
2025-10-29 11:30:00+00:00,4024.71,4029.54,4020.9,4023.38,7412.0
2025-10-29 12:00:00+00:00,4023.52,4028.2,4018.05,4018.45,7391.0
2025-10-29 12:30:00+00:00,4018.59,4020.71,4013.45,4016.46,8541.0
2025-10-29 13:00:00+00:00,4016.66,4030.16,4013.67,4026.13,9960.0
2025-10-29 13:30:00+00:00,4026.3,4028.47,4021.87,4025.33,8490.0
2025-10-29 14:00:00+00:00,4025.46,4025.44,4009.97,4018.59,10853.0
2025-10-29 14:30:00+00:00,4018.8199999999997,4019.28,4002.43,4012.31,14381.0
2025-10-29 15:00:00+00:00,4012.44,4022.53,4011.61,4016.62,11008.0
2025-10-29 15:30:00+00:00,4016.79,4020.83,4007.55,4008.39,10229.0
2025-10-29 16:00:00+00:00,4008.5299999999997,4011.86,4002.01,4006.42,10695.0
2025-10-29 16:30:00+00:00,4006.58,4008.67,3989.27,3992.98,11029.0
2025-10-29 17:00:00+00:00,3993.19,4001.04,3991.35,3998.46,8441.0
2025-10-29 17:30:00+00:00,3998.51,3999.75,3992.21,3992.79,6301.0
2025-10-29 18:00:00+00:00,3992.87,3997.69,3985.83,3986.8,7436.0
2025-10-29 18:30:00+00:00,3986.84,3995.82,3986.07,3994.76,6615.0
2025-10-29 19:00:00+00:00,3994.88,4007.3,3976.51,3981.14,17424.0
2025-10-29 19:30:00+00:00,3981.26,3989.48,3942.77,3969.42,24457.0
2025-10-29 20:00:00+00:00,3969.4700000000003,3979.84,3951.29,3953.4,17876.0
2025-10-29 20:30:00+00:00,3953.6,3954.21,3927.68,3945.53,17392.0
2025-10-29 21:00:00+00:00,3945.67,3953.88,3932.14,3948.51,8696.0
2025-10-29 21:30:00+00:00,3948.7799999999997,3950.1,3928.0,3930.18,5651.0
2025-10-29 23:00:00+00:00,3931.25,3944.7,3916.22,3937.36,6874.0
2025-10-29 23:30:00+00:00,3937.62,3948.37,3931.32,3941.23,6299.0
2025-10-30 00:00:00+00:00,3941.4300000000003,3951.28,3939.54,3950.34,5306.0
2025-10-30 00:30:00+00:00,3950.4700000000003,3953.93,3941.13,3952.73,5530.0
2025-10-30 01:00:00+00:00,3952.79,3964.24,3952.02,3959.34,7621.0
2025-10-30 01:30:00+00:00,3959.7,3959.67,3937.84,3950.25,8304.0
2025-10-30 02:00:00+00:00,3950.38,3966.38,3945.12,3950.18,10973.0
2025-10-30 02:30:00+00:00,3950.2200000000003,3959.7,3945.91,3947.86,8639.0
2025-10-30 03:00:00+00:00,3948.02,3948.08,3926.37,3933.89,9050.0
2025-10-30 03:30:00+00:00,3934.0299999999997,3941.75,3921.86,3922.05,9271.0
2025-10-30 04:00:00+00:00,3922.1800000000003,3934.65,3915.16,3932.85,7807.0
2025-10-30 04:30:00+00:00,3933.08,3938.03,3929.89,3937.86,5111.0
2025-10-30 05:00:00+00:00,3938.09,3959.24,3934.9,3959.24,8341.0
2025-10-30 05:30:00+00:00,3959.38,3982.44,3958.44,3972.62,10446.0
2025-10-30 06:00:00+00:00,3972.7799999999997,3978.23,3948.86,3950.41,9024.0
2025-10-30 06:30:00+00:00,3950.7200000000003,3973.39,3947.24,3963.5,9740.0
2025-10-30 07:00:00+00:00,3963.5699999999997,3970.68,3956.39,3964.93,9517.0
2025-10-30 07:30:00+00:00,3965.0699999999997,3976.9,3956.62,3976.56,8047.0
2025-10-30 08:00:00+00:00,3976.55,3977.08,3960.22,3968.31,8304.0
2025-10-30 08:30:00+00:00,3968.5299999999997,3969.39,3955.83,3961.22,7127.0
2025-10-30 09:00:00+00:00,3961.42,3974.28,3960.19,3972.9,8677.0
2025-10-30 09:30:00+00:00,3973.0299999999997,3976.58,3968.32,3976.36,7554.0
2025-10-30 10:00:00+00:00,3976.5299999999997,4011.58,3976.02,4004.35,11642.0
2025-10-30 10:30:00+00:00,4004.48,4007.12,3992.55,3998.53,9746.0
2025-10-30 11:00:00+00:00,3998.66,4000.93,3982.34,3987.24,8136.0
2025-10-30 11:30:00+00:00,3987.3199999999997,3988.21,3973.6,3984.08,10736.0
2025-10-30 12:00:00+00:00,3984.27,3984.96,3964.07,3966.18,10632.0
2025-10-30 12:30:00+00:00,3966.21,3976.55,3965.25,3974.21,7854.0
2025-10-30 13:00:00+00:00,3974.37,3985.59,3970.85,3970.88,10225.0
2025-10-30 13:30:00+00:00,3971.01,3980.19,3960.98,3961.26,11605.0
2025-10-30 14:00:00+00:00,3961.4,3977.72,3960.04,3969.58,22952.0
2025-10-30 14:30:00+00:00,3969.76,3995.37,3963.17,3995.33,15722.0
2025-10-30 15:00:00+00:00,3995.4700000000003,4014.64,3991.85,3998.23,17364.0
2025-10-30 15:30:00+00:00,3998.4,4002.25,3986.94,3996.32,13562.0
2025-10-30 16:00:00+00:00,3996.44,4003.75,3988.37,3998.79,12390.0
2025-10-30 16:30:00+00:00,3998.91,4008.39,3997.73,4001.79,9482.0
2025-10-30 17:00:00+00:00,4001.8199999999997,4004.09,3991.4,3995.63,9303.0
2025-10-30 17:30:00+00:00,3995.76,4003.0,3994.96,4001.27,7822.0
2025-10-30 18:00:00+00:00,4001.45,4003.84,3994.48,4002.29,7084.0
2025-10-30 18:30:00+00:00,4002.41,4017.81,4001.83,4004.5,8250.0
2025-10-30 19:00:00+00:00,4004.74,4012.9,4000.17,4012.87,7915.0
2025-10-30 19:30:00+00:00,4013.0299999999997,4017.64,4007.39,4016.13,8826.0
2025-10-30 20:00:00+00:00,4016.35,4025.9,4015.43,4020.09,9339.0
2025-10-30 20:30:00+00:00,4020.19,4025.76,4020.03,4023.36,10778.0
2025-10-30 21:00:00+00:00,4023.4700000000003,4027.36,4017.83,4019.0,4680.0
2025-10-30 21:30:00+00:00,4019.3,4027.06,4016.42,4024.09,3599.0
2025-10-30 23:00:00+00:00,4024.46,4025.38,4016.33,4020.57,3195.0
2025-10-30 23:30:00+00:00,4020.7,4045.98,4020.55,4037.93,6227.0
2025-10-31 00:00:00+00:00,4038.06,4038.69,4018.78,4027.95,8005.0
2025-10-31 00:30:00+00:00,4028.11,4042.97,4026.21,4036.7,6815.0
2025-10-31 01:00:00+00:00,4036.86,4036.95,4026.14,4027.43,7397.0
2025-10-31 01:30:00+00:00,4027.55,4031.21,4023.82,4024.93,6974.0
2025-10-31 02:00:00+00:00,4025.16,4039.41,4019.81,4030.67,10324.0
2025-10-31 02:30:00+00:00,4030.84,4030.89,4013.03,4018.88,8972.0
2025-10-31 03:00:00+00:00,4018.89,4019.07,4008.73,4013.23,9190.0
2025-10-31 03:30:00+00:00,4013.45,4017.19,4001.25,4011.05,10406.0
2025-10-31 04:00:00+00:00,4011.19,4013.88,3991.14,4000.36,10279.0
2025-10-31 04:30:00+00:00,4000.64,4003.68,3993.76,3996.34,5494.0
2025-10-31 05:00:00+00:00,3996.52,4000.9,3989.05,4000.79,5558.0
2025-10-31 05:30:00+00:00,4000.9700000000003,4010.52,3998.65,4005.66,6465.0
2025-10-31 06:00:00+00:00,4005.8,4006.14,3994.06,4001.75,6344.0
2025-10-31 06:30:00+00:00,4001.81,4011.07,3998.11,4005.05,9126.0
2025-10-31 07:00:00+00:00,4005.21,4014.82,4002.3,4009.01,8859.0
2025-10-31 07:30:00+00:00,4009.15,4014.41,4005.12,4012.88,7246.0
2025-10-31 08:00:00+00:00,4013.02,4023.23,4007.46,4022.99,8395.0
2025-10-31 08:30:00+00:00,4023.16,4025.33,4012.03,4021.07,7610.0
2025-10-31 09:00:00+00:00,4021.19,4026.66,4018.41,4021.33,7369.0
2025-10-31 09:30:00+00:00,4021.4700000000003,4026.03,4006.67,4010.33,8059.0
2025-10-31 10:00:00+00:00,4010.46,4014.17,3998.62,4002.4,8410.0
2025-10-31 10:30:00+00:00,4002.64,4009.72,4000.06,4008.42,6960.0
2025-10-31 11:00:00+00:00,4008.66,4016.68,4008.27,4013.22,7174.0
2025-10-31 11:30:00+00:00,4013.29,4014.04,4003.42,4007.37,6351.0
2025-10-31 12:00:00+00:00,4007.45,4009.5,4001.64,4005.43,6476.0
2025-10-31 12:30:00+00:00,4005.59,4011.2,4001.97,4010.39,6142.0
2025-10-31 13:00:00+00:00,4010.4700000000003,4025.02,4009.01,4019.43,7374.0
2025-10-31 13:30:00+00:00,4019.52,4036.06,4016.42,4022.98,10644.0
2025-10-31 14:00:00+00:00,4023.12,4035.46,4020.37,4026.55,10574.0
2025-10-31 14:30:00+00:00,4026.63,4028.88,4010.26,4016.56,14347.0
2025-10-31 15:00:00+00:00,4016.7799999999997,4027.15,4014.91,4015.43,11772.0
2025-10-31 15:30:00+00:00,4015.6,4022.42,4010.96,4020.57,9666.0
2025-10-31 16:00:00+00:00,4020.7,4020.8,4009.54,4017.86,10773.0
2025-10-31 16:30:00+00:00,4017.98,4022.91,4011.55,4012.64,10597.0
2025-10-31 17:00:00+00:00,4012.71,4015.05,3972.46,3985.78,18534.0
2025-10-31 17:30:00+00:00,3985.88,3990.08,3978.83,3980.52,12007.0
2025-10-31 18:00:00+00:00,3980.73,3990.45,3980.56,3984.48,10535.0
2025-10-31 18:30:00+00:00,3984.62,4003.65,3980.32,3997.6,9862.0
2025-10-31 19:00:00+00:00,3997.76,4009.91,3995.36,4008.51,8247.0
2025-10-31 19:30:00+00:00,4008.61,4009.06,3999.56,4000.01,6975.0
2025-10-31 20:00:00+00:00,4000.08,4005.57,3991.14,4001.36,8124.0
2025-10-31 20:30:00+00:00,4001.49,4001.97,3994.69,4001.07,7812.0
2025-10-31 21:00:00+00:00,4001.24,4002.42,3996.12,4001.93,3203.0
2025-10-31 21:30:00+00:00,4002.04,4006.61,4001.33,4002.52,3213.0
2025-11-03 00:00:00+00:00,3982.04,3999.07,3981.44,3994.67,4808.0
2025-11-03 00:30:00+00:00,3994.81,3995.75,3977.8,3979.42,5227.0
2025-11-03 01:00:00+00:00,3979.42,3987.7,3962.23,3970.53,7972.0
2025-11-03 01:30:00+00:00,3970.7,3977.45,3963.4,3970.91,7947.0
2025-11-03 02:00:00+00:00,3971.1,3999.48,3965.56,3998.73,12546.0
2025-11-03 02:30:00+00:00,3998.91,4001.73,3990.08,3996.01,8336.0
2025-11-03 03:00:00+00:00,3996.08,4006.51,3990.31,3995.51,7895.0
2025-11-03 03:30:00+00:00,3995.5699999999997,4006.23,3994.9,4003.99,7623.0
2025-11-03 04:00:00+00:00,4004.19,4011.45,4002.33,4006.23,8257.0
2025-11-03 04:30:00+00:00,4006.37,4015.31,4005.56,4011.25,5225.0
2025-11-03 05:00:00+00:00,4011.38,4014.22,4001.7,4005.29,6091.0
2025-11-03 05:30:00+00:00,4005.46,4007.6,4002.54,4003.6,4832.0
2025-11-03 06:00:00+00:00,4003.76,4012.7,3997.51,4011.94,6334.0
2025-11-03 06:30:00+00:00,4012.1,4018.46,4011.29,4013.85,6383.0
2025-11-03 07:00:00+00:00,4014.02,4018.63,4010.21,4016.35,6998.0
2025-11-03 07:30:00+00:00,4016.49,4018.38,4012.95,4017.32,5851.0
2025-11-03 08:00:00+00:00,4017.4,4023.34,4013.57,4019.01,6725.0
2025-11-03 08:30:00+00:00,4019.19,4026.02,4015.82,4025.13,6636.0
2025-11-03 09:00:00+00:00,4025.4300000000003,4027.69,4011.05,4014.42,7585.0
2025-11-03 09:30:00+00:00,4014.6800000000003,4020.5,4012.15,4019.54,8364.0
2025-11-03 10:00:00+00:00,4019.83,4025.9,4005.19,4007.23,8612.0
2025-11-03 10:30:00+00:00,4007.3,4008.08,3992.81,4000.51,10106.0
2025-11-03 11:00:00+00:00,4000.7200000000003,4004.65,3994.41,3997.84,8265.0
2025-11-03 11:30:00+00:00,3997.98,4001.16,3994.4,3998.69,6685.0
2025-11-03 12:00:00+00:00,3998.87,4006.87,3994.42,4006.47,7228.0
2025-11-03 12:30:00+00:00,4006.66,4008.52,4002.99,4007.51,6168.0
2025-11-03 13:00:00+00:00,4007.67,4008.54,4001.87,4005.05,6247.0
2025-11-03 13:30:00+00:00,4005.2200000000003,4013.39,4003.7,4013.21,6961.0
2025-11-03 14:00:00+00:00,4013.35,4019.5,4011.88,4014.33,11291.0
2025-11-03 14:30:00+00:00,4014.49,4020.39,4010.84,4016.01,9594.0
2025-11-03 15:00:00+00:00,4016.17,4020.79,4009.42,4010.12,10132.0
2025-11-03 15:30:00+00:00,4010.24,4026.08,4001.68,4022.63,13485.0
2025-11-03 16:00:00+00:00,4023.7200000000003,4030.53,4008.37,4011.58,16168.0
2025-11-03 16:30:00+00:00,4011.31,4023.64,4003.42,4008.42,14739.0
2025-11-03 17:00:00+00:00,4008.55,4013.36,3995.39,3997.97,12604.0
2025-11-03 17:30:00+00:00,3998.11,4009.63,3995.94,4008.21,9223.0
2025-11-03 18:00:00+00:00,4008.37,4012.05,4003.46,4006.89,8426.0
2025-11-03 18:30:00+00:00,4007.0299999999997,4007.62,4004.39,4006.05,6563.0
2025-11-03 19:00:00+00:00,4006.23,4006.84,3999.47,4001.26,7090.0
2025-11-03 19:30:00+00:00,4001.48,4009.45,4001.03,4006.31,6639.0
2025-11-03 20:00:00+00:00,4006.51,4007.99,3995.35,4003.98,8367.0
2025-11-03 20:30:00+00:00,4004.1,4007.58,3999.65,4004.61,6990.0
2025-11-03 21:00:00+00:00,4004.81,4014.86,4004.63,4011.46,6943.0
2025-11-03 21:30:00+00:00,4011.62,4012.03,4007.09,4010.16,5871.0
2025-11-03 22:00:00+00:00,4010.26,4010.11,4000.96,4001.87,3366.0
2025-11-03 22:30:00+00:00,4001.9700000000003,4002.73,3999.74,4001.29,2152.0
2025-11-04 00:00:00+00:00,4002.0,4005.69,3980.71,3995.83,4918.0
2025-11-04 00:30:00+00:00,3995.94,3999.88,3992.99,3997.24,4601.0
2025-11-04 01:00:00+00:00,3997.5,3999.21,3990.28,3992.99,6548.0
2025-11-04 01:30:00+00:00,3993.2200000000003,3993.83,3978.35,3986.4,10012.0
2025-11-04 02:00:00+00:00,3986.52,3994.55,3980.79,3985.28,11409.0
2025-11-04 02:30:00+00:00,3985.41,3990.17,3979.55,3987.28,8754.0
2025-11-04 03:00:00+00:00,3987.45,3987.3,3975.58,3983.83,8916.0
2025-11-04 03:30:00+00:00,3984.0299999999997,3986.9,3975.98,3986.79,9280.0
2025-11-04 04:00:00+00:00,3986.9300000000003,3993.87,3981.72,3992.89,7162.0
2025-11-04 04:30:00+00:00,3992.9700000000003,3999.29,3990.89,3994.52,7332.0
2025-11-04 05:00:00+00:00,3994.59,3995.12,3987.99,3991.8,5872.0
2025-11-04 05:30:00+00:00,3991.94,3993.31,3983.87,3985.44,6428.0
2025-11-04 06:00:00+00:00,3985.5699999999997,3987.05,3981.19,3982.91,6819.0
2025-11-04 06:30:00+00:00,3983.05,3985.49,3972.71,3973.18,10300.0
2025-11-04 07:00:00+00:00,3973.3199999999997,3976.05,3966.64,3975.48,10272.0
2025-11-04 07:30:00+00:00,3975.6,3988.05,3973.69,3984.98,9217.0
2025-11-04 08:00:00+00:00,3985.19,3996.36,3982.27,3993.91,9772.0
2025-11-04 08:30:00+00:00,3994.05,3996.12,3990.4,3993.89,6324.0
2025-11-04 09:00:00+00:00,3994.14,4000.7,3990.71,3999.9,8818.0
2025-11-04 09:30:00+00:00,4000.01,4000.45,3995.06,3995.96,6808.0
2025-11-04 10:00:00+00:00,3996.09,3997.55,3991.15,3991.89,7115.0
2025-11-04 10:30:00+00:00,3992.0299999999997,3999.38,3990.28,3991.12,7885.0
2025-11-04 11:00:00+00:00,3991.23,3996.78,3985.84,3991.97,8155.0
2025-11-04 11:30:00+00:00,3992.23,3997.56,3990.75,3993.77,6141.0
2025-11-04 12:00:00+00:00,3993.94,3995.67,3991.52,3994.15,4383.0
2025-11-04 12:30:00+00:00,3994.29,3999.92,3991.87,3995.05,6370.0
2025-11-04 13:00:00+00:00,3995.2,3997.5,3989.69,3990.08,6040.0
2025-11-04 13:30:00+00:00,3990.3,3992.34,3983.46,3984.67,7954.0
2025-11-04 14:00:00+00:00,3984.73,3995.89,3982.92,3983.94,10934.0
2025-11-04 14:30:00+00:00,3984.0699999999997,3987.93,3971.97,3975.62,11936.0
2025-11-04 15:00:00+00:00,3975.79,3977.57,3951.02,3951.02,11722.0
2025-11-04 15:30:00+00:00,3951.1800000000003,3959.89,3928.81,3957.04,22704.0
2025-11-04 16:00:00+00:00,3957.17,3958.8,3941.33,3949.02,14444.0
2025-11-04 16:30:00+00:00,3949.1800000000003,3967.84,3948.28,3956.94,8684.0
2025-11-04 17:00:00+00:00,3956.95,3975.53,3956.7,3972.83,11800.0
2025-11-04 17:30:00+00:00,3972.2650000000003,3973.99,3964.09,3968.26,4795.0
2025-11-04 18:00:00+00:00,3968.87,3970.88,3958.68,3959.3,7721.0
2025-11-04 18:30:00+00:00,3959.23,3965.09,3952.35,3955.0,9559.0
2025-11-04 19:00:00+00:00,3955.09,3956.62,3945.71,3950.71,9528.0
2025-11-04 19:30:00+00:00,3950.89,3951.51,3932.16,3937.85,12193.0
2025-11-04 20:00:00+00:00,3938.05,3944.15,3934.61,3941.67,9571.0
2025-11-04 20:30:00+00:00,3941.83,3942.93,3935.66,3937.32,8461.0
2025-11-04 21:00:00+00:00,3937.5299999999997,3939.27,3931.41,3937.4,8613.0
2025-11-04 21:30:00+00:00,3937.58,3942.05,3935.84,3938.63,8830.0
2025-11-04 22:00:00+00:00,3938.8,3938.99,3930.94,3933.87,3558.0
2025-11-04 22:30:00+00:00,3934.05,3934.95,3930.41,3931.83,3000.0
2025-11-05 00:00:00+00:00,3933.0699999999997,3940.27,3931.51,3937.6,3992.0
2025-11-05 00:30:00+00:00,3937.76,3938.5,3930.92,3934.66,5163.0
2025-11-05 01:00:00+00:00,3934.8199999999997,3942.81,3932.97,3938.56,7214.0
2025-11-05 01:30:00+00:00,3938.7200000000003,3939.8,3929.35,3939.8,8903.0
2025-11-05 02:00:00+00:00,3940.0299999999997,3948.49,3937.2,3946.13,10376.0
2025-11-05 02:30:00+00:00,3946.29,3949.39,3934.39,3936.9,9563.0
2025-11-05 03:00:00+00:00,3937.04,3945.05,3935.36,3937.98,7613.0
2025-11-05 03:30:00+00:00,3938.14,3950.93,3937.94,3948.45,8214.0
2025-11-05 04:00:00+00:00,3948.59,3956.07,3947.47,3953.05,6239.0
2025-11-05 04:30:00+00:00,3953.21,3965.15,3951.91,3960.79,5638.0
2025-11-05 05:00:00+00:00,3960.79,3964.73,3959.72,3963.5,4533.0
2025-11-05 05:30:00+00:00,3963.71,3973.66,3963.5,3970.25,5973.0
2025-11-05 06:00:00+00:00,3970.41,3978.55,3967.04,3975.82,5445.0
2025-11-05 06:30:00+00:00,3975.84,3976.01,3961.92,3964.87,7825.0
2025-11-05 07:00:00+00:00,3965.1,3970.26,3961.86,3967.38,7248.0
2025-11-05 07:30:00+00:00,3967.49,3973.58,3965.15,3966.33,6615.0
2025-11-05 08:00:00+00:00,3966.35,3969.4,3963.63,3965.98,6849.0
2025-11-05 08:30:00+00:00,3966.08,3974.78,3965.24,3972.55,5670.0
2025-11-05 09:00:00+00:00,3972.75,3987.03,3972.6,3979.91,9170.0
2025-11-05 09:30:00+00:00,3980.04,3985.92,3979.39,3979.84,6097.0
2025-11-05 10:00:00+00:00,3979.98,3981.16,3963.65,3965.09,7578.0
2025-11-05 10:30:00+00:00,3965.25,3972.55,3963.55,3971.68,5647.0
2025-11-05 11:00:00+00:00,3971.8,3971.67,3955.98,3964.45,7475.0
2025-11-05 11:30:00+00:00,3964.59,3970.05,3960.29,3964.32,6021.0
2025-11-05 12:00:00+00:00,3964.5299999999997,3968.77,3957.45,3958.13,5707.0
2025-11-05 12:30:00+00:00,3958.27,3968.13,3957.56,3966.82,6520.0
2025-11-05 13:00:00+00:00,3966.92,3969.79,3962.17,3967.43,6321.0
2025-11-05 13:30:00+00:00,3967.5299999999997,3969.49,3963.07,3969.49,5376.0
2025-11-05 14:00:00+00:00,3969.6800000000003,3977.42,3964.8,3976.06,8946.0
2025-11-05 14:30:00+00:00,3976.23,3979.36,3970.8,3975.75,8879.0
2025-11-05 15:00:00+00:00,3975.94,3985.25,3973.71,3983.91,7809.0
2025-11-05 15:30:00+00:00,3984.08,3985.49,3969.42,3973.27,14090.0
2025-11-05 16:00:00+00:00,3973.1,3980.07,3963.97,3979.24,14875.0
2025-11-05 16:30:00+00:00,3979.38,3984.4,3977.2,3978.15,9588.0
2025-11-05 17:00:00+00:00,3978.33,3981.93,3974.88,3981.26,8677.0
2025-11-05 17:30:00+00:00,3981.48,3990.41,3977.55,3986.81,9153.0
2025-11-05 18:00:00+00:00,3986.9,3989.51,3978.63,3982.22,7106.0
2025-11-05 18:30:00+00:00,3982.39,3984.21,3979.6,3982.18,5878.0
2025-11-05 19:00:00+00:00,3982.34,3985.92,3979.49,3983.51,5802.0
2025-11-05 19:30:00+00:00,3983.81,3984.96,3978.96,3982.35,5338.0
2025-11-05 20:00:00+00:00,3982.51,3985.83,3979.15,3984.16,5362.0
2025-11-05 20:30:00+00:00,3984.2799999999997,3988.77,3982.96,3987.69,4974.0
2025-11-05 21:00:00+00:00,3987.92,3990.14,3985.55,3985.55,5456.0
2025-11-05 21:30:00+00:00,3985.71,3988.15,3981.51,3984.25,6187.0
2025-11-05 22:00:00+00:00,3984.4300000000003,3984.86,3981.54,3982.1,2873.0
2025-11-05 22:30:00+00:00,3982.27,3983.34,3977.77,3979.14,1818.0
2025-11-06 00:00:00+00:00,3977.46,3980.11,3966.5,3970.17,7442.0
2025-11-06 00:30:00+00:00,3970.4,3977.4,3970.25,3973.5,3574.0
2025-11-06 01:00:00+00:00,3973.67,3975.29,3970.36,3973.5,4467.0
2025-11-06 01:30:00+00:00,3973.74,3976.03,3969.4,3976.03,6125.0
2025-11-06 02:00:00+00:00,3976.26,3977.21,3964.48,3969.05,8641.0
2025-11-06 02:30:00+00:00,3969.16,3976.61,3967.52,3976.53,6328.0
2025-11-06 03:00:00+00:00,3976.69,3979.58,3974.07,3977.94,5253.0
2025-11-06 03:30:00+00:00,3978.08,3985.15,3977.93,3983.31,6283.0
2025-11-06 04:00:00+00:00,3983.59,3986.95,3979.43,3986.12,5319.0
2025-11-06 04:30:00+00:00,3986.2799999999997,3990.34,3985.37,3987.51,4156.0
2025-11-06 05:00:00+00:00,3987.71,3987.97,3984.55,3986.66,3418.0
2025-11-06 05:30:00+00:00,3986.8199999999997,3989.73,3985.11,3988.7,3676.0
2025-11-06 06:00:00+00:00,3988.75,3990.67,3986.06,3990.14,4074.0
2025-11-06 06:30:00+00:00,3990.24,3990.4,3985.84,3987.73,6296.0
2025-11-06 07:00:00+00:00,3987.9,3989.69,3984.98,3987.06,5910.0
2025-11-06 07:30:00+00:00,3987.19,3992.87,3982.17,3991.59,5724.0
2025-11-06 08:00:00+00:00,3991.73,4009.16,3991.09,4003.98,8472.0
2025-11-06 08:30:00+00:00,4004.11,4009.36,4003.82,4005.72,5604.0
2025-11-06 09:00:00+00:00,4005.89,4016.01,4004.68,4015.65,7716.0
2025-11-06 09:30:00+00:00,4015.79,4016.73,4010.14,4014.82,6131.0
2025-11-06 10:00:00+00:00,4014.96,4015.17,4010.77,4012.71,5973.0
2025-11-06 10:30:00+00:00,4012.8,4013.22,4009.18,4010.95,4793.0
2025-11-06 11:00:00+00:00,4011.15,4011.08,4005.22,4005.91,5449.0
2025-11-06 11:30:00+00:00,4005.96,4009.35,4004.4,4008.24,5157.0
2025-11-06 12:00:00+00:00,4008.4,4011.18,4007.09,4009.32,4921.0
2025-11-06 12:30:00+00:00,4009.42,4019.34,4009.27,4018.14,5943.0
2025-11-06 13:00:00+00:00,4018.24,4019.49,4010.98,4011.6,5951.0
2025-11-06 13:30:00+00:00,4011.88,4012.98,4003.07,4005.23,5603.0
2025-11-06 14:00:00+00:00,4005.46,4015.93,4003.65,4013.32,8407.0
2025-11-06 14:30:00+00:00,4013.48,4016.06,4010.69,4012.03,7000.0
2025-11-06 15:00:00+00:00,4012.2,4013.83,3988.7,3991.73,10939.0
2025-11-06 15:30:00+00:00,3991.85,4003.0,3990.57,3993.39,13782.0
2025-11-06 16:00:00+00:00,3993.46,3993.44,3978.14,3986.59,16152.0
2025-11-06 16:30:00+00:00,3986.7200000000003,3987.16,3975.26,3980.15,13083.0
2025-11-06 17:00:00+00:00,3980.39,3986.15,3976.64,3983.7,11120.0
2025-11-06 17:30:00+00:00,3983.77,3984.5,3976.31,3980.84,9268.0
2025-11-06 18:00:00+00:00,3981.14,3985.4,3965.67,3969.59,11274.0
2025-11-06 18:30:00+00:00,3969.77,3988.14,3967.8,3986.21,9589.0
2025-11-06 19:00:00+00:00,3986.38,3989.54,3980.33,3983.13,8460.0
2025-11-06 19:30:00+00:00,3983.17,3990.84,3983.02,3987.65,6986.0
2025-11-06 20:00:00+00:00,3987.89,3995.19,3986.62,3992.31,6664.0
2025-11-06 20:30:00+00:00,3992.41,3992.67,3983.15,3985.26,7210.0
2025-11-06 21:00:00+00:00,3985.2799999999997,3987.11,3982.01,3982.53,6071.0
2025-11-06 21:30:00+00:00,3982.73,3986.75,3979.31,3980.59,12239.0
2025-11-06 22:00:00+00:00,3980.76,3982.21,3977.91,3980.57,6680.0
2025-11-06 22:30:00+00:00,3980.69,3981.17,3976.61,3976.89,2954.0
2025-11-07 00:00:00+00:00,3975.89,3985.17,3971.27,3983.45,2629.0
2025-11-07 00:30:00+00:00,3983.61,3989.62,3981.83,3989.11,3574.0
2025-11-07 01:00:00+00:00,3989.17,3992.55,3984.48,3991.56,4178.0
2025-11-07 01:30:00+00:00,3991.7200000000003,3994.31,3987.81,3988.52,4730.0
2025-11-07 02:00:00+00:00,3988.6800000000003,4001.57,3987.27,3997.41,7905.0
2025-11-07 02:30:00+00:00,3997.65,4002.71,3994.78,4001.68,5362.0
2025-11-07 03:00:00+00:00,4001.9300000000003,4003.26,3994.09,3995.55,5156.0
2025-11-07 03:30:00+00:00,3995.69,3998.57,3991.59,3995.29,5716.0
2025-11-07 04:00:00+00:00,3995.37,3996.39,3988.25,3992.46,5030.0
2025-11-07 04:30:00+00:00,3992.5699999999997,3995.21,3989.62,3990.39,3902.0
2025-11-07 05:00:00+00:00,3990.52,3997.98,3985.43,3996.36,5167.0
2025-11-07 05:30:00+00:00,3996.5299999999997,3998.55,3993.47,3998.35,3506.0
2025-11-07 06:00:00+00:00,3998.59,3998.77,3991.9,3994.07,4097.0
2025-11-07 06:30:00+00:00,3994.24,3997.75,3993.44,3995.11,5985.0
2025-11-07 07:00:00+00:00,3995.24,3999.91,3992.3,3998.03,5113.0
2025-11-07 07:30:00+00:00,3998.15,4008.36,3996.32,4006.69,5490.0
2025-11-07 08:00:00+00:00,4006.88,4009.7,4003.16,4003.55,5956.0
2025-11-07 08:30:00+00:00,4003.69,4008.05,4002.97,4007.68,4293.0
2025-11-07 09:00:00+00:00,4007.84,4010.37,4004.04,4005.5,5487.0
2025-11-07 09:30:00+00:00,4005.64,4010.34,4003.56,4009.68,5207.0
2025-11-07 10:00:00+00:00,4009.89,4014.09,4008.18,4010.08,5472.0
2025-11-07 10:30:00+00:00,4010.24,4011.31,4004.13,4006.46,5683.0
2025-11-07 11:00:00+00:00,4006.71,4009.32,4002.97,4005.91,5879.0
2025-11-07 11:30:00+00:00,4006.04,4009.09,4003.08,4007.83,5058.0
2025-11-07 12:00:00+00:00,4007.96,4011.96,3998.31,3999.15,7312.0
2025-11-07 12:30:00+00:00,3999.31,4004.3,3993.62,4002.82,7591.0
2025-11-07 13:00:00+00:00,4003.01,4008.39,3998.23,3998.24,6577.0
2025-11-07 13:30:00+00:00,3998.38,3999.32,3991.45,3995.81,7460.0
2025-11-07 14:00:00+00:00,3995.9700000000003,4001.88,3992.19,3997.04,8489.0
2025-11-07 14:30:00+00:00,3997.11,3999.92,3991.58,3997.62,7983.0
2025-11-07 15:00:00+00:00,3997.76,4007.27,3995.26,4000.36,7377.0
2025-11-07 15:30:00+00:00,4000.48,4000.33,3984.33,3993.21,15408.0
2025-11-07 16:00:00+00:00,3993.48,3999.19,3987.73,3993.14,12430.0
2025-11-07 16:30:00+00:00,3993.3,3995.46,3984.0,3990.86,9835.0
2025-11-07 17:00:00+00:00,3991.1,4009.41,3989.92,4007.9,10056.0
2025-11-07 17:30:00+00:00,4008.08,4027.33,4006.15,4007.75,15059.0
2025-11-07 18:00:00+00:00,4007.75,4009.86,3992.46,3997.71,14938.0
2025-11-07 18:30:00+00:00,3997.7799999999997,4006.38,3993.82,4005.33,9770.0
2025-11-07 19:00:00+00:00,4005.58,4008.96,3999.54,4002.7,8410.0
2025-11-07 19:30:00+00:00,4002.87,4007.41,4001.75,4005.46,7357.0
2025-11-07 20:00:00+00:00,4005.66,4008.93,4003.36,4006.41,6617.0
2025-11-07 20:30:00+00:00,4006.58,4008.18,4001.69,4006.8,7758.0
2025-11-07 21:00:00+00:00,4006.9300000000003,4006.96,3994.44,3998.34,7741.0
2025-11-07 21:30:00+00:00,3998.5299999999997,4005.84,3997.19,4003.99,8769.0
2025-11-07 22:00:00+00:00,4004.11,4005.01,4001.06,4001.89,2012.0
2025-11-07 22:30:00+00:00,4002.05,4002.25,3998.41,4001.02,1979.0
2025-11-10 00:00:00+00:00,4000.61,4011.82,3997.81,4008.42,5360.0
2025-11-10 00:30:00+00:00,4008.64,4012.04,4004.16,4011.77,5082.0
2025-11-10 01:00:00+00:00,4011.9,4017.08,4011.08,4016.36,6008.0
2025-11-10 01:30:00+00:00,4016.5299999999997,4023.69,4011.24,4020.27,7413.0
2025-11-10 02:00:00+00:00,4020.45,4052.04,4018.99,4047.92,12809.0
2025-11-10 02:30:00+00:00,4048.04,4053.01,4041.51,4043.96,11709.0
2025-11-10 03:00:00+00:00,4044.1800000000003,4047.78,4037.81,4040.99,8411.0
2025-11-10 03:30:00+00:00,4041.13,4048.97,4038.4,4048.1,7249.0
2025-11-10 04:00:00+00:00,4048.24,4051.76,4044.9,4050.62,5107.0
2025-11-10 04:30:00+00:00,4050.7799999999997,4052.76,4047.28,4050.19,5285.0
2025-11-10 05:00:00+00:00,4050.35,4056.75,4050.03,4053.81,6038.0
2025-11-10 05:30:00+00:00,4053.9700000000003,4055.36,4049.78,4054.09,4907.0
2025-11-10 06:00:00+00:00,4054.26,4055.96,4050.1,4055.29,4465.0
2025-11-10 06:30:00+00:00,4055.4700000000003,4069.76,4054.87,4069.41,7769.0
2025-11-10 07:00:00+00:00,4069.5699999999997,4073.68,4066.89,4072.91,6193.0
2025-11-10 07:30:00+00:00,4073.04,4078.36,4069.98,4074.91,7384.0
2025-11-10 08:00:00+00:00,4074.99,4078.91,4072.2,4075.41,6381.0
2025-11-10 08:30:00+00:00,4075.5699999999997,4078.76,4073.92,4075.14,6063.0
2025-11-10 09:00:00+00:00,4075.41,4083.29,4074.81,4080.22,8750.0
2025-11-10 09:30:00+00:00,4080.35,4085.04,4078.12,4082.17,8318.0
2025-11-10 10:00:00+00:00,4082.29,4083.36,4071.48,4079.84,8697.0
2025-11-10 10:30:00+00:00,4080.0,4086.19,4075.75,4076.47,7012.0
2025-11-10 11:00:00+00:00,4076.6,4082.66,4076.45,4077.65,5173.0
2025-11-10 11:30:00+00:00,4077.64,4083.38,4076.01,4080.84,6497.0
2025-11-10 12:00:00+00:00,4081.05,4082.26,4075.83,4078.95,6150.0
2025-11-10 12:30:00+00:00,4079.09,4085.3,4078.67,4085.24,4836.0
2025-11-10 13:00:00+00:00,4085.4,4095.63,4084.29,4094.15,9149.0
2025-11-10 13:30:00+00:00,4094.3199999999997,4099.78,4093.53,4097.51,7568.0
2025-11-10 14:00:00+00:00,4097.639999999999,4106.11,4096.92,4101.96,13850.0
2025-11-10 14:30:00+00:00,4102.120000000001,4103.27,4090.2,4091.67,12234.0
2025-11-10 15:00:00+00:00,4091.84,4094.04,4081.99,4086.21,23170.0
2025-11-10 15:30:00+00:00,4086.3199999999997,4086.86,4074.56,4083.55,16794.0
2025-11-10 16:00:00+00:00,4083.66,4094.25,4083.51,4089.15,13354.0
2025-11-10 16:30:00+00:00,4089.29,4089.37,4077.74,4084.21,13112.0
2025-11-10 17:00:00+00:00,4084.34,4093.2,4081.9,4092.98,8927.0
2025-11-10 17:30:00+00:00,4093.15,4095.79,4088.67,4094.88,8471.0
2025-11-10 18:00:00+00:00,4095.0699999999997,4098.27,4093.44,4096.86,7405.0
2025-11-10 18:30:00+00:00,4096.96,4102.53,4093.85,4102.45,7322.0
2025-11-10 19:00:00+00:00,4102.59,4114.47,4101.53,4114.07,8440.0
2025-11-10 19:30:00+00:00,4114.24,4115.66,4105.66,4110.04,7782.0
2025-11-10 20:00:00+00:00,4110.200000000001,4115.4,4107.8,4114.32,6980.0
2025-11-10 20:30:00+00:00,4114.49,4114.57,4109.42,4113.08,6338.0
2025-11-10 21:00:00+00:00,4113.24,4114.41,4106.66,4111.31,7241.0
2025-11-10 21:30:00+00:00,4111.4400000000005,4113.21,4108.0,4111.52,7998.0
2025-11-10 22:00:00+00:00,4111.799999999999,4114.73,4110.48,4112.43,2398.0
2025-11-10 22:30:00+00:00,4112.54,4116.61,4111.57,4115.71,1768.0
2025-11-11 00:00:00+00:00,4115.49,4120.55,4114.34,4120.31,4327.0
2025-11-11 00:30:00+00:00,4120.59,4122.61,4117.08,4119.89,4368.0
2025-11-11 01:00:00+00:00,4120.0599999999995,4125.96,4116.11,4124.92,5147.0
2025-11-11 01:30:00+00:00,4125.0599999999995,4133.6,4124.78,4130.78,7153.0
2025-11-11 02:00:00+00:00,4130.92,4137.86,4127.99,4137.27,10231.0
2025-11-11 02:30:00+00:00,4137.4,4141.17,4130.51,4136.2,9976.0
2025-11-11 03:00:00+00:00,4136.34,4137.45,4130.36,4134.08,6909.0
2025-11-11 03:30:00+00:00,4134.26,4139.49,4129.51,4137.88,8071.0
2025-11-11 04:00:00+00:00,4137.969999999999,4145.62,4137.07,4144.24,6059.0
2025-11-11 04:30:00+00:00,4144.280000000001,4147.96,4143.34,4146.8,5146.0
2025-11-11 05:00:00+00:00,4146.91,4148.9,4142.26,4144.05,4166.0
2025-11-11 05:30:00+00:00,4144.219999999999,4146.29,4141.89,4143.08,5006.0
2025-11-11 06:00:00+00:00,4143.25,4144.42,4134.91,4135.99,7642.0
2025-11-11 06:30:00+00:00,4136.129999999999,4136.86,4124.62,4130.92,8907.0
2025-11-11 07:00:00+00:00,4131.04,4137.76,4126.7,4137.65,5961.0
2025-11-11 07:30:00+00:00,4137.79,4137.69,4127.25,4129.84,8235.0
2025-11-11 08:00:00+00:00,4129.950000000001,4133.1,4126.08,4131.17,7570.0
2025-11-11 08:30:00+00:00,4131.280000000001,4132.79,4124.94,4129.56,6902.0
2025-11-11 09:00:00+00:00,4129.629999999999,4137.61,4128.74,4134.59,7681.0
2025-11-11 09:30:00+00:00,4134.73,4137.27,4129.01,4135.57,7156.0
2025-11-11 10:00:00+00:00,4135.76,4144.3,4134.4,4143.65,6482.0
2025-11-11 10:30:00+00:00,4143.8099999999995,4145.78,4141.66,4141.67,4382.0
2025-11-11 11:00:00+00:00,4141.83,4143.98,4137.55,4141.94,5015.0
2025-11-11 11:30:00+00:00,4142.1,4143.98,4136.8,4141.75,6169.0
2025-11-11 12:00:00+00:00,4141.9400000000005,4143.68,4139.11,4141.26,5383.0
2025-11-11 12:30:00+00:00,4141.4,4144.38,4139.19,4142.76,5366.0
2025-11-11 13:00:00+00:00,4142.92,4143.83,4136.61,4138.92,6200.0
2025-11-11 13:30:00+00:00,4139.08,4141.66,4133.09,4134.32,6167.0
2025-11-11 14:00:00+00:00,4134.530000000001,4143.6,4133.81,4141.42,8540.0
2025-11-11 14:30:00+00:00,4141.530000000001,4146.53,4139.19,4142.47,7513.0
2025-11-11 15:00:00+00:00,4142.629999999999,4143.13,4128.46,4130.21,10064.0
2025-11-11 15:30:00+00:00,4130.34,4134.63,4119.94,4125.0,15720.0
2025-11-11 16:00:00+00:00,4125.1,4126.04,4097.01,4101.36,16333.0
2025-11-11 16:30:00+00:00,4101.5599999999995,4112.21,4097.1,4106.54,13871.0
2025-11-11 17:00:00+00:00,4106.66,4114.88,4105.39,4109.28,9788.0
2025-11-11 17:30:00+00:00,4109.450000000001,4115.76,4105.03,4113.17,8944.0
2025-11-11 18:00:00+00:00,4113.29,4117.69,4111.59,4114.3,7862.0
2025-11-11 18:30:00+00:00,4114.469999999999,4116.28,4110.46,4114.26,6571.0
2025-11-11 19:00:00+00:00,4114.46,4116.2,4109.19,4110.34,7675.0
2025-11-11 19:30:00+00:00,4110.54,4114.77,4106.62,4113.74,6915.0
2025-11-11 20:00:00+00:00,4113.91,4118.91,4111.92,4117.53,5979.0
2025-11-11 20:30:00+00:00,4117.6900000000005,4125.88,4117.44,4122.96,6527.0
2025-11-11 21:00:00+00:00,4123.17,4128.63,4122.36,4125.61,6875.0
2025-11-11 21:30:00+00:00,4125.73,4131.84,4124.32,4129.54,6722.0
2025-11-11 22:00:00+00:00,4129.67,4131.38,4127.26,4128.81,2333.0
2025-11-11 22:30:00+00:00,4128.9400000000005,4129.26,4125.6,4126.78,2099.0
2025-11-12 00:00:00+00:00,4127.469999999999,4139.22,4125.99,4138.29,5264.0
2025-11-12 00:30:00+00:00,4138.450000000001,4144.59,4136.07,4142.57,6501.0
2025-11-12 01:00:00+00:00,4142.71,4145.34,4139.0,4141.55,5453.0
2025-11-12 01:30:00+00:00,4141.67,4144.19,4132.14,4132.97,7191.0
2025-11-12 02:00:00+00:00,4133.15,4137.25,4127.63,4130.86,11916.0
2025-11-12 02:30:00+00:00,4130.969999999999,4135.67,4126.44,4131.5,9431.0
2025-11-12 03:00:00+00:00,4131.57,4135.35,4130.63,4131.53,5657.0
2025-11-12 03:30:00+00:00,4131.719999999999,4131.62,4118.79,4123.93,9149.0
2025-11-12 04:00:00+00:00,4124.09,4125.31,4116.74,4119.4,7937.0
2025-11-12 04:30:00+00:00,4119.58,4121.49,4111.7,4111.88,6009.0
2025-11-12 05:00:00+00:00,4112.0,4113.04,4103.69,4111.39,8577.0
2025-11-12 05:30:00+00:00,4111.51,4112.32,4105.55,4110.39,5113.0
2025-11-12 06:00:00+00:00,4110.57,4110.87,4105.03,4105.35,5640.0
2025-11-12 06:30:00+00:00,4105.49,4107.82,4098.84,4104.71,9759.0
2025-11-12 07:00:00+00:00,4104.780000000001,4115.88,4103.16,4114.9,8877.0
2025-11-12 07:30:00+00:00,4115.0599999999995,4118.94,4111.96,4118.44,9358.0
2025-11-12 08:00:00+00:00,4118.549999999999,4125.16,4115.38,4123.83,7252.0
2025-11-12 08:30:00+00:00,4124.0,4123.98,4113.28,4116.89,7737.0
2025-11-12 09:00:00+00:00,4117.030000000001,4130.28,4112.12,4128.04,9296.0
2025-11-12 09:30:00+00:00,4128.18,4132.73,4126.22,4131.18,7141.0
2025-11-12 10:00:00+00:00,4131.3099999999995,4133.53,4124.81,4127.12,6898.0
2025-11-12 10:30:00+00:00,4127.219999999999,4129.56,4120.55,4124.57,9055.0
2025-11-12 11:00:00+00:00,4124.71,4128.33,4120.14,4120.65,7301.0
2025-11-12 11:30:00+00:00,4120.8099999999995,4129.18,4117.99,4127.66,7619.0
2025-11-12 12:00:00+00:00,4127.76,4131.02,4123.0,4124.17,5231.0
2025-11-12 12:30:00+00:00,4124.29,4128.85,4123.48,4126.06,7339.0
2025-11-12 13:00:00+00:00,4126.120000000001,4137.64,4124.84,4136.29,8268.0
2025-11-12 13:30:00+00:00,4136.43,4139.36,4129.81,4130.11,7626.0
2025-11-12 14:00:00+00:00,4130.3099999999995,4131.34,4122.6,4127.49,12636.0
2025-11-12 14:30:00+00:00,4127.66,4132.41,4124.3,4126.93,9131.0
2025-11-12 15:00:00+00:00,4127.09,4137.89,4126.67,4131.69,21410.0
2025-11-12 15:30:00+00:00,4131.77,4140.02,4124.91,4136.63,16870.0
2025-11-12 16:00:00+00:00,4136.79,4172.54,4134.57,4166.58,19241.0
2025-11-12 16:30:00+00:00,4166.700000000001,4185.45,4166.13,4181.35,18724.0
2025-11-12 17:00:00+00:00,4181.48,4189.39,4180.06,4186.81,15282.0
2025-11-12 17:30:00+00:00,4187.02,4197.81,4186.16,4196.37,15621.0
2025-11-12 18:00:00+00:00,4196.57,4202.44,4192.22,4196.42,14388.0
2025-11-12 18:30:00+00:00,4196.549999999999,4206.53,4195.56,4199.44,11781.0
2025-11-12 19:00:00+00:00,4199.629999999999,4211.56,4190.59,4206.66,15059.0
2025-11-12 19:30:00+00:00,4206.889999999999,4210.51,4205.92,4206.8,8854.0
2025-11-12 20:00:00+00:00,4206.9400000000005,4209.97,4192.16,4194.11,11431.0
2025-11-12 20:30:00+00:00,4194.280000000001,4200.39,4194.03,4197.33,8769.0
2025-11-12 21:00:00+00:00,4197.450000000001,4199.58,4190.57,4195.43,10037.0
2025-11-12 21:30:00+00:00,4195.57,4199.33,4191.87,4195.86,8641.0
2025-11-12 22:00:00+00:00,4195.9400000000005,4198.34,4190.94,4197.55,3845.0
2025-11-12 22:30:00+00:00,4197.799999999999,4202.11,4193.98,4194.85,3343.0
2025-11-13 00:00:00+00:00,4202.0599999999995,4207.99,4193.97,4196.06,7784.0
2025-11-13 00:30:00+00:00,4196.25,4196.26,4187.18,4190.98,5939.0
2025-11-13 01:00:00+00:00,4191.049999999999,4194.13,4185.85,4192.76,7420.0
2025-11-13 01:30:00+00:00,4192.93,4208.89,4192.65,4205.87,10319.0
2025-11-13 02:00:00+00:00,4206.04,4209.17,4179.86,4187.98,14517.0
2025-11-13 02:30:00+00:00,4188.18,4193.83,4180.39,4192.22,12085.0
2025-11-13 03:00:00+00:00,4192.33,4195.84,4185.88,4187.72,10739.0
2025-11-13 03:30:00+00:00,4187.76,4194.54,4183.38,4190.09,10123.0
2025-11-13 04:00:00+00:00,4190.299999999999,4205.63,4190.07,4200.78,9060.0
2025-11-13 04:30:00+00:00,4200.870000000001,4213.2,4200.35,4212.92,7013.0
2025-11-13 05:00:00+00:00,4213.01,4219.37,4206.73,4209.59,6720.0
2025-11-13 05:30:00+00:00,4209.6900000000005,4210.54,4203.4,4209.18,7258.0
2025-11-13 06:00:00+00:00,4209.299999999999,4217.66,4207.24,4212.45,7419.0
2025-11-13 06:30:00+00:00,4212.629999999999,4217.01,4207.86,4212.12,11519.0
2025-11-13 07:00:00+00:00,4212.200000000001,4212.15,4203.2,4209.08,8958.0
2025-11-13 07:30:00+00:00,4209.27,4211.85,4205.02,4210.25,6379.0
2025-11-13 08:00:00+00:00,4210.4400000000005,4218.16,4208.29,4216.25,6702.0
2025-11-13 08:30:00+00:00,4216.46,4219.97,4212.42,4219.95,7995.0
2025-11-13 09:00:00+00:00,4220.09,4237.97,4219.04,4237.26,11197.0
2025-11-13 09:30:00+00:00,4237.42,4239.34,4232.25,4232.67,8330.0
2025-11-13 10:00:00+00:00,4232.799999999999,4239.43,4226.69,4226.91,8747.0
2025-11-13 10:30:00+00:00,4227.04,4233.7,4224.95,4233.08,8189.0
2025-11-13 11:00:00+00:00,4233.219999999999,4240.09,4231.7,4234.94,6803.0
2025-11-13 11:30:00+00:00,4235.1,4236.27,4221.73,4225.47,8972.0
2025-11-13 12:00:00+00:00,4225.65,4231.49,4219.29,4222.93,8477.0
2025-11-13 12:30:00+00:00,4223.27,4232.22,4221.74,4230.53,7217.0
2025-11-13 13:00:00+00:00,4230.65,4237.05,4230.07,4233.2,7436.0
2025-11-13 13:30:00+00:00,4233.360000000001,4244.91,4232.26,4242.5,7732.0
2025-11-13 14:00:00+00:00,4242.58,4243.8,4225.88,4235.21,14531.0
2025-11-13 14:30:00+00:00,4235.389999999999,4236.04,4220.38,4231.78,12420.0
2025-11-13 15:00:00+00:00,4231.889999999999,4232.33,4207.58,4211.18,15110.0
2025-11-13 15:30:00+00:00,4211.26,4219.97,4184.38,4195.36,23081.0
2025-11-13 16:00:00+00:00,4195.5,4204.94,4189.04,4194.87,18140.0
2025-11-13 16:30:00+00:00,4195.01,4203.22,4186.67,4202.51,15227.0
2025-11-13 17:00:00+00:00,4202.65,4210.95,4202.26,4206.28,12815.0
2025-11-13 17:30:00+00:00,4206.469999999999,4208.72,4195.69,4206.61,14418.0
2025-11-13 18:00:00+00:00,4206.82,4208.24,4193.14,4202.54,13277.0
2025-11-13 18:30:00+00:00,4202.73,4206.67,4196.42,4201.71,11971.0
2025-11-13 19:00:00+00:00,4201.889999999999,4203.21,4187.57,4190.38,10960.0
2025-11-13 19:30:00+00:00,4190.52,4190.78,4145.15,4157.85,26414.0
2025-11-13 20:00:00+00:00,4157.99,4160.94,4145.53,4159.83,14500.0
2025-11-13 20:30:00+00:00,4159.93,4170.49,4158.16,4163.78,10626.0
2025-11-13 21:00:00+00:00,4163.969999999999,4170.4,4160.35,4169.19,10496.0
2025-11-13 21:30:00+00:00,4169.42,4170.57,4160.76,4163.9,9301.0
2025-11-13 22:00:00+00:00,4163.92,4181.11,4161.03,4174.11,4948.0
2025-11-13 22:30:00+00:00,4174.24,4175.92,4169.39,4171.38,3297.0
2025-11-14 00:00:00+00:00,4171.389999999999,4184.49,4169.9,4179.26,5928.0
2025-11-14 00:30:00+00:00,4179.42,4186.54,4176.8,4185.88,5722.0
2025-11-14 01:00:00+00:00,4186.0599999999995,4189.87,4179.2,4188.32,6008.0
2025-11-14 01:30:00+00:00,4188.48,4189.74,4178.2,4183.8,7864.0
2025-11-14 02:00:00+00:00,4183.91,4189.06,4174.18,4174.75,12272.0
2025-11-14 02:30:00+00:00,4174.91,4193.92,4173.82,4190.0,9923.0
2025-11-14 03:00:00+00:00,4190.21,4202.22,4188.5,4199.51,9562.0
2025-11-14 03:30:00+00:00,4199.65,4210.22,4199.04,4207.04,9330.0
2025-11-14 04:00:00+00:00,4207.200000000001,4210.92,4203.33,4210.73,7634.0
2025-11-14 04:30:00+00:00,4210.860000000001,4211.24,4201.36,4204.39,6290.0
2025-11-14 05:00:00+00:00,4204.57,4205.74,4196.9,4197.61,6169.0
2025-11-14 05:30:00+00:00,4197.68,4204.04,4197.14,4203.17,5708.0
2025-11-14 06:00:00+00:00,4203.41,4203.58,4183.95,4188.2,8773.0
2025-11-14 06:30:00+00:00,4188.3099999999995,4196.53,4185.47,4189.89,9561.0
2025-11-14 07:00:00+00:00,4189.9,4193.24,4173.55,4178.19,10259.0
2025-11-14 07:30:00+00:00,4178.32,4183.97,4169.55,4175.04,9654.0
2025-11-14 08:00:00+00:00,4175.26,4177.23,4159.04,4163.35,11635.0
2025-11-14 08:30:00+00:00,4163.620000000001,4182.3,4162.76,4181.01,8325.0
2025-11-14 09:00:00+00:00,4181.139999999999,4184.05,4173.02,4176.94,10690.0
2025-11-14 09:30:00+00:00,4177.02,4186.9,4169.94,4175.86,11293.0
2025-11-14 10:00:00+00:00,4176.07,4180.44,4167.97,4170.1,10875.0
2025-11-14 10:30:00+00:00,4170.27,4171.64,4166.68,4169.27,7227.0
2025-11-14 11:00:00+00:00,4169.43,4170.53,4162.56,4165.12,8014.0
2025-11-14 11:30:00+00:00,4165.17,4170.94,4159.38,4167.77,7317.0
2025-11-14 12:00:00+00:00,4167.9400000000005,4169.8,4141.94,4148.63,11232.0
2025-11-14 12:30:00+00:00,4148.84,4157.86,4130.8,4132.77,12122.0
2025-11-14 13:00:00+00:00,4132.84,4140.44,4111.06,4113.26,17148.0
2025-11-14 13:30:00+00:00,4113.4,4119.56,4107.35,4115.95,15652.0
2025-11-14 14:00:00+00:00,4116.18,4118.89,4053.71,4055.56,23877.0
2025-11-14 14:30:00+00:00,4055.77,4063.46,4041.24,4055.72,21781.0
2025-11-14 15:00:00+00:00,4055.88,4060.24,4037.39,4053.29,18020.0
2025-11-14 15:30:00+00:00,4053.34,4083.83,4031.99,4082.68,45586.0
2025-11-14 16:00:00+00:00,4082.76,4082.61,4068.29,4080.88,18407.0
2025-11-14 16:30:00+00:00,4080.95,4096.37,4071.92,4093.48,17171.0
2025-11-14 17:00:00+00:00,4093.64,4103.24,4080.98,4102.19,13839.0
2025-11-14 17:30:00+00:00,4102.389999999999,4111.07,4096.39,4105.02,13622.0
2025-11-14 18:00:00+00:00,4105.1900000000005,4110.5,4093.91,4098.65,13100.0
2025-11-14 18:30:00+00:00,4098.82,4110.24,4096.12,4099.85,12653.0
2025-11-14 19:00:00+00:00,4100.049999999999,4100.24,4081.07,4093.01,15492.0
2025-11-14 19:30:00+00:00,4093.1800000000003,4103.61,4090.77,4097.98,9536.0
2025-11-14 20:00:00+00:00,4098.04,4099.99,4089.77,4093.51,8707.0
2025-11-14 20:30:00+00:00,4093.6800000000003,4095.62,4087.81,4089.95,8137.0
2025-11-14 21:00:00+00:00,4090.12,4092.34,4075.39,4083.55,10317.0
2025-11-14 21:30:00+00:00,4083.69,4092.21,4081.73,4087.12,9305.0
2025-11-14 22:00:00+00:00,4087.2,4087.05,4078.88,4082.74,3641.0
2025-11-14 22:30:00+00:00,4082.88,4086.12,4077.7,4084.93,3089.0
2025-11-17 00:00:00+00:00,4086.91,4106.71,4071.32,4103.9,7859.0
2025-11-17 00:30:00+00:00,4104.08,4106.24,4093.66,4096.32,6771.0
2025-11-17 01:00:00+00:00,4096.4400000000005,4098.2,4080.35,4086.07,8676.0
2025-11-17 01:30:00+00:00,4086.45,4091.99,4081.46,4083.12,7930.0
2025-11-17 02:00:00+00:00,4083.25,4096.77,4082.48,4095.85,11700.0
2025-11-17 02:30:00+00:00,4095.98,4101.92,4090.08,4091.16,9230.0
2025-11-17 03:00:00+00:00,4091.25,4092.42,4083.52,4091.71,9016.0
2025-11-17 03:30:00+00:00,4091.9,4093.58,4080.6,4081.76,9488.0
2025-11-17 04:00:00+00:00,4081.84,4085.53,4069.93,4080.05,10510.0
2025-11-17 04:30:00+00:00,4080.23,4085.23,4077.81,4082.99,6104.0
2025-11-17 05:00:00+00:00,4083.2799999999997,4087.9,4081.03,4083.15,5343.0
2025-11-17 05:30:00+00:00,4083.38,4085.14,4076.84,4078.53,4482.0
2025-11-17 06:00:00+00:00,4078.69,4078.68,4058.65,4064.3,7755.0
2025-11-17 06:30:00+00:00,4064.4300000000003,4064.71,4049.65,4058.22,10003.0
2025-11-17 07:00:00+00:00,4058.38,4066.37,4054.69,4062.95,8949.0
2025-11-17 07:30:00+00:00,4063.0699999999997,4071.74,4062.45,4066.02,7575.0
2025-11-17 08:00:00+00:00,4066.08,4079.48,4065.15,4078.67,6820.0
2025-11-17 08:30:00+00:00,4078.73,4089.16,4077.07,4088.16,5511.0
2025-11-17 09:00:00+00:00,4088.35,4096.0,4079.03,4081.08,8368.0
2025-11-17 09:30:00+00:00,4081.2,4083.89,4072.06,4077.32,8136.0
2025-11-17 10:00:00+00:00,4077.52,4085.08,4072.11,4083.46,7326.0
2025-11-17 10:30:00+00:00,4083.5699999999997,4088.73,4079.06,4081.96,6892.0
2025-11-17 11:00:00+00:00,4082.0699999999997,4089.38,4081.1,4084.43,6559.0
2025-11-17 11:30:00+00:00,4084.4700000000003,4086.4,4068.44,4070.21,7978.0
2025-11-17 12:00:00+00:00,4070.38,4073.72,4061.1,4065.7,7971.0
2025-11-17 12:30:00+00:00,4065.84,4085.77,4064.48,4078.36,9211.0
2025-11-17 13:00:00+00:00,4078.55,4080.21,4074.58,4078.19,6897.0
2025-11-17 13:30:00+00:00,4078.42,4085.2,4074.94,4077.08,6864.0
2025-11-17 14:00:00+00:00,4077.21,4092.15,4075.02,4076.37,11232.0
2025-11-17 14:30:00+00:00,4076.63,4079.42,4060.67,4065.27,11903.0
2025-11-17 15:00:00+00:00,4065.4300000000003,4074.43,4060.57,4066.43,10076.0
2025-11-17 15:30:00+00:00,4066.6,4081.85,4065.52,4076.25,17596.0
2025-11-17 16:00:00+00:00,4076.3,4077.46,4060.86,4072.42,16092.0
2025-11-17 16:30:00+00:00,4072.5299999999997,4077.34,4063.46,4064.17,12335.0
2025-11-17 17:00:00+00:00,4064.26,4068.76,4052.3,4068.76,12386.0
2025-11-17 17:30:00+00:00,4068.9,4073.59,4065.16,4069.98,9814.0
2025-11-17 18:00:00+00:00,4070.2,4080.63,4069.63,4077.34,8720.0
2025-11-17 18:30:00+00:00,4077.4300000000003,4081.0,4071.36,4073.37,8898.0
2025-11-17 19:00:00+00:00,4073.34,4076.02,4067.63,4072.94,9272.0
2025-11-17 19:30:00+00:00,4073.0699999999997,4072.92,4062.18,4062.56,8396.0
2025-11-17 20:00:00+00:00,4062.69,4064.97,4053.36,4056.49,10369.0
2025-11-17 20:30:00+00:00,4056.62,4058.44,4010.78,4010.95,20695.0
2025-11-17 21:00:00+00:00,4011.17,4027.84,4006.7,4026.89,14624.0
2025-11-17 21:30:00+00:00,4027.05,4043.91,4025.14,4040.89,10612.0
2025-11-17 22:00:00+00:00,4041.02,4045.85,4038.78,4043.61,3598.0
2025-11-17 22:30:00+00:00,4043.83,4046.12,4042.66,4045.48,2373.0
2025-11-18 00:00:00+00:00,4044.9700000000003,4055.44,4044.37,4047.97,4717.0
2025-11-18 00:30:00+00:00,4048.13,4049.55,4028.57,4036.7,9730.0
2025-11-18 01:00:00+00:00,4036.86,4040.3,4027.14,4030.41,9443.0
2025-11-18 01:30:00+00:00,4030.55,4041.15,4028.8,4040.06,7821.0
2025-11-18 02:00:00+00:00,4040.34,4045.11,4034.8,4040.18,11132.0
2025-11-18 02:30:00+00:00,4040.34,4041.27,4022.36,4024.88,10058.0
2025-11-18 03:00:00+00:00,4025.02,4034.44,4019.37,4030.61,8285.0
2025-11-18 03:30:00+00:00,4030.77,4035.8,4015.29,4017.64,9701.0
2025-11-18 04:00:00+00:00,4017.76,4019.6,4008.38,4012.73,9180.0
2025-11-18 04:30:00+00:00,4012.86,4026.19,4011.05,4013.05,8737.0
2025-11-18 05:00:00+00:00,4013.25,4018.11,4004.83,4017.63,9671.0
2025-11-18 05:30:00+00:00,4017.84,4017.83,4007.54,4010.4,7856.0
2025-11-18 06:00:00+00:00,4010.54,4021.69,4008.27,4016.8,7456.0
2025-11-18 06:30:00+00:00,4016.84,4025.06,4015.64,4018.86,8533.0
2025-11-18 07:00:00+00:00,4019.04,4020.39,4008.36,4013.9,8874.0
2025-11-18 07:30:00+00:00,4013.99,4015.55,4007.61,4008.91,7711.0
2025-11-18 08:00:00+00:00,4009.04,4010.73,4002.28,4002.34,7996.0
2025-11-18 08:30:00+00:00,4002.4700000000003,4017.3,3997.95,4013.58,8773.0
2025-11-18 09:00:00+00:00,4013.84,4026.86,4010.67,4022.13,9081.0
2025-11-18 09:30:00+00:00,4022.26,4042.71,4021.53,4036.74,9889.0
2025-11-18 10:00:00+00:00,4036.8,4039.88,4030.43,4034.75,8010.0
2025-11-18 10:30:00+00:00,4034.75,4046.98,4030.11,4040.14,7970.0
2025-11-18 11:00:00+00:00,4040.3,4044.8,4037.49,4038.43,7561.0
2025-11-18 11:30:00+00:00,4038.5699999999997,4050.36,4037.48,4044.17,7372.0
2025-11-18 12:00:00+00:00,4044.35,4049.09,4042.62,4048.44,5569.0
2025-11-18 12:30:00+00:00,4048.58,4050.27,4036.99,4039.33,6095.0
2025-11-18 13:00:00+00:00,4039.41,4045.04,4032.19,4032.96,8247.0
2025-11-18 13:30:00+00:00,4033.1,4039.82,4029.18,4032.25,8496.0
2025-11-18 14:00:00+00:00,4032.58,4052.89,4030.95,4048.89,12806.0
2025-11-18 14:30:00+00:00,4048.95,4070.2,4047.78,4065.14,13228.0
2025-11-18 15:00:00+00:00,4065.27,4080.37,4063.39,4074.7,12088.0
2025-11-18 15:30:00+00:00,4074.8,4081.65,4058.23,4065.63,20814.0
2025-11-18 16:00:00+00:00,4065.6800000000003,4067.96,4053.28,4064.82,20435.0
2025-11-18 16:30:00+00:00,4064.94,4072.18,4049.13,4052.81,16202.0
2025-11-18 17:00:00+00:00,4052.9700000000003,4065.3,4040.34,4064.73,16430.0
2025-11-18 17:30:00+00:00,4064.96,4069.19,4057.9,4066.78,10359.0
2025-11-18 18:00:00+00:00,4066.91,4070.56,4059.32,4061.42,9353.0
2025-11-18 18:30:00+00:00,4061.62,4075.88,4060.48,4071.48,9968.0
2025-11-18 19:00:00+00:00,4071.5699999999997,4074.59,4063.14,4065.68,9292.0
2025-11-18 19:30:00+00:00,4065.88,4074.44,4063.62,4072.57,8720.0
2025-11-18 20:00:00+00:00,4072.83,4080.8,4072.58,4075.53,8320.0
2025-11-18 20:30:00+00:00,4075.73,4081.8,4073.63,4081.08,8182.0
2025-11-18 21:00:00+00:00,4081.3199999999997,4082.09,4069.35,4072.18,9359.0
2025-11-18 21:30:00+00:00,4072.34,4073.53,4067.33,4069.46,8705.0
2025-11-18 22:00:00+00:00,4069.64,4072.28,4064.81,4065.73,3230.0
2025-11-18 22:30:00+00:00,4065.91,4068.4,4065.2,4067.36,2315.0
2025-11-19 00:00:00+00:00,4067.9700000000003,4073.6,4065.89,4071.14,3411.0
2025-11-19 00:30:00+00:00,4071.2799999999997,4077.78,4067.9,4076.7,4987.0
2025-11-19 01:00:00+00:00,4076.84,4078.36,4070.98,4074.81,6026.0
2025-11-19 01:30:00+00:00,4074.9700000000003,4077.42,4067.54,4069.36,7395.0
2025-11-19 02:00:00+00:00,4069.48,4070.18,4060.93,4067.79,10915.0
2025-11-19 02:30:00+00:00,4067.92,4070.34,4056.42,4059.08,8774.0
2025-11-19 03:00:00+00:00,4059.24,4064.93,4055.62,4064.31,8187.0
2025-11-19 03:30:00+00:00,4064.51,4080.5,4064.11,4075.57,9537.0
2025-11-19 04:00:00+00:00,4075.6800000000003,4078.54,4069.61,4071.8,8003.0
2025-11-19 04:30:00+00:00,4071.9300000000003,4076.14,4066.03,4066.83,6287.0
2025-11-19 05:00:00+00:00,4066.96,4075.68,4064.41,4074.26,5795.0
2025-11-19 05:30:00+00:00,4074.39,4076.83,4072.43,4075.2,5042.0
2025-11-19 06:00:00+00:00,4075.36,4092.1,4074.27,4088.74,7891.0
2025-11-19 06:30:00+00:00,4088.88,4097.44,4087.96,4095.43,10445.0
2025-11-19 07:00:00+00:00,4095.59,4098.52,4089.04,4092.1,9011.0
2025-11-19 07:30:00+00:00,4092.2,4095.16,4089.41,4090.95,7273.0
2025-11-19 08:00:00+00:00,4090.9700000000003,4092.72,4084.76,4088.5,6407.0
2025-11-19 08:30:00+00:00,4088.59,4096.81,4086.16,4086.81,6758.0
2025-11-19 09:00:00+00:00,4086.92,4088.6,4078.27,4087.87,8659.0
2025-11-19 09:30:00+00:00,4088.01,4088.5,4080.23,4083.26,8472.0
2025-11-19 10:00:00+00:00,4083.4,4091.98,4081.02,4091.06,9091.0
2025-11-19 10:30:00+00:00,4091.1800000000003,4116.11,4087.72,4113.23,10340.0
2025-11-19 11:00:00+00:00,4113.389999999999,4118.9,4109.11,4112.18,10735.0
2025-11-19 11:30:00+00:00,4112.299999999999,4114.68,4107.03,4108.96,8137.0
2025-11-19 12:00:00+00:00,4109.25,4117.5,4106.45,4114.26,7373.0
2025-11-19 12:30:00+00:00,4114.389999999999,4116.8,4109.92,4112.78,6476.0
2025-11-19 13:00:00+00:00,4112.950000000001,4119.65,4112.13,4117.04,6821.0
2025-11-19 13:30:00+00:00,4117.200000000001,4119.69,4112.17,4114.43,6588.0
2025-11-19 14:00:00+00:00,4114.620000000001,4115.08,4100.59,4109.26,13237.0
2025-11-19 14:30:00+00:00,4109.389999999999,4117.75,4106.19,4110.49,11121.0
2025-11-19 15:00:00+00:00,4110.67,4118.67,4106.01,4106.65,10225.0
2025-11-19 15:30:00+00:00,4106.85,4128.89,4102.0,4127.84,17505.0
2025-11-19 16:00:00+00:00,4127.93,4132.73,4115.63,4116.24,15704.0
2025-11-19 16:30:00+00:00,4116.370000000001,4121.07,4090.2,4096.58,18346.0
2025-11-19 17:00:00+00:00,4096.719999999999,4098.7,4071.53,4074.27,19072.0
2025-11-19 17:30:00+00:00,4074.4,4079.19,4067.61,4074.62,17643.0
2025-11-19 18:00:00+00:00,4074.76,4076.36,4055.42,4072.06,17808.0
2025-11-19 18:30:00+00:00,4072.2799999999997,4081.35,4063.01,4078.85,14842.0
2025-11-19 19:00:00+00:00,4078.99,4086.49,4078.56,4081.69,11438.0
2025-11-19 19:30:00+00:00,4081.79,4091.35,4075.69,4087.0,12244.0
2025-11-19 20:00:00+00:00,4087.21,4087.11,4069.17,4071.63,13928.0
2025-11-19 20:30:00+00:00,4071.8,4077.39,4069.05,4073.56,10787.0
2025-11-19 21:00:00+00:00,4073.51,4082.04,4072.16,4079.23,8816.0
2025-11-19 21:30:00+00:00,4079.31,4080.47,4072.19,4076.24,9136.0
2025-11-19 22:00:00+00:00,4076.34,4077.19,4065.55,4076.57,5867.0
2025-11-19 22:30:00+00:00,4076.7,4084.62,4076.13,4077.77,4531.0
2025-11-20 00:00:00+00:00,4080.73,4090.98,4079.3,4088.06,4542.0
2025-11-20 00:30:00+00:00,4088.14,4108.07,4085.82,4104.51,6842.0
2025-11-20 01:00:00+00:00,4104.5599999999995,4110.0,4103.37,4105.68,6396.0
2025-11-20 01:30:00+00:00,4105.84,4108.83,4100.39,4103.04,6806.0
2025-11-20 02:00:00+00:00,4103.16,4109.26,4092.44,4094.36,10776.0
2025-11-20 02:30:00+00:00,4094.48,4098.21,4080.94,4081.31,10264.0
2025-11-20 03:00:00+00:00,4081.45,4081.63,4040.24,4055.2,15686.0
2025-11-20 03:30:00+00:00,4055.37,4070.14,4053.28,4066.95,9015.0
2025-11-20 04:00:00+00:00,4067.06,4085.4,4066.29,4076.02,9709.0
2025-11-20 04:30:00+00:00,4076.1800000000003,4076.62,4064.75,4072.29,7701.0
2025-11-20 05:00:00+00:00,4072.4700000000003,4080.08,4068.38,4078.2,5747.0
2025-11-20 05:30:00+00:00,4078.37,4080.49,4073.41,4075.61,4149.0
2025-11-20 06:00:00+00:00,4075.7200000000003,4075.98,4068.05,4069.55,6593.0
2025-11-20 06:30:00+00:00,4069.49,4072.26,4064.4,4066.58,8272.0
2025-11-20 07:00:00+00:00,4066.69,4077.62,4058.5,4062.91,10099.0
2025-11-20 07:30:00+00:00,4063.0699999999997,4072.06,4061.49,4068.31,8710.0
2025-11-20 08:00:00+00:00,4068.42,4076.5,4060.21,4062.78,8355.0
2025-11-20 08:30:00+00:00,4062.88,4068.06,4054.0,4059.86,8160.0
2025-11-20 09:00:00+00:00,4059.89,4063.0,4038.78,4045.81,13504.0
2025-11-20 09:30:00+00:00,4046.01,4069.44,4043.76,4063.51,12300.0
2025-11-20 10:00:00+00:00,4063.55,4072.73,4058.62,4059.01,10957.0
2025-11-20 10:30:00+00:00,4059.14,4068.82,4055.62,4064.09,8793.0
2025-11-20 11:00:00+00:00,4064.29,4068.18,4058.11,4061.46,7116.0
2025-11-20 11:30:00+00:00,4061.54,4066.78,4058.16,4059.93,6697.0
2025-11-20 12:00:00+00:00,4059.96,4061.02,4051.2,4056.49,7049.0
2025-11-20 12:30:00+00:00,4056.6,4068.16,4054.46,4060.48,7434.0
2025-11-20 13:00:00+00:00,4060.8,4079.17,4060.05,4073.18,8211.0
2025-11-20 13:30:00+00:00,4073.42,4081.98,4072.88,4081.74,7985.0
2025-11-20 14:00:00+00:00,4081.9700000000003,4094.21,4081.22,4085.74,13274.0
2025-11-20 14:30:00+00:00,4085.98,4096.14,4066.94,4080.15,21559.0
2025-11-20 15:00:00+00:00,4080.34,4088.43,4072.12,4080.49,14888.0
2025-11-20 15:30:00+00:00,4080.54,4107.12,4074.29,4093.3,21299.0
2025-11-20 16:00:00+00:00,4093.36,4098.7,4082.49,4095.29,17586.0
2025-11-20 16:30:00+00:00,4095.56,4096.09,4070.18,4070.25,14876.0
2025-11-20 17:00:00+00:00,4070.3199999999997,4082.61,4062.66,4065.34,16909.0
2025-11-20 17:30:00+00:00,4065.45,4068.01,4044.76,4048.84,19395.0
2025-11-20 18:00:00+00:00,4048.9300000000003,4061.15,4043.8,4056.09,22667.0
2025-11-20 18:30:00+00:00,4056.21,4068.41,4049.3,4066.0,16636.0
2025-11-20 19:00:00+00:00,4066.12,4072.56,4056.24,4060.3,15195.0
2025-11-20 19:30:00+00:00,4060.49,4067.11,4056.64,4060.53,12882.0
2025-11-20 20:00:00+00:00,4060.67,4087.13,4058.92,4084.23,13643.0
2025-11-20 20:30:00+00:00,4084.36,4087.16,4079.39,4084.53,10737.0
2025-11-20 21:00:00+00:00,4084.71,4085.07,4074.01,4077.26,10169.0
2025-11-20 21:30:00+00:00,4077.4300000000003,4080.05,4073.28,4077.06,9985.0
2025-11-20 22:00:00+00:00,4077.31,4080.9,4074.17,4078.93,3895.0
2025-11-20 22:30:00+00:00,4079.0699999999997,4080.14,4076.39,4076.93,2218.0
2025-11-21 00:00:00+00:00,4076.59,4086.01,4072.94,4080.97,4471.0
2025-11-21 00:30:00+00:00,4081.1800000000003,4088.85,4074.37,4079.09,5925.0
2025-11-21 01:00:00+00:00,4079.27,4081.14,4071.66,4075.07,4931.0
2025-11-21 01:30:00+00:00,4075.15,4080.01,4071.45,4073.76,6474.0
2025-11-21 02:00:00+00:00,4073.86,4073.71,4061.4,4061.71,11402.0
2025-11-21 02:30:00+00:00,4061.9,4074.39,4060.46,4068.39,9049.0
2025-11-21 03:00:00+00:00,4068.49,4075.66,4066.15,4073.4,7577.0
2025-11-21 03:30:00+00:00,4073.65,4079.84,4056.5,4057.27,9495.0
2025-11-21 04:00:00+00:00,4057.37,4059.17,4049.29,4052.39,9667.0
2025-11-21 04:30:00+00:00,4052.55,4059.27,4050.63,4056.12,7400.0
2025-11-21 05:00:00+00:00,4056.24,4062.32,4052.77,4059.77,6793.0
2025-11-21 05:30:00+00:00,4059.9300000000003,4060.44,4047.7,4052.06,6031.0
2025-11-21 06:00:00+00:00,4052.2200000000003,4057.22,4051.41,4052.78,6373.0
2025-11-21 06:30:00+00:00,4052.86,4059.66,4039.74,4058.56,11752.0
2025-11-21 07:00:00+00:00,4058.7,4064.81,4030.67,4031.83,12195.0
2025-11-21 07:30:00+00:00,4031.91,4040.32,4029.29,4032.9,11846.0
2025-11-21 08:00:00+00:00,4032.9700000000003,4037.59,4024.78,4037.45,12182.0
2025-11-21 08:30:00+00:00,4037.58,4039.68,4028.77,4031.6,9732.0
2025-11-21 09:00:00+00:00,4031.67,4048.09,4022.42,4042.64,15568.0
2025-11-21 09:30:00+00:00,4042.67,4047.48,4038.6,4040.95,10516.0
2025-11-21 10:00:00+00:00,4041.04,4063.39,4040.17,4056.55,11077.0
2025-11-21 10:30:00+00:00,4056.58,4060.79,4048.18,4050.55,10300.0
2025-11-21 11:00:00+00:00,4050.63,4052.66,4032.91,4032.91,14602.0
2025-11-21 11:30:00+00:00,4033.0299999999997,4041.81,4032.45,4037.17,11985.0
2025-11-21 12:00:00+00:00,4037.31,4046.8,4035.58,4039.38,10519.0
2025-11-21 12:30:00+00:00,4039.54,4041.03,4030.91,4036.61,9460.0
2025-11-21 13:00:00+00:00,4036.66,4050.37,4034.75,4044.99,11726.0
2025-11-21 13:30:00+00:00,4045.0699999999997,4071.68,4043.73,4065.82,20217.0
2025-11-21 14:00:00+00:00,4065.98,4070.66,4059.19,4067.42,15654.0
2025-11-21 14:30:00+00:00,4067.55,4081.14,4066.15,4079.49,13624.0
2025-11-21 15:00:00+00:00,4079.65,4083.83,4064.1,4066.48,14608.0
2025-11-21 15:30:00+00:00,4066.67,4075.28,4061.56,4071.63,20794.0
2025-11-21 16:00:00+00:00,4071.66,4076.64,4066.38,4068.97,17273.0
2025-11-21 16:30:00+00:00,4069.04,4071.89,4054.93,4069.61,15774.0
2025-11-21 17:00:00+00:00,4069.64,4072.16,4062.92,4070.21,28900.0
2025-11-21 17:30:00+00:00,4070.24,4100.62,4069.68,4099.85,15482.0
2025-11-21 18:00:00+00:00,4099.99,4101.07,4079.03,4081.45,14996.0
2025-11-21 18:30:00+00:00,4081.62,4088.57,4079.29,4085.46,10576.0
2025-11-21 19:00:00+00:00,4085.55,4087.34,4079.15,4079.9,9908.0
2025-11-21 19:30:00+00:00,4079.9700000000003,4088.3,4076.35,4082.81,10568.0
2025-11-21 20:00:00+00:00,4082.91,4092.17,4082.65,4090.47,8462.0
2025-11-21 20:30:00+00:00,4090.66,4092.08,4084.39,4087.53,7755.0
2025-11-21 21:00:00+00:00,4087.69,4088.67,4068.1,4069.4,10861.0
2025-11-21 21:30:00+00:00,4069.51,4069.87,4055.13,4067.21,14639.0
2025-11-21 22:00:00+00:00,4067.33,4069.16,4054.48,4062.3,4622.0
2025-11-21 22:30:00+00:00,4062.39,4067.31,4061.83,4065.02,3255.0
2025-11-24 00:00:00+00:00,4068.95,4077.62,4065.85,4070.65,5917.0
2025-11-24 00:30:00+00:00,4070.7799999999997,4076.66,4065.71,4075.09,6439.0
2025-11-24 01:00:00+00:00,4075.17,4076.08,4058.3,4062.81,5941.0
2025-11-24 01:30:00+00:00,4062.9300000000003,4068.0,4061.88,4067.49,6089.0
2025-11-24 02:00:00+00:00,4067.66,4073.17,4050.09,4055.31,13015.0
2025-11-24 02:30:00+00:00,4055.48,4056.4,4042.61,4044.09,10377.0
2025-11-24 03:00:00+00:00,4044.19,4048.71,4043.36,4047.92,7396.0
2025-11-24 03:30:00+00:00,4048.11,4051.53,4040.54,4043.53,8508.0
2025-11-24 04:00:00+00:00,4043.69,4050.8,4043.54,4048.8,7047.0
2025-11-24 04:30:00+00:00,4049.0,4058.08,4048.29,4050.31,7291.0
2025-11-24 05:00:00+00:00,4050.5699999999997,4061.11,4048.43,4050.96,7152.0
2025-11-24 05:30:00+00:00,4051.14,4052.39,4042.23,4043.95,7159.0
2025-11-24 06:00:00+00:00,4044.12,4047.93,4039.89,4047.11,6829.0
2025-11-24 06:30:00+00:00,4047.27,4049.36,4041.27,4046.26,9377.0
2025-11-24 07:00:00+00:00,4046.36,4056.42,4045.36,4052.79,8917.0
2025-11-24 07:30:00+00:00,4053.0,4058.01,4052.19,4053.27,7913.0
2025-11-24 08:00:00+00:00,4053.41,4057.38,4051.42,4052.54,8684.0
2025-11-24 08:30:00+00:00,4052.66,4067.58,4052.38,4059.92,9205.0
2025-11-24 09:00:00+00:00,4060.04,4066.15,4059.55,4062.9,8748.0
2025-11-24 09:30:00+00:00,4062.96,4066.93,4059.97,4063.3,7319.0
2025-11-24 10:00:00+00:00,4063.4,4074.11,4062.97,4068.58,9533.0
2025-11-24 10:30:00+00:00,4068.71,4072.75,4065.5,4071.99,8373.0
2025-11-24 11:00:00+00:00,4072.2,4076.93,4068.33,4070.3,7716.0
2025-11-24 11:30:00+00:00,4070.46,4071.04,4063.38,4063.92,6838.0
2025-11-24 12:00:00+00:00,4064.08,4070.52,4063.04,4070.25,5672.0
2025-11-24 12:30:00+00:00,4070.38,4071.53,4067.05,4069.85,6490.0
2025-11-24 13:00:00+00:00,4070.01,4074.21,4065.71,4070.71,6813.0
2025-11-24 13:30:00+00:00,4070.87,4083.99,4070.55,4080.34,7699.0
2025-11-24 14:00:00+00:00,4080.5299999999997,4084.82,4075.85,4080.45,9157.0
2025-11-24 14:30:00+00:00,4080.5699999999997,4085.8,4073.62,4077.63,8402.0
2025-11-24 15:00:00+00:00,4077.71,4083.03,4073.85,4075.5,8534.0
2025-11-24 15:30:00+00:00,4075.67,4086.04,4068.32,4081.23,15864.0
2025-11-24 16:00:00+00:00,4081.49,4093.77,4081.26,4088.06,13500.0
2025-11-24 16:30:00+00:00,4088.23,4093.55,4086.98,4091.7,9954.0
2025-11-24 17:00:00+00:00,4091.92,4095.48,4089.68,4092.37,8536.0
2025-11-24 17:30:00+00:00,4092.54,4098.96,4091.97,4097.21,8126.0
2025-11-24 18:00:00+00:00,4097.370000000001,4099.66,4088.78,4093.22,8102.0
2025-11-24 18:30:00+00:00,4093.38,4100.26,4092.46,4093.05,7340.0
2025-11-24 19:00:00+00:00,4093.06,4095.64,4088.03,4095.54,7092.0
2025-11-24 19:30:00+00:00,4095.71,4125.93,4095.56,4120.43,12590.0
2025-11-24 20:00:00+00:00,4120.6,4124.05,4114.88,4118.98,9307.0
2025-11-24 20:30:00+00:00,4119.120000000001,4121.09,4113.9,4118.43,6465.0
2025-11-24 21:00:00+00:00,4118.52,4125.58,4117.9,4124.79,6776.0
2025-11-24 21:30:00+00:00,4124.96,4133.27,4124.69,4132.56,8468.0
2025-11-24 22:00:00+00:00,4132.67,4133.53,4130.08,4132.25,2412.0
2025-11-24 22:30:00+00:00,4132.379999999999,4140.12,4131.11,4134.65,2924.0
2025-11-25 00:00:00+00:00,4134.48,4138.34,4125.13,4131.09,4793.0
2025-11-25 00:30:00+00:00,4131.32,4144.24,4128.67,4143.6,5465.0
2025-11-25 01:00:00+00:00,4143.85,4144.49,4133.87,4135.43,6920.0
2025-11-25 01:30:00+00:00,4135.57,4137.13,4127.62,4129.42,6376.0
2025-11-25 02:00:00+00:00,4129.58,4136.0,4122.59,4127.34,10773.0
2025-11-25 02:30:00+00:00,4127.51,4139.11,4127.36,4134.67,8815.0
2025-11-25 03:00:00+00:00,4134.780000000001,4145.37,4132.75,4144.65,8181.0
2025-11-25 03:30:00+00:00,4144.75,4155.65,4143.85,4150.68,8034.0
2025-11-25 04:00:00+00:00,4150.8099999999995,4150.79,4139.66,4145.27,8305.0
2025-11-25 04:30:00+00:00,4145.379999999999,4145.55,4140.9,4143.04,6106.0
2025-11-25 05:00:00+00:00,4143.16,4147.96,4139.51,4146.08,5684.0
2025-11-25 05:30:00+00:00,4146.129999999999,4148.28,4140.22,4140.71,5044.0
2025-11-25 06:00:00+00:00,4140.9,4147.8,4140.73,4144.01,4506.0
2025-11-25 06:30:00+00:00,4144.08,4151.85,4141.32,4150.92,6668.0
2025-11-25 07:00:00+00:00,4151.129999999999,4151.96,4139.93,4140.81,7324.0
2025-11-25 07:30:00+00:00,4140.969999999999,4143.56,4138.62,4141.49,7400.0
2025-11-25 08:00:00+00:00,4141.6,4145.97,4134.96,4136.76,7137.0
2025-11-25 08:30:00+00:00,4137.030000000001,4139.16,4130.22,4132.55,8416.0
2025-11-25 09:00:00+00:00,4132.799999999999,4139.38,4131.49,4136.32,8029.0
2025-11-25 09:30:00+00:00,4136.450000000001,4136.52,4109.55,4116.0,10302.0
2025-11-25 10:00:00+00:00,4116.200000000001,4130.63,4114.03,4124.73,8612.0
2025-11-25 10:30:00+00:00,4124.9400000000005,4131.51,4121.55,4128.4,8507.0
2025-11-25 11:00:00+00:00,4128.530000000001,4138.68,4127.41,4130.77,7280.0
2025-11-25 11:30:00+00:00,4130.950000000001,4134.62,4127.53,4131.13,7348.0
2025-11-25 12:00:00+00:00,4131.27,4137.23,4127.71,4132.27,7328.0
2025-11-25 12:30:00+00:00,4132.450000000001,4134.08,4129.28,4133.41,6405.0
2025-11-25 13:00:00+00:00,4133.639999999999,4138.54,4132.56,4132.89,7096.0
2025-11-25 13:30:00+00:00,4133.0599999999995,4136.74,4115.95,4129.6,13633.0
2025-11-25 14:00:00+00:00,4129.76,4146.76,4129.38,4141.75,10941.0
2025-11-25 14:30:00+00:00,4141.92,4150.81,4141.77,4147.78,9522.0
2025-11-25 15:00:00+00:00,4147.889999999999,4148.65,4133.36,4134.17,10088.0
2025-11-25 15:30:00+00:00,4134.29,4137.57,4110.99,4125.13,18562.0
2025-11-25 16:00:00+00:00,4125.29,4133.8,4117.98,4128.0,14001.0
2025-11-25 16:30:00+00:00,4128.139999999999,4133.33,4120.94,4123.09,10942.0
2025-11-25 17:00:00+00:00,4123.23,4141.34,4122.08,4140.48,10167.0
2025-11-25 17:30:00+00:00,4140.68,4141.07,4134.5,4136.21,7838.0
2025-11-25 18:00:00+00:00,4136.34,4153.84,4135.92,4149.71,14751.0
2025-11-25 18:30:00+00:00,4149.85,4159.42,4144.23,4146.01,11188.0
2025-11-25 19:00:00+00:00,4146.15,4150.88,4141.56,4142.38,9100.0
2025-11-25 19:30:00+00:00,4142.54,4145.27,4132.29,4134.31,7861.0
2025-11-25 20:00:00+00:00,4134.469999999999,4140.26,4128.29,4129.88,8522.0
2025-11-25 20:30:00+00:00,4130.08,4133.92,4129.03,4133.68,7451.0
2025-11-25 21:00:00+00:00,4133.82,4138.38,4132.11,4132.33,6671.0
2025-11-25 21:30:00+00:00,4132.3099999999995,4136.21,4130.52,4132.14,7070.0
2025-11-25 22:00:00+00:00,4132.32,4132.37,4127.5,4130.21,4350.0
2025-11-25 22:30:00+00:00,4130.299999999999,4132.34,4129.26,4130.8,1682.0
2025-11-26 00:00:00+00:00,4132.5,4136.93,4131.33,4133.28,1931.0
2025-11-26 00:30:00+00:00,4133.52,4135.44,4129.67,4133.64,2678.0
2025-11-26 01:00:00+00:00,4133.82,4142.65,4132.54,4141.82,3620.0
2025-11-26 01:30:00+00:00,4141.98,4144.36,4134.7,4142.72,4677.0
2025-11-26 02:00:00+00:00,4143.049999999999,4147.31,4138.57,4144.91,7105.0
2025-11-26 02:30:00+00:00,4145.04,4152.83,4143.12,4148.36,6867.0
2025-11-26 03:00:00+00:00,4148.5,4164.62,4147.27,4162.4,6837.0
2025-11-26 03:30:00+00:00,4162.57,4166.51,4158.37,4161.72,8198.0
2025-11-26 04:00:00+00:00,4161.92,4169.18,4160.25,4164.17,5791.0
2025-11-26 04:30:00+00:00,4164.379999999999,4169.25,4163.09,4166.02,4468.0
2025-11-26 05:00:00+00:00,4166.07,4167.0,4156.87,4157.42,4338.0
2025-11-26 05:30:00+00:00,4157.59,4162.77,4156.48,4161.87,4318.0
2025-11-26 06:00:00+00:00,4162.1,4168.61,4160.73,4166.8,4526.0
2025-11-26 06:30:00+00:00,4166.96,4167.4,4160.16,4162.18,6035.0
2025-11-26 07:00:00+00:00,4162.24,4162.61,4152.91,4158.24,7125.0
2025-11-26 07:30:00+00:00,4158.41,4158.34,4146.77,4150.14,6410.0
2025-11-26 08:00:00+00:00,4150.299999999999,4154.67,4149.11,4151.9,5758.0
2025-11-26 08:30:00+00:00,4152.04,4161.33,4150.95,4157.35,5378.0
2025-11-26 09:00:00+00:00,4157.52,4168.48,4156.74,4166.61,6747.0
2025-11-26 09:30:00+00:00,4166.719999999999,4167.05,4154.76,4161.01,7280.0
2025-11-26 10:00:00+00:00,4161.200000000001,4164.55,4156.62,4162.65,6402.0
2025-11-26 10:30:00+00:00,4162.82,4163.87,4157.75,4162.7,5982.0
2025-11-26 11:00:00+00:00,4162.879999999999,4165.05,4160.24,4163.24,6966.0
2025-11-26 11:30:00+00:00,4163.219999999999,4163.07,4156.11,4159.95,6511.0
2025-11-26 12:00:00+00:00,4160.120000000001,4164.73,4157.78,4164.71,4917.0
2025-11-26 12:30:00+00:00,4164.9,4173.02,4164.74,4171.48,8270.0
2025-11-26 13:00:00+00:00,4171.65,4173.42,4159.34,4161.61,8396.0
2025-11-26 13:30:00+00:00,4161.9,4163.75,4149.03,4155.11,9691.0
2025-11-26 14:00:00+00:00,4155.27,4166.51,4152.96,4165.31,9011.0
2025-11-26 14:30:00+00:00,4165.5,4165.35,4149.08,4153.35,11168.0
2025-11-26 15:00:00+00:00,4153.530000000001,4156.85,4139.82,4142.13,11087.0
2025-11-26 15:30:00+00:00,4142.17,4154.38,4141.61,4142.17,14654.0
2025-11-26 16:00:00+00:00,4142.299999999999,4157.91,4136.69,4156.52,13695.0
2025-11-26 16:30:00+00:00,4156.79,4165.59,4155.61,4165.29,10935.0
2025-11-26 17:00:00+00:00,4165.5,4165.7,4160.65,4161.91,9659.0
2025-11-26 17:30:00+00:00,4162.049999999999,4168.55,4161.28,4167.02,8348.0
2025-11-26 18:00:00+00:00,4167.18,4169.78,4164.98,4167.76,6473.0
2025-11-26 18:30:00+00:00,4167.99,4169.57,4165.6,4167.12,6677.0
2025-11-26 19:00:00+00:00,4167.299999999999,4171.55,4166.97,4167.77,7852.0
2025-11-26 19:30:00+00:00,4168.01,4168.66,4158.04,4164.62,9742.0
2025-11-26 20:00:00+00:00,4164.91,4169.68,4164.02,4167.44,5314.0
2025-11-26 20:30:00+00:00,4167.57,4168.15,4162.38,4163.2,5641.0
2025-11-26 21:00:00+00:00,4163.299999999999,4167.37,4161.32,4165.19,5536.0
2025-11-26 21:30:00+00:00,4165.32,4167.37,4161.71,4163.97,7795.0
2025-11-26 22:00:00+00:00,4164.08,4164.85,4162.11,4163.89,2443.0
2025-11-26 22:30:00+00:00,4164.030000000001,4167.41,4162.77,4163.84,2724.0
2025-11-27 00:00:00+00:00,4164.76,4168.83,4163.58,4164.23,1638.0
2025-11-27 00:30:00+00:00,4164.4,4167.91,4162.46,4164.83,2512.0
2025-11-27 01:00:00+00:00,4165.0,4167.28,4162.39,4166.29,3697.0
2025-11-27 01:30:00+00:00,4166.42,4166.92,4161.9,4164.56,4087.0
2025-11-27 02:00:00+00:00,4164.68,4165.29,4148.8,4153.56,9792.0
2025-11-27 02:30:00+00:00,4153.719999999999,4156.41,4148.65,4154.18,7644.0
2025-11-27 03:00:00+00:00,4154.41,4156.12,4149.53,4152.77,6314.0
2025-11-27 03:30:00+00:00,4152.96,4154.84,4144.43,4145.3,6779.0
2025-11-27 04:00:00+00:00,4145.469999999999,4150.51,4144.14,4148.12,5197.0
2025-11-27 04:30:00+00:00,4148.26,4149.7,4145.89,4147.3,4669.0
2025-11-27 05:00:00+00:00,4147.379999999999,4149.71,4142.57,4149.54,4510.0
2025-11-27 05:30:00+00:00,4149.700000000001,4154.55,4149.21,4150.81,4499.0
2025-11-27 06:00:00+00:00,4150.93,4154.65,4150.51,4152.7,4092.0
2025-11-27 06:30:00+00:00,4152.84,4153.42,4144.77,4147.07,5609.0
2025-11-27 07:00:00+00:00,4147.24,4156.9,4147.03,4156.78,7040.0
2025-11-27 07:30:00+00:00,4156.9400000000005,4159.26,4152.74,4157.37,6986.0
2025-11-27 08:00:00+00:00,4157.48,4162.28,4155.42,4159.29,6902.0
2025-11-27 08:30:00+00:00,4159.42,4160.59,4157.4,4160.09,5538.0
2025-11-27 09:00:00+00:00,4160.29,4165.52,4159.54,4164.92,6927.0
2025-11-27 09:30:00+00:00,4165.129999999999,4167.02,4163.09,4165.75,5358.0
2025-11-27 10:00:00+00:00,4165.889999999999,4165.8,4148.25,4154.69,9122.0
2025-11-27 10:30:00+00:00,4154.85,4160.66,4152.94,4158.59,6141.0
2025-11-27 11:00:00+00:00,4158.77,4160.46,4152.79,4152.8,6526.0
2025-11-27 11:30:00+00:00,4152.9,4157.08,4152.46,4156.4,5646.0
2025-11-27 12:00:00+00:00,4156.530000000001,4159.66,4155.83,4158.74,4814.0
2025-11-27 12:30:00+00:00,4158.9,4162.42,4157.2,4157.21,4130.0
2025-11-27 13:00:00+00:00,4157.4400000000005,4159.12,4155.71,4156.74,3331.0
2025-11-27 13:30:00+00:00,4156.9,4158.45,4153.4,4153.89,3931.0
2025-11-27 14:00:00+00:00,4154.08,4154.15,4149.11,4152.34,8438.0
2025-11-27 14:30:00+00:00,4152.51,4157.92,4151.91,4154.96,6579.0
2025-11-27 15:00:00+00:00,4155.09,4160.64,4153.83,4157.17,6137.0
2025-11-27 15:30:00+00:00,4157.280000000001,4158.98,4152.88,4153.38,7529.0
2025-11-27 16:00:00+00:00,4153.51,4161.71,4153.11,4160.92,6372.0
2025-11-27 16:30:00+00:00,4161.08,4160.94,4156.87,4157.9,5542.0
2025-11-27 17:00:00+00:00,4158.030000000001,4158.3,4151.37,4154.26,5364.0
2025-11-27 17:30:00+00:00,4154.42,4157.55,4153.96,4156.33,3108.0
2025-11-27 18:00:00+00:00,4156.469999999999,4157.18,4154.58,4156.68,2248.0
2025-11-27 18:30:00+00:00,4156.780000000001,4159.12,4156.37,4157.65,2642.0
2025-11-27 19:00:00+00:00,4157.82,4158.36,4155.69,4156.17,2877.0
2025-11-27 19:30:00+00:00,4156.33,4159.72,4156.13,4159.06,2102.0
2025-11-27 20:00:00+00:00,4159.219999999999,4160.3,4157.21,4157.23,2141.0
2025-11-28 00:00:00+00:00,4158.65,4163.03,4158.14,4162.64,2078.0
2025-11-28 00:30:00+00:00,4162.85,4163.87,4161.94,4163.36,2258.0
2025-11-28 01:00:00+00:00,4163.52,4171.68,4163.02,4170.68,3667.0
2025-11-28 01:30:00+00:00,4170.85,4183.66,4170.51,4180.53,8282.0
2025-11-28 02:00:00+00:00,4180.67,4191.41,4180.49,4187.22,9599.0
2025-11-28 02:30:00+00:00,4187.34,4193.03,4185.99,4191.02,6268.0
2025-11-28 03:00:00+00:00,4191.1900000000005,4192.01,4187.01,4189.92,5812.0
2025-11-28 03:30:00+00:00,4190.030000000001,4190.48,4185.87,4189.16,5600.0
2025-11-28 04:00:00+00:00,4189.4400000000005,4191.66,4185.68,4187.89,1591.0
2025-11-28 04:30:00+00:00,4188.120000000001,4188.99,4182.73,4184.14,1385.0
2025-11-28 05:00:00+00:00,4184.299999999999,4187.11,4177.93,4181.11,2730.0
2025-11-28 05:30:00+00:00,4181.139999999999,4188.6,4178.68,4188.34,1393.0
2025-11-28 06:00:00+00:00,4188.450000000001,4188.69,4162.47,4184.53,3649.0
2025-11-28 06:30:00+00:00,4185.09,4185.59,4182.34,4182.35,967.0
2025-11-28 07:00:00+00:00,4182.54,4184.78,4181.56,4184.77,1055.0
2025-11-28 07:30:00+00:00,4184.950000000001,4188.51,4184.69,4187.35,1332.0
2025-11-28 08:00:00+00:00,4187.65,4187.59,4182.24,4182.96,847.0
2025-11-28 08:30:00+00:00,4183.120000000001,4183.27,4174.35,4174.58,1331.0
2025-11-28 09:00:00+00:00,4174.889999999999,4178.48,4151.71,4161.02,1177.0
2025-11-28 09:30:00+00:00,4162.99,4176.16,4152.96,4169.71,4350.0
2025-11-28 10:00:00+00:00,4170.34,4169.74,4143.95,4158.53,3353.0
2025-11-28 10:30:00+00:00,4161.1,4166.5,4146.59,4166.2,4223.0
2025-11-28 11:00:00+00:00,4167.11,4178.41,4166.11,4168.34,4871.0
2025-11-28 11:30:00+00:00,4168.78,4170.33,4160.53,4163.55,5564.0
2025-11-28 12:00:00+00:00,4163.9,4179.53,4162.61,4173.74,4956.0
2025-11-28 12:30:00+00:00,4174.15,4177.1,4171.45,4171.61,6084.0
2025-11-28 13:00:00+00:00,4172.03,4177.61,4168.23,4174.36,3125.0
2025-11-28 13:30:00+00:00,4174.8,4176.85,4173.11,4176.21,1918.0
2025-11-28 14:00:00+00:00,4176.76,4178.13,4168.3,4170.17,2576.0
2025-11-28 14:30:00+00:00,4170.46,4182.89,4169.0,4182.12,3768.0
2025-11-28 15:00:00+00:00,4182.55,4199.78,4182.1,4196.29,11143.0
2025-11-28 15:30:00+00:00,4196.8,4208.68,4194.43,4197.92,13707.0
2025-11-28 16:00:00+00:00,4198.29,4198.7,4185.27,4197.04,12626.0
2025-11-28 16:30:00+00:00,4197.16,4203.89,4193.54,4203.57,12814.0
2025-11-28 17:00:00+00:00,4203.74,4210.5,4197.7,4209.4,11463.0
2025-11-28 17:30:00+00:00,4209.48,4210.71,4202.17,4206.16,9262.0
2025-11-28 18:00:00+00:00,4206.35,4211.49,4204.36,4206.63,11788.0
2025-11-28 18:30:00+00:00,4206.83,4216.88,4206.11,4216.88,9616.0
2025-11-28 19:00:00+00:00,4216.82,4220.71,4210.94,4220.07,10317.0
2025-11-28 19:30:00+00:00,4220.33,4226.96,4218.71,4220.29,5780.0
2025-11-28 20:00:00+00:00,4220.48,4221.76,4216.02,4217.65,5292.0
2025-11-28 20:30:00+00:00,4217.77,4221.22,4216.79,4219.28,2517.0
2025-12-01 00:00:00+00:00,4221.04,4231.61,4205.84,4221.87,11528.0
2025-12-01 00:30:00+00:00,4222.15,4225.26,4219.65,4221.74,8226.0
2025-12-01 01:00:00+00:00,4221.870000000001,4232.39,4218.14,4227.12,8787.0
2025-12-01 01:30:00+00:00,4227.29,4233.64,4225.99,4230.79,9826.0
2025-12-01 02:00:00+00:00,4230.9,4239.25,4219.5,4238.56,18119.0
2025-12-01 02:30:00+00:00,4238.75,4256.16,4234.7,4255.38,14760.0
2025-12-01 03:00:00+00:00,4255.49,4256.39,4240.6,4241.17,12731.0
2025-12-01 03:30:00+00:00,4241.3099999999995,4243.2,4234.31,4242.64,13334.0
2025-12-01 04:00:00+00:00,4242.780000000001,4243.79,4232.45,4235.25,12259.0
2025-12-01 04:30:00+00:00,4235.26,4240.7,4234.78,4239.26,9174.0
2025-12-01 05:00:00+00:00,4239.42,4240.55,4236.35,4239.68,6555.0
2025-12-01 05:30:00+00:00,4239.85,4246.88,4239.32,4245.48,7139.0
2025-12-01 06:00:00+00:00,4245.719999999999,4246.49,4215.34,4220.14,13383.0
2025-12-01 06:30:00+00:00,4220.35,4231.39,4217.54,4229.52,10463.0
2025-12-01 07:00:00+00:00,4229.68,4233.75,4226.12,4231.35,9270.0
2025-12-01 07:30:00+00:00,4231.629999999999,4240.56,4229.83,4236.9,10367.0
2025-12-01 08:00:00+00:00,4237.120000000001,4242.55,4231.71,4240.42,11136.0
2025-12-01 08:30:00+00:00,4240.58,4246.63,4238.1,4245.29,9004.0
2025-12-01 09:00:00+00:00,4245.43,4253.5,4244.68,4249.45,10922.0
2025-12-01 09:30:00+00:00,4249.59,4249.91,4238.33,4244.71,10201.0
2025-12-01 10:00:00+00:00,4244.870000000001,4251.71,4244.72,4251.45,8815.0
2025-12-01 10:30:00+00:00,4251.54,4251.39,4243.64,4249.92,8654.0
2025-12-01 11:00:00+00:00,4250.09,4262.3,4249.07,4253.48,9884.0
2025-12-01 11:30:00+00:00,4253.58,4257.65,4251.19,4255.5,10539.0
2025-12-01 12:00:00+00:00,4255.629999999999,4256.76,4248.2,4254.24,9162.0
2025-12-01 12:30:00+00:00,4254.35,4258.36,4251.78,4254.52,8832.0
2025-12-01 13:00:00+00:00,4254.6900000000005,4256.5,4247.26,4252.67,10182.0
2025-12-01 13:30:00+00:00,4252.85,4256.14,4244.07,4246.38,11775.0
2025-12-01 14:00:00+00:00,4246.51,4257.54,4245.43,4256.71,14650.0
2025-12-01 14:30:00+00:00,4256.9,4264.45,4246.91,4247.11,14326.0
2025-12-01 15:00:00+00:00,4247.280000000001,4249.23,4238.68,4246.61,14875.0
2025-12-01 15:30:00+00:00,4246.85,4247.76,4219.59,4240.1,21750.0
2025-12-01 16:00:00+00:00,4240.5,4245.16,4219.55,4228.04,21196.0
2025-12-01 16:30:00+00:00,4228.219999999999,4236.35,4221.7,4232.49,17671.0
2025-12-01 17:00:00+00:00,4232.610000000001,4240.0,4227.17,4239.86,15793.0
2025-12-01 17:30:00+00:00,4239.969999999999,4242.28,4224.72,4226.0,16737.0
2025-12-01 18:00:00+00:00,4226.219999999999,4236.53,4223.14,4235.55,14968.0
2025-12-01 18:30:00+00:00,4235.719999999999,4239.94,4230.15,4232.35,12068.0
2025-12-01 19:00:00+00:00,4232.549999999999,4242.02,4232.38,4241.13,11294.0
2025-12-01 19:30:00+00:00,4241.0599999999995,4244.59,4236.19,4240.22,8635.0
2025-12-01 20:00:00+00:00,4240.389999999999,4242.11,4235.95,4241.53,9244.0
2025-12-01 20:30:00+00:00,4241.629999999999,4243.71,4229.23,4236.88,10690.0
2025-12-01 21:00:00+00:00,4237.01,4240.9,4235.06,4237.57,7752.0
2025-12-01 21:30:00+00:00,4237.700000000001,4241.39,4234.34,4237.24,9238.0
2025-12-01 22:00:00+00:00,4237.4,4240.49,4235.28,4238.55,4287.0
2025-12-01 22:30:00+00:00,4238.68,4238.55,4230.13,4231.88,3141.0
2025-12-02 00:00:00+00:00,4232.1900000000005,4235.95,4228.95,4235.51,5366.0
2025-12-02 00:30:00+00:00,4235.67,4235.7,4224.3,4227.53,6435.0
2025-12-02 01:00:00+00:00,4227.75,4227.87,4221.48,4225.04,7573.0
2025-12-02 01:30:00+00:00,4225.21,4229.58,4223.4,4226.69,8604.0
2025-12-02 02:00:00+00:00,4226.79,4226.99,4191.76,4213.83,22337.0
2025-12-02 02:30:00+00:00,4214.0,4220.95,4208.3,4219.58,12608.0
2025-12-02 03:00:00+00:00,4219.639999999999,4223.24,4215.57,4217.04,8971.0
2025-12-02 03:30:00+00:00,4217.15,4224.49,4214.29,4221.53,9586.0
2025-12-02 04:00:00+00:00,4221.67,4226.09,4220.61,4222.58,8029.0
2025-12-02 04:30:00+00:00,4222.719999999999,4225.34,4215.67,4216.76,7468.0
2025-12-02 05:00:00+00:00,4216.85,4220.5,4215.33,4216.43,6249.0
2025-12-02 05:30:00+00:00,4216.57,4218.71,4213.97,4218.66,6269.0
2025-12-02 06:00:00+00:00,4218.79,4223.09,4215.19,4221.34,6970.0
2025-12-02 06:30:00+00:00,4221.469999999999,4225.29,4218.95,4224.97,9075.0
2025-12-02 07:00:00+00:00,4225.110000000001,4226.14,4204.25,4205.5,10865.0
2025-12-02 07:30:00+00:00,4205.6,4215.21,4203.26,4212.71,10800.0
2025-12-02 08:00:00+00:00,4212.85,4219.23,4210.28,4217.52,7379.0
2025-12-02 08:30:00+00:00,4217.75,4218.54,4209.57,4213.28,6658.0
2025-12-02 09:00:00+00:00,4213.5,4217.13,4207.06,4214.4,8412.0
2025-12-02 09:30:00+00:00,4214.49,4216.44,4210.02,4210.18,8438.0
2025-12-02 10:00:00+00:00,4210.34,4213.06,4192.1,4194.49,10744.0
2025-12-02 10:30:00+00:00,4194.719999999999,4195.78,4180.92,4191.72,11853.0
2025-12-02 11:00:00+00:00,4191.860000000001,4192.24,4182.36,4186.56,8320.0
2025-12-02 11:30:00+00:00,4186.73,4189.69,4182.23,4185.58,7548.0
2025-12-02 12:00:00+00:00,4185.74,4196.92,4184.74,4196.92,6197.0
2025-12-02 12:30:00+00:00,4197.1,4205.78,4194.28,4205.3,7499.0
2025-12-02 13:00:00+00:00,4205.4,4208.05,4200.95,4204.42,7492.0
2025-12-02 13:30:00+00:00,4204.530000000001,4209.59,4202.38,4208.73,5933.0
2025-12-02 14:00:00+00:00,4208.93,4215.21,4202.12,4203.66,13607.0
2025-12-02 14:30:00+00:00,4203.79,4212.52,4202.72,4212.22,10743.0
2025-12-02 15:00:00+00:00,4212.35,4230.48,4212.07,4227.64,13522.0
2025-12-02 15:30:00+00:00,4227.860000000001,4229.39,4214.35,4218.82,20404.0
2025-12-02 16:00:00+00:00,4218.870000000001,4219.59,4186.7,4188.15,21333.0
2025-12-02 16:30:00+00:00,4188.3099999999995,4192.02,4163.33,4169.33,21971.0
2025-12-02 17:00:00+00:00,4169.530000000001,4179.54,4167.0,4177.16,17600.0
2025-12-02 17:30:00+00:00,4177.27,4190.23,4176.87,4184.65,13911.0
2025-12-02 18:00:00+00:00,4184.780000000001,4192.69,4184.5,4191.98,11289.0
2025-12-02 18:30:00+00:00,4192.21,4196.81,4190.38,4193.75,8620.0
2025-12-02 19:00:00+00:00,4193.82,4196.82,4189.06,4189.36,10068.0
2025-12-02 19:30:00+00:00,4189.5,4191.69,4183.21,4190.76,9168.0
2025-12-02 20:00:00+00:00,4190.92,4198.3,4190.77,4197.26,7656.0
2025-12-02 20:30:00+00:00,4197.379999999999,4200.3,4193.6,4196.43,7069.0
2025-12-02 21:00:00+00:00,4196.59,4199.87,4194.81,4198.58,6464.0
2025-12-02 21:30:00+00:00,4198.71,4212.3,4198.49,4210.01,8807.0
2025-12-02 22:00:00+00:00,4210.07,4211.69,4207.62,4209.9,2995.0
2025-12-02 22:30:00+00:00,4210.030000000001,4211.47,4205.34,4205.71,2517.0
2025-12-03 00:00:00+00:00,4207.799999999999,4212.95,4202.63,4208.95,6658.0
2025-12-03 00:30:00+00:00,4209.17,4216.14,4206.58,4212.7,8574.0
2025-12-03 01:00:00+00:00,4212.870000000001,4212.76,4206.05,4207.48,7696.0
2025-12-03 01:30:00+00:00,4207.66,4211.72,4204.38,4211.72,8879.0
2025-12-03 02:00:00+00:00,4212.02,4221.08,4211.5,4216.83,12624.0
2025-12-03 02:30:00+00:00,4216.91,4219.72,4213.22,4214.34,10766.0
2025-12-03 03:00:00+00:00,4214.48,4224.34,4214.12,4223.18,9264.0
2025-12-03 03:30:00+00:00,4223.32,4228.88,4222.41,4226.58,7927.0
2025-12-03 04:00:00+00:00,4226.74,4227.49,4220.36,4225.46,6832.0
2025-12-03 04:30:00+00:00,4225.6,4226.0,4220.05,4221.09,5687.0
2025-12-03 05:00:00+00:00,4221.23,4224.21,4217.25,4222.59,4801.0
2025-12-03 05:30:00+00:00,4222.719999999999,4225.16,4220.08,4222.27,4531.0
2025-12-03 06:00:00+00:00,4222.43,4223.84,4218.84,4220.3,5537.0
2025-12-03 06:30:00+00:00,4220.4400000000005,4220.69,4203.31,4207.76,14758.0
2025-12-03 07:00:00+00:00,4207.93,4211.74,4206.04,4208.94,10461.0
2025-12-03 07:30:00+00:00,4209.08,4209.96,4204.78,4208.11,9291.0
2025-12-03 08:00:00+00:00,4208.3099999999995,4210.21,4202.19,4202.41,8468.0
2025-12-03 08:30:00+00:00,4202.6,4207.8,4200.11,4206.36,7848.0
2025-12-03 09:00:00+00:00,4206.530000000001,4208.07,4203.71,4206.31,8837.0
2025-12-03 09:30:00+00:00,4206.450000000001,4210.22,4204.09,4206.37,8140.0
2025-12-03 10:00:00+00:00,4206.57,4207.51,4197.05,4199.8,9104.0
2025-12-03 10:30:00+00:00,4199.96,4202.24,4199.81,4202.0,5814.0
2025-12-03 11:00:00+00:00,4202.139999999999,4204.64,4194.39,4202.91,8406.0
2025-12-03 11:30:00+00:00,4203.08,4203.89,4197.78,4200.5,8218.0
2025-12-03 12:00:00+00:00,4200.6900000000005,4205.51,4196.99,4205.17,6495.0
2025-12-03 12:30:00+00:00,4205.35,4209.1,4202.56,4208.56,7455.0
2025-12-03 13:00:00+00:00,4208.719999999999,4210.24,4205.07,4208.05,7522.0
2025-12-03 13:30:00+00:00,4208.23,4214.2,4207.65,4213.44,8033.0
2025-12-03 14:00:00+00:00,4213.620000000001,4222.88,4211.42,4220.37,12686.0
2025-12-03 14:30:00+00:00,4220.5599999999995,4238.34,4216.8,4237.04,12729.0
2025-12-03 15:00:00+00:00,4237.200000000001,4240.6,4218.67,4224.45,20972.0
2025-12-03 15:30:00+00:00,4224.6900000000005,4241.4,4205.06,4212.58,22487.0
2025-12-03 16:00:00+00:00,4212.71,4224.32,4206.05,4221.61,15720.0
2025-12-03 16:30:00+00:00,4221.67,4229.31,4214.14,4216.25,13709.0
2025-12-03 17:00:00+00:00,4216.370000000001,4222.0,4212.54,4219.05,13075.0
2025-12-03 17:30:00+00:00,4219.1900000000005,4224.88,4195.83,4200.76,17803.0
2025-12-03 18:00:00+00:00,4200.860000000001,4213.03,4200.17,4208.9,12813.0
2025-12-03 18:30:00+00:00,4209.0599999999995,4215.34,4207.94,4210.97,19638.0
2025-12-03 19:00:00+00:00,4211.219999999999,4211.44,4198.62,4201.62,13855.0
2025-12-03 19:30:00+00:00,4201.860000000001,4206.65,4195.16,4196.9,10608.0
2025-12-03 20:00:00+00:00,4197.139999999999,4206.78,4196.86,4206.08,8769.0
2025-12-03 20:30:00+00:00,4206.24,4209.87,4204.9,4207.79,6354.0
2025-12-03 21:00:00+00:00,4207.950000000001,4212.67,4207.46,4210.1,6352.0
2025-12-03 21:30:00+00:00,4210.24,4210.85,4203.62,4206.12,8059.0
2025-12-03 22:00:00+00:00,4206.280000000001,4210.03,4206.01,4206.96,4554.0
2025-12-03 22:30:00+00:00,4207.049999999999,4209.64,4202.69,4203.11,2782.0
2025-12-04 00:00:00+00:00,4204.68,4208.97,4203.43,4206.94,3563.0
2025-12-04 00:30:00+00:00,4207.120000000001,4207.32,4202.48,4207.12,4737.0
2025-12-04 01:00:00+00:00,4207.24,4212.7,4204.34,4211.82,6014.0
2025-12-04 01:30:00+00:00,4211.91,4215.71,4209.28,4211.57,7036.0
2025-12-04 02:00:00+00:00,4211.74,4214.57,4205.8,4213.12,12715.0
2025-12-04 02:30:00+00:00,4213.280000000001,4216.76,4207.59,4209.17,9739.0
2025-12-04 03:00:00+00:00,4209.3099999999995,4209.16,4198.84,4205.88,9340.0
2025-12-04 03:30:00+00:00,4206.02,4207.44,4199.62,4200.27,10756.0
2025-12-04 04:00:00+00:00,4200.41,4201.53,4187.32,4193.15,11533.0
2025-12-04 04:30:00+00:00,4193.34,4197.9,4190.05,4195.77,6919.0
2025-12-04 05:00:00+00:00,4195.84,4199.02,4192.77,4198.29,5636.0
2025-12-04 05:30:00+00:00,4198.450000000001,4198.49,4194.5,4197.05,6665.0
2025-12-04 06:00:00+00:00,4197.17,4197.95,4189.56,4197.04,6200.0
2025-12-04 06:30:00+00:00,4197.16,4199.08,4174.85,4181.04,13675.0
2025-12-04 07:00:00+00:00,4181.23,4185.63,4178.56,4182.84,12430.0
2025-12-04 07:30:00+00:00,4182.969999999999,4190.14,4182.37,4190.12,9213.0
2025-12-04 08:00:00+00:00,4190.33,4194.86,4186.59,4189.19,7594.0
2025-12-04 08:30:00+00:00,4189.3099999999995,4193.81,4186.53,4193.71,7659.0
2025-12-04 09:00:00+00:00,4193.83,4196.15,4189.81,4192.79,10133.0
2025-12-04 09:30:00+00:00,4192.96,4194.43,4184.75,4184.85,9007.0
2025-12-04 10:00:00+00:00,4185.01,4191.99,4183.52,4191.32,10038.0
2025-12-04 10:30:00+00:00,4191.43,4202.09,4190.65,4199.77,6814.0
2025-12-04 11:00:00+00:00,4199.91,4202.57,4198.31,4199.07,6595.0
2025-12-04 11:30:00+00:00,4199.24,4201.91,4196.54,4197.15,6350.0
2025-12-04 12:00:00+00:00,4197.32,4206.5,4197.1,4199.03,7479.0
2025-12-04 12:30:00+00:00,4199.219999999999,4201.9,4197.13,4198.49,4619.0
2025-12-04 13:00:00+00:00,4198.6,4201.74,4193.09,4194.29,7149.0
2025-12-04 13:30:00+00:00,4194.370000000001,4194.23,4188.63,4190.43,9071.0
2025-12-04 14:00:00+00:00,4190.5599999999995,4196.83,4185.51,4195.82,12792.0
2025-12-04 14:30:00+00:00,4195.79,4198.31,4187.44,4198.14,12083.0
2025-12-04 15:00:00+00:00,4198.299999999999,4210.24,4198.15,4208.15,12088.0
2025-12-04 15:30:00+00:00,4208.3099999999995,4213.4,4193.42,4201.4,18543.0
2025-12-04 16:00:00+00:00,4201.530000000001,4206.22,4191.51,4205.9,16686.0
2025-12-04 16:30:00+00:00,4206.08,4210.14,4202.52,4207.43,13148.0
2025-12-04 17:00:00+00:00,4207.5,4219.39,4206.62,4216.13,11389.0
2025-12-04 17:30:00+00:00,4216.219999999999,4216.67,4207.44,4215.65,9875.0
2025-12-04 18:00:00+00:00,4215.82,4216.82,4208.8,4210.97,8427.0
2025-12-04 18:30:00+00:00,4211.09,4217.52,4209.47,4216.41,7287.0
2025-12-04 19:00:00+00:00,4216.52,4217.37,4210.02,4212.84,8566.0
2025-12-04 19:30:00+00:00,4213.01,4212.87,4207.27,4207.9,7090.0
2025-12-04 20:00:00+00:00,4208.02,4209.84,4199.55,4204.99,9115.0
2025-12-04 20:30:00+00:00,4205.129999999999,4210.1,4204.27,4208.89,6788.0
2025-12-04 21:00:00+00:00,4208.96,4209.73,4206.03,4207.44,6309.0
2025-12-04 21:30:00+00:00,4207.610000000001,4210.29,4205.38,4209.82,6116.0
2025-12-04 22:00:00+00:00,4209.96,4210.09,4207.92,4208.49,2382.0
2025-12-04 22:30:00+00:00,4208.65,4210.12,4207.86,4208.48,2257.0
2025-12-05 00:00:00+00:00,4208.469999999999,4209.71,4206.76,4207.8,2737.0
2025-12-05 00:30:00+00:00,4207.889999999999,4208.87,4203.82,4206.07,3899.0
2025-12-05 01:00:00+00:00,4206.200000000001,4210.4,4204.07,4205.79,4173.0
2025-12-05 01:30:00+00:00,4205.969999999999,4205.87,4201.12,4201.53,5037.0
2025-12-05 02:00:00+00:00,4201.67,4204.37,4194.64,4199.55,8727.0
2025-12-05 02:30:00+00:00,4199.639999999999,4203.97,4197.29,4202.98,8281.0
2025-12-05 03:00:00+00:00,4203.02,4204.74,4196.49,4197.67,7192.0
2025-12-05 03:30:00+00:00,4197.83,4208.5,4196.64,4207.34,7255.0
2025-12-05 04:00:00+00:00,4207.450000000001,4208.86,4201.69,4203.11,6595.0
2025-12-05 04:30:00+00:00,4203.34,4210.88,4202.26,4209.55,5519.0
2025-12-05 05:00:00+00:00,4209.68,4214.39,4207.91,4212.39,5222.0
2025-12-05 05:30:00+00:00,4212.5,4217.31,4212.35,4216.75,4635.0
2025-12-05 06:00:00+00:00,4216.91,4219.87,4214.29,4219.5,4732.0
2025-12-05 06:30:00+00:00,4219.620000000001,4221.29,4217.63,4220.45,7583.0
2025-12-05 07:00:00+00:00,4220.52,4229.32,4218.59,4227.4,8799.0
2025-12-05 07:30:00+00:00,4227.51,4228.9,4223.69,4224.61,7140.0
2025-12-05 08:00:00+00:00,4224.780000000001,4230.62,4224.35,4230.01,5895.0
2025-12-05 08:30:00+00:00,4230.18,4230.03,4222.4,4224.31,5583.0
2025-12-05 09:00:00+00:00,4224.469999999999,4227.03,4221.8,4222.94,6577.0
2025-12-05 09:30:00+00:00,4223.110000000001,4225.66,4220.38,4220.48,5855.0
2025-12-05 10:00:00+00:00,4220.58,4222.18,4215.87,4221.1,7225.0
2025-12-05 10:30:00+00:00,4221.21,4224.91,4219.45,4223.26,4760.0
2025-12-05 11:00:00+00:00,4223.4,4227.45,4223.06,4223.9,4215.0
2025-12-05 11:30:00+00:00,4224.07,4225.39,4222.43,4222.86,4877.0
2025-12-05 12:00:00+00:00,4222.99,4225.66,4219.88,4221.21,3908.0
2025-12-05 12:30:00+00:00,4221.379999999999,4224.13,4220.62,4223.59,4377.0
2025-12-05 13:00:00+00:00,4223.73,4229.52,4223.07,4224.39,7115.0
2025-12-05 13:30:00+00:00,4224.530000000001,4229.42,4222.86,4228.67,6014.0
2025-12-05 14:00:00+00:00,4228.83,4234.91,4221.33,4232.86,10815.0
2025-12-05 14:30:00+00:00,4233.09,4238.88,4229.91,4234.67,10667.0
2025-12-05 15:00:00+00:00,4234.8099999999995,4239.36,4230.11,4231.74,9559.0
2025-12-05 15:30:00+00:00,4231.9,4245.56,4228.31,4242.04,13844.0
2025-12-05 16:00:00+00:00,4242.3099999999995,4248.99,4234.07,4248.68,12819.0
2025-12-05 16:30:00+00:00,4248.860000000001,4259.22,4237.77,4243.63,14867.0
2025-12-05 17:00:00+00:00,4243.8099999999995,4245.64,4198.67,4216.54,24180.0
2025-12-05 17:30:00+00:00,4216.67,4217.49,4207.5,4214.05,14471.0
2025-12-05 18:00:00+00:00,4213.43,4218.26,4210.52,4216.76,10789.0
2025-12-05 18:30:00+00:00,4216.9400000000005,4219.92,4206.17,4217.49,10803.0
2025-12-05 19:00:00+00:00,4217.58,4219.13,4209.98,4212.65,8876.0
2025-12-05 19:30:00+00:00,4212.73,4215.62,4206.82,4208.77,8602.0
2025-12-05 20:00:00+00:00,4208.85,4210.74,4203.55,4209.33,8783.0
2025-12-05 20:30:00+00:00,4209.469999999999,4210.25,4202.32,4207.49,6295.0
2025-12-05 21:00:00+00:00,4207.65,4207.67,4202.74,4202.86,7674.0
2025-12-05 21:30:00+00:00,4202.99,4205.38,4199.27,4202.18,10765.0
2025-12-05 22:00:00+00:00,4202.32,4202.4,4191.98,4197.03,5119.0
2025-12-05 22:30:00+00:00,4197.15,4199.02,4193.65,4198.17,4401.0
2025-12-08 00:00:00+00:00,4197.4,4208.58,4190.42,4200.78,2018.0
2025-12-08 00:30:00+00:00,4201.59,4202.99,4196.88,4201.27,5192.0
2025-12-08 01:00:00+00:00,4201.4,4207.8,4199.47,4205.74,7889.0
2025-12-08 01:30:00+00:00,4205.799999999999,4211.66,4204.76,4210.8,7738.0
2025-12-08 02:00:00+00:00,4210.969999999999,4211.74,4201.11,4207.93,13937.0
2025-12-08 02:30:00+00:00,4208.07,4209.65,4197.52,4201.14,12127.0
2025-12-08 03:00:00+00:00,4201.139999999999,4203.46,4198.4,4203.14,9245.0
2025-12-08 03:30:00+00:00,4203.379999999999,4212.3,4199.25,4208.36,10156.0
2025-12-08 04:00:00+00:00,4208.49,4213.07,4206.68,4209.82,7496.0
2025-12-08 04:30:00+00:00,4210.049999999999,4211.64,4206.64,4210.04,5602.0
2025-12-08 05:00:00+00:00,4210.129999999999,4211.9,4208.58,4209.3,4060.0
2025-12-08 05:30:00+00:00,4209.5,4213.15,4206.85,4208.73,4277.0
2025-12-08 06:00:00+00:00,4208.889999999999,4209.4,4204.58,4206.27,5383.0
2025-12-08 06:30:00+00:00,4206.43,4217.17,4206.28,4216.98,8136.0
2025-12-08 07:00:00+00:00,4217.17,4218.46,4212.06,4216.39,7255.0
2025-12-08 07:30:00+00:00,4216.530000000001,4218.84,4214.94,4216.92,6876.0
2025-12-08 08:00:00+00:00,4217.16,4217.28,4212.47,4213.76,6626.0
2025-12-08 08:30:00+00:00,4213.9,4216.24,4206.28,4206.76,7103.0
2025-12-08 09:00:00+00:00,4206.92,4216.34,4202.88,4209.48,8432.0
2025-12-08 09:30:00+00:00,4209.6,4211.97,4204.89,4209.53,7387.0
2025-12-08 10:00:00+00:00,4209.66,4210.74,4204.18,4210.53,7537.0
2025-12-08 10:30:00+00:00,4210.6900000000005,4212.6,4206.01,4207.89,6578.0
2025-12-08 11:00:00+00:00,4207.98,4210.25,4205.49,4205.86,4640.0
2025-12-08 11:30:00+00:00,4205.98,4208.21,4200.9,4203.39,7056.0
2025-12-08 12:00:00+00:00,4203.6,4209.57,4199.67,4209.49,5406.0
2025-12-08 12:30:00+00:00,4209.65,4214.09,4208.31,4208.37,6006.0
2025-12-08 13:00:00+00:00,4208.57,4212.85,4208.28,4211.57,5648.0
2025-12-08 13:30:00+00:00,4211.639999999999,4215.38,4210.74,4213.77,6043.0
2025-12-08 14:00:00+00:00,4214.0,4214.55,4202.42,4203.13,12939.0
2025-12-08 14:30:00+00:00,4203.26,4206.31,4197.7,4201.53,10105.0
2025-12-08 15:00:00+00:00,4201.780000000001,4211.39,4197.62,4208.78,9213.0
2025-12-08 15:30:00+00:00,4208.92,4210.95,4195.25,4196.61,17004.0
2025-12-08 16:00:00+00:00,4196.77,4196.81,4176.27,4191.84,16890.0
2025-12-08 16:30:00+00:00,4192.04,4193.1,4181.93,4182.78,11701.0
2025-12-08 17:00:00+00:00,4182.860000000001,4196.14,4176.73,4194.84,11196.0
2025-12-08 17:30:00+00:00,4195.01,4197.87,4187.81,4191.61,8949.0
2025-12-08 18:00:00+00:00,4191.780000000001,4191.96,4185.49,4191.94,7122.0
2025-12-08 18:30:00+00:00,4192.07,4195.62,4187.97,4194.8,7709.0
2025-12-08 19:00:00+00:00,4194.96,4195.62,4187.04,4188.69,7070.0
2025-12-08 19:30:00+00:00,4188.79,4192.15,4184.49,4187.16,6996.0
2025-12-08 20:00:00+00:00,4187.21,4188.67,4184.13,4187.77,6995.0
2025-12-08 20:30:00+00:00,4187.93,4188.83,4184.91,4186.91,5323.0
2025-12-08 21:00:00+00:00,4187.030000000001,4191.33,4184.87,4189.15,5904.0
2025-12-08 21:30:00+00:00,4189.3099999999995,4195.48,4189.11,4191.54,6866.0
2025-12-08 22:00:00+00:00,4191.700000000001,4193.12,4189.51,4190.49,2239.0
2025-12-08 22:30:00+00:00,4190.65,4190.74,4188.18,4190.6,2441.0
2025-12-09 00:00:00+00:00,4191.219999999999,4193.96,4189.39,4192.77,2899.0
2025-12-09 00:30:00+00:00,4192.9400000000005,4195.28,4191.54,4194.7,3097.0
2025-12-09 01:00:00+00:00,4194.73,4195.59,4191.23,4192.21,2523.0
2025-12-09 01:30:00+00:00,4192.379999999999,4194.07,4189.89,4190.36,4300.0
2025-12-09 02:00:00+00:00,4190.46,4197.23,4188.79,4194.11,7485.0
2025-12-09 02:30:00+00:00,4194.3099999999995,4197.0,4193.79,4196.03,6639.0
2025-12-09 03:00:00+00:00,4196.129999999999,4197.06,4189.45,4190.46,5056.0
2025-12-09 03:30:00+00:00,4190.629999999999,4190.94,4185.92,4189.95,7284.0
2025-12-09 04:00:00+00:00,4190.139999999999,4198.03,4189.99,4197.96,5507.0
2025-12-09 04:30:00+00:00,4198.07,4198.71,4193.67,4194.5,4347.0
2025-12-09 05:00:00+00:00,4194.57,4195.49,4191.87,4193.65,4305.0
2025-12-09 05:30:00+00:00,4193.79,4195.53,4184.67,4186.78,4571.0
2025-12-09 06:00:00+00:00,4186.91,4187.12,4183.29,4185.25,4667.0
2025-12-09 06:30:00+00:00,4185.389999999999,4185.64,4178.1,4179.67,7818.0
2025-12-09 07:00:00+00:00,4179.83,4179.78,4169.95,4178.31,9167.0
2025-12-09 07:30:00+00:00,4178.48,4184.0,4176.4,4182.06,7033.0
2025-12-09 08:00:00+00:00,4182.129999999999,4185.74,4175.82,4178.46,7686.0
2025-12-09 08:30:00+00:00,4178.59,4183.53,4178.3,4182.34,6732.0
2025-12-09 09:00:00+00:00,4182.549999999999,4189.21,4182.4,4186.21,6726.0
2025-12-09 09:30:00+00:00,4186.3099999999995,4191.76,4185.48,4191.7,5970.0
2025-12-09 10:00:00+00:00,4191.8099999999995,4212.82,4190.86,4207.09,9963.0
2025-12-09 10:30:00+00:00,4207.26,4209.03,4200.61,4202.85,7666.0
2025-12-09 11:00:00+00:00,4203.049999999999,4208.27,4201.77,4204.37,6906.0
2025-12-09 11:30:00+00:00,4204.4400000000005,4205.82,4201.17,4203.9,6787.0
2025-12-09 12:00:00+00:00,4204.02,4205.38,4201.17,4203.72,5723.0
2025-12-09 12:30:00+00:00,4203.93,4206.38,4202.46,4202.96,4881.0
2025-12-09 13:00:00+00:00,4203.16,4205.15,4198.42,4202.26,5701.0
2025-12-09 13:30:00+00:00,4202.42,4207.48,4201.17,4204.15,5802.0
2025-12-09 14:00:00+00:00,4204.34,4208.24,4198.3,4201.84,11417.0
2025-12-09 14:30:00+00:00,4202.01,4203.38,4195.6,4201.26,10837.0
2025-12-09 15:00:00+00:00,4201.51,4201.92,4189.35,4193.44,11129.0
2025-12-09 15:30:00+00:00,4193.629999999999,4210.23,4192.68,4204.89,15264.0
2025-12-09 16:00:00+00:00,4205.0599999999995,4208.61,4189.99,4206.23,15388.0
2025-12-09 16:30:00+00:00,4206.35,4216.22,4198.61,4212.44,14165.0
2025-12-09 17:00:00+00:00,4212.66,4220.44,4210.09,4213.57,15612.0
2025-12-09 17:30:00+00:00,4213.629999999999,4221.29,4211.56,4212.35,11403.0
2025-12-09 18:00:00+00:00,4212.51,4216.14,4204.95,4207.72,11601.0
2025-12-09 18:30:00+00:00,4207.860000000001,4209.04,4201.51,4202.93,11100.0
2025-12-09 19:00:00+00:00,4203.0599999999995,4208.09,4201.23,4207.17,10046.0
2025-12-09 19:30:00+00:00,4207.33,4209.56,4204.07,4208.83,8017.0
2025-12-09 20:00:00+00:00,4208.96,4212.27,4207.61,4208.23,8026.0
2025-12-09 20:30:00+00:00,4208.4,4214.38,4207.11,4212.48,6851.0
2025-12-09 21:00:00+00:00,4212.639999999999,4215.98,4208.95,4210.63,6094.0
2025-12-09 21:30:00+00:00,4210.75,4213.66,4209.31,4212.06,10524.0
2025-12-09 22:00:00+00:00,4212.17,4212.87,4208.77,4210.02,8714.0
2025-12-09 22:30:00+00:00,4210.26,4210.43,4207.13,4208.26,2826.0
2025-12-10 00:00:00+00:00,4208.299999999999,4210.89,4207.71,4210.33,3594.0
2025-12-10 00:30:00+00:00,4210.49,4212.98,4209.3,4210.75,3883.0
2025-12-10 01:00:00+00:00,4210.92,4212.66,4207.08,4209.11,6742.0
2025-12-10 01:30:00+00:00,4209.25,4209.64,4207.06,4208.37,4816.0
2025-12-10 02:00:00+00:00,4208.530000000001,4217.91,4206.83,4216.79,11396.0
2025-12-10 02:30:00+00:00,4217.0,4217.89,4211.69,4213.74,11851.0
2025-12-10 03:00:00+00:00,4213.84,4217.57,4211.52,4213.47,9655.0
2025-12-10 03:30:00+00:00,4213.68,4218.62,4213.13,4216.93,6837.0
2025-12-10 04:00:00+00:00,4217.0599999999995,4217.1,4207.83,4208.15,10094.0
2025-12-10 04:30:00+00:00,4208.219999999999,4209.97,4203.68,4206.31,6478.0
2025-12-10 05:00:00+00:00,4206.469999999999,4209.04,4205.59,4206.79,4147.0
2025-12-10 05:30:00+00:00,4206.91,4209.61,4205.44,4207.01,3640.0
2025-12-10 06:00:00+00:00,4207.129999999999,4207.24,4201.72,4205.54,6218.0
2025-12-10 06:30:00+00:00,4205.68,4214.31,4204.91,4211.34,8011.0
2025-12-10 07:00:00+00:00,4211.48,4211.62,4204.26,4207.24,8580.0
2025-12-10 07:30:00+00:00,4207.41,4207.69,4203.02,4207.35,7554.0
2025-12-10 08:00:00+00:00,4207.51,4209.39,4204.52,4207.34,6529.0
2025-12-10 08:30:00+00:00,4207.48,4208.3,4203.18,4203.28,6489.0
2025-12-10 09:00:00+00:00,4203.389999999999,4206.47,4200.24,4203.89,8036.0
2025-12-10 09:30:00+00:00,4204.08,4203.95,4197.03,4197.82,8106.0
2025-12-10 10:00:00+00:00,4197.96,4200.52,4194.38,4197.78,8332.0
2025-12-10 10:30:00+00:00,4197.92,4198.33,4192.59,4194.27,7354.0
2025-12-10 11:00:00+00:00,4194.43,4196.27,4191.53,4191.7,7751.0
2025-12-10 11:30:00+00:00,4191.8099999999995,4194.58,4187.68,4193.16,7874.0
2025-12-10 12:00:00+00:00,4193.33,4196.16,4192.55,4194.6,6035.0
2025-12-10 12:30:00+00:00,4194.73,4197.7,4193.58,4197.15,5617.0
2025-12-10 13:00:00+00:00,4197.34,4202.17,4197.14,4197.46,6808.0
2025-12-10 13:30:00+00:00,4197.620000000001,4199.15,4195.09,4196.36,6839.0
2025-12-10 14:00:00+00:00,4196.57,4200.21,4192.96,4197.91,11734.0
2025-12-10 14:30:00+00:00,4198.139999999999,4204.77,4196.02,4200.63,10550.0
2025-12-10 15:00:00+00:00,4200.77,4207.04,4194.81,4196.63,11104.0
2025-12-10 15:30:00+00:00,4196.79,4201.97,4191.4,4192.37,15494.0
2025-12-10 16:00:00+00:00,4192.58,4201.19,4188.93,4196.47,14945.0
2025-12-10 16:30:00+00:00,4196.68,4199.47,4190.26,4193.61,12686.0
2025-12-10 17:00:00+00:00,4193.79,4200.98,4192.68,4200.52,9646.0
2025-12-10 17:30:00+00:00,4200.68,4204.99,4199.02,4204.73,8090.0
2025-12-10 18:00:00+00:00,4204.860000000001,4204.79,4198.96,4200.62,7130.0
2025-12-10 18:30:00+00:00,4200.74,4201.71,4196.94,4199.71,7246.0
2025-12-10 19:00:00+00:00,4199.84,4200.69,4193.42,4196.45,6732.0
2025-12-10 19:30:00+00:00,4196.65,4196.84,4191.93,4194.47,8119.0
2025-12-10 20:00:00+00:00,4194.49,4219.76,4190.99,4198.72,21210.0
2025-12-10 20:30:00+00:00,4198.85,4217.46,4181.86,4216.41,24402.0
2025-12-10 21:00:00+00:00,4216.48,4238.57,4211.04,4232.66,17844.0
2025-12-10 21:30:00+00:00,4232.85,4237.36,4229.57,4229.64,12940.0
2025-12-10 22:00:00+00:00,4229.77,4232.39,4221.19,4226.15,5994.0
2025-12-10 22:30:00+00:00,4226.32,4229.31,4225.72,4228.43,3593.0
2025-12-11 00:00:00+00:00,4228.59,4230.95,4223.93,4225.65,5910.0
2025-12-11 00:30:00+00:00,4225.75,4234.06,4225.44,4232.42,5517.0
2025-12-11 01:00:00+00:00,4232.52,4245.14,4231.28,4241.09,7461.0
2025-12-11 01:30:00+00:00,4241.299999999999,4243.3,4234.79,4237.11,8927.0
2025-12-11 02:00:00+00:00,4237.35,4247.74,4235.1,4236.13,13601.0
2025-12-11 02:30:00+00:00,4236.3099999999995,4240.24,4232.89,4238.24,10550.0
2025-12-11 03:00:00+00:00,4238.35,4240.67,4229.55,4229.89,8413.0
2025-12-11 03:30:00+00:00,4229.969999999999,4230.35,4220.34,4222.28,11218.0
2025-12-11 04:00:00+00:00,4222.4400000000005,4224.86,4209.27,4212.94,12114.0
2025-12-11 04:30:00+00:00,4213.110000000001,4218.44,4212.08,4216.69,7044.0
2025-12-11 05:00:00+00:00,4216.85,4218.29,4210.69,4212.83,5894.0
2025-12-11 05:30:00+00:00,4212.969999999999,4216.02,4208.48,4213.46,6933.0
2025-12-11 06:00:00+00:00,4213.59,4216.27,4209.85,4212.13,6499.0
2025-12-11 06:30:00+00:00,4212.24,4212.79,4206.14,4207.49,9861.0
2025-12-11 07:00:00+00:00,4207.66,4214.54,4204.15,4213.78,8114.0
2025-12-11 07:30:00+00:00,4213.9,4215.26,4211.03,4214.26,8055.0
2025-12-11 08:00:00+00:00,4214.35,4214.69,4210.53,4213.17,6636.0
2025-12-11 08:30:00+00:00,4213.33,4218.51,4211.4,4216.02,6432.0
2025-12-11 09:00:00+00:00,4216.18,4217.76,4212.78,4214.27,7365.0
2025-12-11 09:30:00+00:00,4214.43,4219.55,4213.63,4216.47,6579.0
2025-12-11 10:00:00+00:00,4216.639999999999,4217.79,4210.3,4214.08,7594.0
2025-12-11 10:30:00+00:00,4214.200000000001,4221.54,4213.63,4218.48,6636.0
2025-12-11 11:00:00+00:00,4218.639999999999,4225.8,4216.22,4217.18,8807.0
2025-12-11 11:30:00+00:00,4217.370000000001,4218.99,4211.83,4216.84,6865.0
2025-12-11 12:00:00+00:00,4216.969999999999,4219.01,4214.07,4214.65,5288.0
2025-12-11 12:30:00+00:00,4214.75,4215.32,4209.67,4211.2,5725.0
2025-12-11 13:00:00+00:00,4211.26,4218.22,4208.73,4217.98,6934.0
2025-12-11 13:30:00+00:00,4218.15,4220.33,4216.73,4220.33,5843.0
2025-12-11 14:00:00+00:00,4220.5,4222.34,4205.17,4212.99,10478.0
2025-12-11 14:30:00+00:00,4213.27,4223.22,4209.24,4220.95,10664.0
2025-12-11 15:00:00+00:00,4221.17,4231.89,4217.92,4231.0,20962.0
2025-12-11 15:30:00+00:00,4231.17,4244.48,4229.02,4229.99,17390.0
2025-12-11 16:00:00+00:00,4230.1,4244.28,4226.06,4238.86,14387.0
2025-12-11 16:30:00+00:00,4239.0599999999995,4261.41,4238.23,4255.98,14421.0
2025-12-11 17:00:00+00:00,4256.15,4261.54,4250.07,4257.17,13603.0
2025-12-11 17:30:00+00:00,4257.4400000000005,4278.92,4255.35,4273.35,13586.0
2025-12-11 18:00:00+00:00,4273.57,4281.73,4272.16,4275.95,12985.0
2025-12-11 18:30:00+00:00,4276.110000000001,4279.46,4272.09,4278.59,11167.0
2025-12-11 19:00:00+00:00,4278.73,4285.78,4277.06,4281.68,9911.0
2025-12-11 19:30:00+00:00,4281.85,4284.04,4266.6,4268.0,10312.0
2025-12-11 20:00:00+00:00,4268.129999999999,4274.56,4263.04,4273.04,10405.0
2025-12-11 20:30:00+00:00,4273.17,4277.56,4271.36,4273.44,7773.0
2025-12-11 21:00:00+00:00,4273.629999999999,4274.1,4264.21,4268.65,10410.0
2025-12-11 21:30:00+00:00,4268.85,4276.36,4268.32,4276.21,11613.0
2025-12-11 22:00:00+00:00,4276.379999999999,4279.57,4272.62,4279.54,5555.0
2025-12-11 22:30:00+00:00,4279.700000000001,4283.67,4276.93,4279.73,4993.0
2025-12-12 00:00:00+00:00,4280.18,4283.39,4277.63,4280.0,3497.0
2025-12-12 00:30:00+00:00,4280.1,4281.23,4272.4,4276.38,5722.0
2025-12-12 01:00:00+00:00,4276.52,4280.15,4273.67,4278.42,5734.0
2025-12-12 01:30:00+00:00,4278.6,4279.02,4268.75,4269.37,6170.0
2025-12-12 02:00:00+00:00,4269.620000000001,4276.09,4264.66,4266.13,11717.0
2025-12-12 02:30:00+00:00,4266.29,4273.99,4265.1,4270.98,10254.0
2025-12-12 03:00:00+00:00,4271.04,4276.66,4270.37,4273.69,7636.0
2025-12-12 03:30:00+00:00,4273.860000000001,4276.72,4269.38,4270.4,7424.0
2025-12-12 04:00:00+00:00,4270.51,4274.53,4268.66,4269.95,6971.0
2025-12-12 04:30:00+00:00,4270.09,4272.96,4269.16,4270.53,4944.0
2025-12-12 05:00:00+00:00,4270.67,4270.89,4266.81,4268.39,4120.0
2025-12-12 05:30:00+00:00,4268.58,4268.74,4266.2,4266.44,4581.0
2025-12-12 06:00:00+00:00,4266.6,4275.6,4266.09,4274.23,4926.0
2025-12-12 06:30:00+00:00,4274.360000000001,4280.45,4274.15,4278.94,6981.0
2025-12-12 07:00:00+00:00,4279.1,4281.41,4276.56,4281.02,7518.0
2025-12-12 07:30:00+00:00,4281.16,4283.18,4279.24,4282.78,6398.0
2025-12-12 08:00:00+00:00,4282.84,4288.69,4281.35,4285.87,6293.0
2025-12-12 08:30:00+00:00,4286.01,4290.28,4284.15,4287.03,6050.0
2025-12-12 09:00:00+00:00,4287.1900000000005,4295.56,4286.95,4294.39,7920.0
2025-12-12 09:30:00+00:00,4294.59,4309.36,4294.27,4308.07,7771.0
2025-12-12 10:00:00+00:00,4308.23,4317.73,4306.85,4313.41,9750.0
2025-12-12 10:30:00+00:00,4313.52,4320.18,4307.22,4318.26,8695.0
2025-12-12 11:00:00+00:00,4318.46,4321.89,4314.68,4316.88,7893.0
2025-12-12 11:30:00+00:00,4316.99,4330.92,4316.44,4329.74,9967.0
2025-12-12 12:00:00+00:00,4329.9,4339.13,4326.9,4334.3,9409.0
2025-12-12 12:30:00+00:00,4334.48,4338.89,4330.12,4336.27,8430.0
2025-12-12 13:00:00+00:00,4336.450000000001,4339.01,4330.1,4332.53,9334.0
2025-12-12 13:30:00+00:00,4332.700000000001,4334.03,4324.71,4325.71,9426.0
2025-12-12 14:00:00+00:00,4325.85,4339.26,4321.32,4335.92,12897.0
2025-12-12 14:30:00+00:00,4336.0599999999995,4346.04,4332.35,4340.92,13387.0
2025-12-12 15:00:00+00:00,4341.01,4345.77,4338.36,4340.62,12478.0
2025-12-12 15:30:00+00:00,4340.780000000001,4353.41,4330.8,4346.98,21059.0
2025-12-12 16:00:00+00:00,4347.1,4351.42,4298.55,4300.75,25918.0
2025-12-12 16:30:00+00:00,4300.799999999999,4321.88,4283.07,4290.23,56466.0
2025-12-12 17:00:00+00:00,4289.66,4296.54,4272.03,4289.77,25897.0
2025-12-12 17:30:00+00:00,4289.98,4289.83,4257.15,4281.82,24061.0
2025-12-12 18:00:00+00:00,4282.049999999999,4290.64,4271.11,4282.13,18840.0
2025-12-12 18:30:00+00:00,4282.26,4298.29,4281.61,4294.21,13604.0
2025-12-12 19:00:00+00:00,4294.49,4303.43,4291.68,4295.33,13289.0
2025-12-12 19:30:00+00:00,4295.54,4300.39,4290.49,4294.82,10958.0
2025-12-12 20:00:00+00:00,4295.09,4299.69,4289.66,4295.97,11002.0
2025-12-12 20:30:00+00:00,4296.129999999999,4298.6,4293.5,4296.46,8879.0
2025-12-12 21:00:00+00:00,4296.5599999999995,4302.79,4291.15,4293.21,9325.0
2025-12-12 21:30:00+00:00,4293.370000000001,4302.77,4288.35,4299.22,11216.0
2025-12-12 22:00:00+00:00,4299.34,4303.73,4298.13,4303.01,4231.0
2025-12-12 22:30:00+00:00,4303.17,4304.12,4299.29,4299.91,3348.0
2025-12-15 00:00:00+00:00,4300.700000000001,4308.17,4294.55,4304.87,10319.0
2025-12-15 00:30:00+00:00,4305.04,4308.35,4301.38,4302.42,5486.0
2025-12-15 01:00:00+00:00,4302.610000000001,4306.65,4299.89,4301.93,4984.0
2025-12-15 01:30:00+00:00,4302.049999999999,4307.99,4301.89,4307.46,5979.0
2025-12-15 02:00:00+00:00,4307.6,4315.69,4305.71,4314.89,11203.0
2025-12-15 02:30:00+00:00,4315.07,4325.55,4314.57,4322.49,10415.0
2025-12-15 03:00:00+00:00,4322.59,4326.88,4320.88,4324.19,9031.0
2025-12-15 03:30:00+00:00,4324.33,4329.09,4324.06,4326.34,9899.0
2025-12-15 04:00:00+00:00,4326.42,4329.65,4319.36,4323.84,11109.0
2025-12-15 04:30:00+00:00,4324.01,4328.73,4323.69,4327.23,7560.0
2025-12-15 05:00:00+00:00,4327.370000000001,4330.02,4325.29,4327.7,6329.0
2025-12-15 05:30:00+00:00,4327.879999999999,4327.94,4323.11,4325.97,5633.0
2025-12-15 06:00:00+00:00,4326.110000000001,4330.89,4324.69,4329.67,5663.0
2025-12-15 06:30:00+00:00,4329.66,4344.29,4329.37,4343.46,10166.0
2025-12-15 07:00:00+00:00,4343.639999999999,4345.51,4339.7,4343.96,10910.0
2025-12-15 07:30:00+00:00,4344.139999999999,4347.33,4341.93,4343.57,6380.0
2025-12-15 08:00:00+00:00,4343.65,4344.69,4340.63,4344.0,6780.0
2025-12-15 08:30:00+00:00,4344.17,4344.42,4333.61,4339.25,7042.0
2025-12-15 09:00:00+00:00,4339.389999999999,4346.66,4338.87,4345.88,6883.0
2025-12-15 09:30:00+00:00,4346.049999999999,4348.9,4343.86,4346.85,6672.0
2025-12-15 10:00:00+00:00,4346.969999999999,4350.2,4343.27,4347.69,7087.0
2025-12-15 10:30:00+00:00,4347.85,4350.03,4342.32,4342.52,6864.0
2025-12-15 11:00:00+00:00,4342.77,4348.15,4340.69,4342.63,5807.0
2025-12-15 11:30:00+00:00,4342.83,4343.46,4337.71,4339.61,7315.0
2025-12-15 12:00:00+00:00,4339.77,4341.61,4335.31,4340.71,5449.0
2025-12-15 12:30:00+00:00,4340.879999999999,4343.59,4338.99,4342.63,5194.0
2025-12-15 13:00:00+00:00,4342.79,4346.44,4342.54,4346.34,6293.0
2025-12-15 13:30:00+00:00,4346.51,4348.24,4343.5,4345.63,6003.0
2025-12-15 14:00:00+00:00,4345.799999999999,4346.27,4333.66,4339.43,12538.0
2025-12-15 14:30:00+00:00,4339.72,4344.51,4330.81,4332.16,10435.0
2025-12-15 15:00:00+00:00,4332.34,4336.54,4321.23,4325.12,12155.0
2025-12-15 15:30:00+00:00,4325.219999999999,4335.1,4317.45,4323.6,22960.0
2025-12-15 16:00:00+00:00,4323.780000000001,4327.55,4311.59,4314.21,21148.0
2025-12-15 16:30:00+00:00,4314.27,4327.72,4313.06,4318.18,14984.0
2025-12-15 17:00:00+00:00,4318.32,4318.76,4292.85,4296.0,17972.0
2025-12-15 17:30:00+00:00,4296.129999999999,4300.15,4285.33,4297.48,15847.0
2025-12-15 18:00:00+00:00,4297.59,4303.46,4290.7,4302.08,11654.0
2025-12-15 18:30:00+00:00,4302.219999999999,4306.46,4300.26,4304.38,9262.0
2025-12-15 19:00:00+00:00,4304.469999999999,4306.46,4299.89,4305.46,8366.0
2025-12-15 19:30:00+00:00,4305.59,4313.56,4302.56,4313.03,8463.0
2025-12-15 20:00:00+00:00,4313.1900000000005,4317.5,4309.03,4309.21,7962.0
2025-12-15 20:30:00+00:00,4309.379999999999,4314.47,4307.84,4314.08,6745.0
2025-12-15 21:00:00+00:00,4314.25,4314.39,4299.51,4305.11,9535.0
2025-12-15 21:30:00+00:00,4305.23,4307.61,4300.44,4304.44,9370.0
2025-12-15 22:00:00+00:00,4304.6,4305.66,4300.8,4303.81,4115.0
2025-12-15 22:30:00+00:00,4303.969999999999,4305.85,4301.06,4305.23,2413.0
2025-12-16 00:00:00+00:00,4306.23,4309.76,4305.4,4307.53,6271.0
2025-12-16 00:30:00+00:00,4307.82,4308.52,4303.33,4304.1,4253.0
2025-12-16 01:00:00+00:00,4304.34,4310.05,4302.67,4309.52,8712.0
2025-12-16 01:30:00+00:00,4309.68,4313.15,4305.68,4307.8,8172.0
2025-12-16 02:00:00+00:00,4308.0,4311.84,4299.09,4311.36,11510.0
2025-12-16 02:30:00+00:00,4311.5,4317.76,4304.74,4308.76,9758.0
2025-12-16 03:00:00+00:00,4308.9,4312.15,4305.78,4310.82,8217.0
2025-12-16 03:30:00+00:00,4310.99,4311.93,4286.57,4289.47,11584.0
2025-12-16 04:00:00+00:00,4289.629999999999,4294.38,4280.65,4287.57,14104.0
2025-12-16 04:30:00+00:00,4287.82,4291.61,4282.84,4290.76,8607.0
2025-12-16 05:00:00+00:00,4290.93,4292.16,4286.59,4288.15,6671.0
2025-12-16 05:30:00+00:00,4288.25,4291.7,4287.62,4289.0,5267.0
2025-12-16 06:00:00+00:00,4289.1900000000005,4292.11,4279.79,4280.65,7836.0
2025-12-16 06:30:00+00:00,4280.82,4287.65,4271.55,4284.05,11288.0
2025-12-16 07:00:00+00:00,4284.27,4289.88,4282.61,4286.97,7518.0
2025-12-16 07:30:00+00:00,4287.04,4291.98,4285.76,4289.17,6927.0
2025-12-16 08:00:00+00:00,4289.3,4289.81,4279.57,4280.96,7614.0
2025-12-16 08:30:00+00:00,4281.120000000001,4288.43,4280.01,4287.61,7025.0
2025-12-16 09:00:00+00:00,4287.74,4289.25,4275.62,4279.03,8938.0
2025-12-16 09:30:00+00:00,4279.219999999999,4286.78,4275.38,4284.69,8453.0
2025-12-16 10:00:00+00:00,4284.860000000001,4285.88,4281.12,4281.51,5406.0
2025-12-16 10:30:00+00:00,4281.6900000000005,4283.6,4276.39,4280.3,6489.0
2025-12-16 11:00:00+00:00,4280.5599999999995,4284.25,4276.53,4277.73,6814.0
2025-12-16 11:30:00+00:00,4277.870000000001,4281.44,4274.71,4277.21,6359.0
2025-12-16 12:00:00+00:00,4277.35,4278.52,4273.67,4277.32,5727.0
2025-12-16 12:30:00+00:00,4277.5,4279.42,4275.45,4278.41,5386.0
2025-12-16 13:00:00+00:00,4278.549999999999,4292.55,4276.69,4291.44,9016.0
2025-12-16 13:30:00+00:00,4291.6,4294.85,4287.66,4294.46,6466.0
2025-12-16 14:00:00+00:00,4294.620000000001,4301.93,4290.73,4301.46,9545.0
2025-12-16 14:30:00+00:00,4301.78,4313.12,4299.88,4312.92,15978.0
2025-12-16 15:00:00+00:00,4313.01,4330.47,4311.32,4325.57,12031.0
2025-12-16 15:30:00+00:00,4325.71,4332.05,4321.78,4324.6,17115.0
2025-12-16 16:00:00+00:00,4324.83,4334.99,4312.4,4320.92,17813.0
2025-12-16 16:30:00+00:00,4321.08,4329.99,4319.02,4319.65,14622.0
2025-12-16 17:00:00+00:00,4319.73,4323.03,4303.68,4307.5,13909.0
2025-12-16 17:30:00+00:00,4307.629999999999,4307.48,4291.1,4300.45,13777.0
2025-12-16 18:00:00+00:00,4300.65,4310.78,4300.13,4302.86,9962.0
2025-12-16 18:30:00+00:00,4302.969999999999,4308.86,4300.36,4303.49,9163.0
2025-12-16 19:00:00+00:00,4303.6,4305.77,4298.07,4301.71,10994.0
2025-12-16 19:30:00+00:00,4301.84,4313.42,4301.06,4311.18,8954.0
2025-12-16 20:00:00+00:00,4311.32,4311.57,4296.96,4305.5,10352.0
2025-12-16 20:30:00+00:00,4305.639999999999,4315.88,4304.62,4310.62,9192.0
2025-12-16 21:00:00+00:00,4310.700000000001,4314.4,4307.98,4310.82,6632.0
2025-12-16 21:30:00+00:00,4311.049999999999,4312.26,4302.85,4304.68,9405.0
2025-12-16 22:00:00+00:00,4304.82,4305.51,4300.69,4302.36,4046.0
2025-12-16 22:30:00+00:00,4302.5,4304.9,4301.23,4302.36,1620.0
2025-12-17 00:00:00+00:00,4303.370000000001,4306.97,4301.59,4306.36,4341.0
2025-12-17 00:30:00+00:00,4306.5599999999995,4309.05,4305.37,4307.69,4557.0
2025-12-17 01:00:00+00:00,4307.879999999999,4315.0,4307.32,4313.42,4952.0
2025-12-17 01:30:00+00:00,4313.5599999999995,4314.38,4311.18,4313.23,4215.0
2025-12-17 02:00:00+00:00,4313.34,4320.19,4311.41,4316.9,10657.0
2025-12-17 02:30:00+00:00,4317.09,4326.75,4316.15,4326.55,12650.0
2025-12-17 03:00:00+00:00,4326.6900000000005,4327.79,4318.3,4320.55,10648.0
2025-12-17 03:30:00+00:00,4320.77,4322.97,4311.14,4314.26,9413.0
2025-12-17 04:00:00+00:00,4314.4400000000005,4320.18,4312.57,4318.52,8836.0
2025-12-17 04:30:00+00:00,4318.6900000000005,4325.08,4318.24,4323.62,7344.0
2025-12-17 05:00:00+00:00,4323.780000000001,4325.94,4321.15,4322.55,5660.0
2025-12-17 05:30:00+00:00,4322.6900000000005,4331.45,4320.49,4329.57,7444.0
2025-12-17 06:00:00+00:00,4329.780000000001,4337.93,4328.0,4330.96,11009.0
2025-12-17 06:30:00+00:00,4331.15,4342.5,4330.97,4333.89,9674.0
2025-12-17 07:00:00+00:00,4334.049999999999,4337.66,4330.32,4332.43,8327.0
2025-12-17 07:30:00+00:00,4332.530000000001,4333.07,4324.78,4328.61,7734.0
2025-12-17 08:00:00+00:00,4328.780000000001,4328.63,4319.45,4322.99,8391.0
2025-12-17 08:30:00+00:00,4323.1,4324.55,4315.46,4317.78,7955.0
2025-12-17 09:00:00+00:00,4317.879999999999,4320.81,4308.27,4316.19,9022.0
2025-12-17 09:30:00+00:00,4316.3099999999995,4320.73,4313.15,4319.03,6724.0
2025-12-17 10:00:00+00:00,4319.129999999999,4323.13,4316.96,4322.11,6359.0
2025-12-17 10:30:00+00:00,4322.29,4322.16,4315.88,4316.88,5630.0
2025-12-17 11:00:00+00:00,4317.04,4322.2,4316.05,4319.79,5419.0
2025-12-17 11:30:00+00:00,4319.91,4320.04,4306.4,4317.59,6211.0
2025-12-17 12:00:00+00:00,4317.799999999999,4320.47,4315.89,4318.03,4677.0
2025-12-17 12:30:00+00:00,4318.17,4318.72,4315.04,4316.31,5189.0
2025-12-17 13:00:00+00:00,4316.43,4323.13,4314.9,4321.2,5674.0
2025-12-17 13:30:00+00:00,4321.389999999999,4322.32,4315.8,4317.57,5618.0
2025-12-17 14:00:00+00:00,4317.700000000001,4331.44,4314.88,4327.89,11570.0
2025-12-17 14:30:00+00:00,4328.09,4344.04,4327.94,4342.04,12046.0
2025-12-17 15:00:00+00:00,4342.200000000001,4345.97,4322.77,4329.0,14521.0
2025-12-17 15:30:00+00:00,4329.16,4342.51,4325.42,4338.25,17303.0
2025-12-17 16:00:00+00:00,4338.370000000001,4345.09,4332.83,4343.53,15391.0
2025-12-17 16:30:00+00:00,4343.6900000000005,4349.17,4324.15,4330.11,18352.0
2025-12-17 17:00:00+00:00,4330.4,4334.5,4320.3,4326.56,17186.0
2025-12-17 17:30:00+00:00,4326.79,4337.48,4323.68,4333.45,13595.0
2025-12-17 18:00:00+00:00,4333.620000000001,4339.83,4328.51,4337.04,12279.0
2025-12-17 18:30:00+00:00,4337.18,4342.25,4335.62,4342.25,10572.0
2025-12-17 19:00:00+00:00,4342.469999999999,4346.34,4338.27,4341.66,10350.0
2025-12-17 19:30:00+00:00,4341.75,4343.92,4328.87,4335.95,12346.0
2025-12-17 20:00:00+00:00,4336.08,4340.64,4333.18,4339.74,9037.0
2025-12-17 20:30:00+00:00,4339.9,4340.92,4330.22,4336.92,7937.0
2025-12-17 21:00:00+00:00,4337.129999999999,4342.66,4335.19,4341.48,8260.0
2025-12-17 21:30:00+00:00,4341.620000000001,4346.03,4338.52,4341.19,8494.0
2025-12-17 22:00:00+00:00,4341.379999999999,4346.27,4340.51,4344.09,3517.0
2025-12-17 22:30:00+00:00,4344.25,4344.59,4337.57,4338.07,3091.0
2025-12-18 00:00:00+00:00,4340.13,4341.03,4335.64,4338.08,2876.0
2025-12-18 00:30:00+00:00,4338.25,4343.09,4337.2,4339.03,4717.0
2025-12-18 01:00:00+00:00,4339.139999999999,4342.8,4336.77,4337.65,6105.0
2025-12-18 01:30:00+00:00,4337.84,4340.39,4332.95,4334.61,6515.0
2025-12-18 02:00:00+00:00,4334.780000000001,4336.88,4324.79,4324.8,11199.0
2025-12-18 02:30:00+00:00,4324.98,4331.66,4324.26,4331.47,8939.0
2025-12-18 03:00:00+00:00,4331.629999999999,4336.19,4329.77,4334.45,6738.0
2025-12-18 03:30:00+00:00,4334.610000000001,4337.63,4330.59,4333.16,7760.0
2025-12-18 04:00:00+00:00,4333.32,4336.69,4330.82,4333.15,6892.0
2025-12-18 04:30:00+00:00,4333.34,4335.67,4331.14,4333.02,6351.0
2025-12-18 05:00:00+00:00,4333.21,4333.38,4328.93,4330.34,4753.0
2025-12-18 05:30:00+00:00,4330.51,4332.46,4328.53,4331.81,4541.0
2025-12-18 06:00:00+00:00,4331.950000000001,4337.33,4331.03,4335.81,5892.0
2025-12-18 06:30:00+00:00,4335.950000000001,4337.23,4332.24,4333.16,8052.0
2025-12-18 07:00:00+00:00,4333.32,4335.31,4330.65,4333.47,7487.0
2025-12-18 07:30:00+00:00,4333.639999999999,4336.06,4332.01,4333.89,6684.0
2025-12-18 08:00:00+00:00,4334.0,4335.1,4329.94,4335.02,5158.0
2025-12-18 08:30:00+00:00,4335.21,4337.66,4331.33,4331.38,5243.0
2025-12-18 09:00:00+00:00,4331.450000000001,4332.49,4324.96,4327.16,7171.0
2025-12-18 09:30:00+00:00,4327.280000000001,4328.75,4321.86,4326.51,5799.0
2025-12-18 10:00:00+00:00,4326.620000000001,4328.53,4323.63,4324.68,5885.0
2025-12-18 10:30:00+00:00,4324.82,4326.9,4320.51,4323.34,6081.0
2025-12-18 11:00:00+00:00,4323.450000000001,4325.74,4322.86,4323.53,4213.0
2025-12-18 11:30:00+00:00,4323.67,4327.51,4321.95,4325.18,5033.0
2025-12-18 12:00:00+00:00,4325.379999999999,4328.51,4324.27,4325.62,4535.0
2025-12-18 12:30:00+00:00,4325.799999999999,4327.01,4324.55,4325.55,3557.0
2025-12-18 13:00:00+00:00,4325.68,4326.43,4317.04,4319.34,5576.0
2025-12-18 13:30:00+00:00,4319.41,4323.44,4318.38,4320.86,5531.0
2025-12-18 14:00:00+00:00,4320.93,4324.13,4314.44,4320.67,10209.0
2025-12-18 14:30:00+00:00,4320.73,4342.96,4320.49,4336.45,16423.0
2025-12-18 15:00:00+00:00,4336.5599999999995,4341.43,4332.46,4332.75,11866.0
2025-12-18 15:30:00+00:00,4332.83,4341.15,4308.59,4328.48,22798.0
2025-12-18 16:00:00+00:00,4328.71,4336.91,4324.97,4332.93,16461.0
2025-12-18 16:30:00+00:00,4333.049999999999,4341.45,4331.31,4338.02,13280.0
2025-12-18 17:00:00+00:00,4338.129999999999,4374.52,4337.65,4367.23,17323.0
2025-12-18 17:30:00+00:00,4367.389999999999,4371.69,4356.32,4360.2,15524.0
2025-12-18 18:00:00+00:00,4360.370000000001,4363.34,4321.86,4327.73,23518.0
2025-12-18 18:30:00+00:00,4327.9400000000005,4341.46,4324.99,4333.17,13689.0
2025-12-18 19:00:00+00:00,4333.360000000001,4341.16,4331.38,4332.02,11637.0
2025-12-18 19:30:00+00:00,4332.25,4340.24,4325.53,4331.65,9407.0
2025-12-18 20:00:00+00:00,4331.76,4334.11,4326.32,4333.39,9144.0
2025-12-18 20:30:00+00:00,4333.5599999999995,4334.59,4322.7,4324.86,10672.0
2025-12-18 21:00:00+00:00,4325.0599999999995,4335.86,4324.48,4332.27,9291.0
2025-12-18 21:30:00+00:00,4332.43,4338.11,4331.01,4334.73,9022.0
2025-12-18 22:00:00+00:00,4334.870000000001,4334.72,4330.65,4332.14,4290.0
2025-12-18 22:30:00+00:00,4332.200000000001,4333.88,4328.56,4332.52,2440.0
2025-12-19 00:00:00+00:00,4333.49,4336.55,4332.57,4334.0,2849.0
2025-12-19 00:30:00+00:00,4334.24,4336.82,4333.53,4335.09,2910.0
2025-12-19 01:00:00+00:00,4335.15,4335.72,4327.81,4331.17,4259.0
2025-12-19 01:30:00+00:00,4331.379999999999,4332.21,4325.59,4325.9,3489.0
2025-12-19 02:00:00+00:00,4326.1,4328.28,4310.04,4313.07,11309.0
2025-12-19 02:30:00+00:00,4313.299999999999,4324.02,4309.32,4323.26,8305.0
2025-12-19 03:00:00+00:00,4323.43,4327.77,4321.57,4324.5,7558.0
2025-12-19 03:30:00+00:00,4324.71,4326.02,4314.2,4316.73,7256.0
2025-12-19 04:00:00+00:00,4316.8099999999995,4321.75,4312.63,4319.21,8582.0
2025-12-19 04:30:00+00:00,4319.530000000001,4322.5,4317.36,4317.94,4271.0
2025-12-19 05:00:00+00:00,4318.1,4319.81,4316.89,4317.35,4467.0
2025-12-19 05:30:00+00:00,4317.49,4323.01,4317.26,4322.68,4845.0
2025-12-19 06:00:00+00:00,4322.93,4323.82,4317.57,4319.86,4683.0
2025-12-19 06:30:00+00:00,4320.049999999999,4328.97,4319.82,4325.97,7849.0
2025-12-19 07:00:00+00:00,4326.15,4329.39,4324.28,4327.11,6874.0
2025-12-19 07:30:00+00:00,4327.299999999999,4328.06,4321.57,4326.45,7253.0
2025-12-19 08:00:00+00:00,4326.58,4328.36,4323.0,4327.4,6850.0
2025-12-19 08:30:00+00:00,4327.5599999999995,4329.45,4321.6,4322.58,5708.0
2025-12-19 09:00:00+00:00,4322.719999999999,4326.07,4321.01,4324.89,6430.0
2025-12-19 09:30:00+00:00,4325.07,4330.86,4324.77,4326.06,6129.0
2025-12-19 10:00:00+00:00,4326.18,4328.29,4324.28,4326.79,4020.0
2025-12-19 10:30:00+00:00,4326.969999999999,4333.53,4325.81,4329.35,6197.0
2025-12-19 11:00:00+00:00,4329.41,4331.65,4327.09,4327.26,5685.0
2025-12-19 11:30:00+00:00,4327.42,4329.62,4322.37,4327.78,5793.0
2025-12-19 12:00:00+00:00,4327.9400000000005,4329.01,4325.6,4327.2,5541.0
2025-12-19 12:30:00+00:00,4327.34,4329.4,4325.1,4327.12,5781.0
2025-12-19 13:00:00+00:00,4327.389999999999,4327.69,4320.57,4325.59,6805.0
2025-12-19 13:30:00+00:00,4325.77,4328.81,4323.23,4326.76,5646.0
2025-12-19 14:00:00+00:00,4327.0,4335.18,4326.1,4334.79,9475.0
2025-12-19 14:30:00+00:00,4334.950000000001,4335.8,4327.33,4328.4,9189.0
2025-12-19 15:00:00+00:00,4328.54,4334.05,4325.19,4327.67,10787.0
2025-12-19 15:30:00+00:00,4327.780000000001,4337.94,4319.67,4332.61,15358.0
2025-12-19 16:00:00+00:00,4332.67,4346.41,4332.05,4337.53,14178.0
2025-12-19 16:30:00+00:00,4337.66,4348.88,4336.79,4347.68,13837.0
2025-12-19 17:00:00+00:00,4347.799999999999,4354.75,4341.97,4346.81,12402.0
2025-12-19 17:30:00+00:00,4346.98,4351.01,4343.17,4349.82,9122.0
2025-12-19 18:00:00+00:00,4349.85,4353.74,4347.13,4351.73,8720.0
2025-12-19 18:30:00+00:00,4351.889999999999,4355.95,4349.86,4353.44,8210.0
2025-12-19 19:00:00+00:00,4353.549999999999,4356.48,4350.35,4354.36,8414.0
2025-12-19 19:30:00+00:00,4354.52,4354.9,4343.19,4348.52,9154.0
2025-12-19 20:00:00+00:00,4348.68,4350.53,4346.23,4347.56,6246.0
2025-12-19 20:30:00+00:00,4347.700000000001,4349.72,4345.1,4345.21,5981.0
2025-12-19 21:00:00+00:00,4345.29,4346.42,4341.38,4345.27,7693.0
2025-12-19 21:30:00+00:00,4345.370000000001,4345.22,4336.76,4339.5,9754.0
2025-12-19 22:00:00+00:00,4339.639999999999,4340.03,4336.75,4337.68,2691.0
2025-12-19 22:30:00+00:00,4337.799999999999,4339.52,4336.53,4339.03,2112.0
2025-12-22 00:00:00+00:00,4340.6,4349.02,4337.94,4348.57,3992.0
2025-12-22 00:30:00+00:00,4348.780000000001,4356.32,4347.05,4355.25,3944.0
2025-12-22 01:00:00+00:00,4355.389999999999,4365.19,4355.24,4363.27,7257.0
2025-12-22 01:30:00+00:00,4363.389999999999,4366.26,4361.61,4364.78,4790.0
2025-12-22 02:00:00+00:00,4365.0599999999995,4372.55,4361.3,4367.88,10485.0
2025-12-22 02:30:00+00:00,4368.01,4384.83,4367.81,4382.94,10040.0
2025-12-22 03:00:00+00:00,4383.08,4384.05,4378.61,4378.96,5966.0
2025-12-22 03:30:00+00:00,4379.1,4388.61,4378.58,4385.87,7837.0
2025-12-22 04:00:00+00:00,4386.0,4390.81,4384.11,4388.94,5987.0
2025-12-22 04:30:00+00:00,4389.139999999999,4394.88,4387.98,4392.6,4191.0
2025-12-22 05:00:00+00:00,4392.73,4397.29,4391.38,4394.64,4047.0
2025-12-22 05:30:00+00:00,4394.77,4400.78,4393.96,4398.37,3717.0
2025-12-22 06:00:00+00:00,4398.5,4405.39,4396.7,4404.82,4365.0
2025-12-22 06:30:00+00:00,4404.99,4409.45,4397.46,4400.19,9177.0
2025-12-22 07:00:00+00:00,4400.360000000001,4405.32,4398.85,4401.0,6558.0
2025-12-22 07:30:00+00:00,4401.1900000000005,4419.8,4400.06,4419.15,7042.0
2025-12-22 08:00:00+00:00,4419.280000000001,4420.16,4410.57,4415.8,6407.0
2025-12-22 08:30:00+00:00,4415.98,4417.98,4412.42,4414.33,4596.0
2025-12-22 09:00:00+00:00,4414.35,4414.66,4409.4,4413.22,6649.0
2025-12-22 09:30:00+00:00,4413.379999999999,4414.86,4406.17,4408.22,5624.0
2025-12-22 10:00:00+00:00,4408.389999999999,4413.84,4408.03,4412.45,4677.0
2025-12-22 10:30:00+00:00,4412.59,4414.8,4411.02,4411.05,4036.0
2025-12-22 11:00:00+00:00,4411.24,4415.73,4410.95,4411.58,4465.0
2025-12-22 11:30:00+00:00,4411.75,4411.73,4406.18,4408.65,5491.0
2025-12-22 12:00:00+00:00,4408.780000000001,4410.31,4406.09,4409.18,4685.0
2025-12-22 12:30:00+00:00,4409.3099999999995,4411.51,4408.5,4410.24,5129.0
2025-12-22 13:00:00+00:00,4410.3099999999995,4413.2,4406.16,4408.99,6405.0
2025-12-22 13:30:00+00:00,4409.15,4415.79,4407.53,4415.56,5383.0
2025-12-22 14:00:00+00:00,4415.74,4427.26,4412.73,4418.6,11281.0
2025-12-22 14:30:00+00:00,4418.79,4427.03,4418.21,4423.54,8538.0
2025-12-22 15:00:00+00:00,4423.75,4429.0,4421.52,4426.34,8513.0
2025-12-22 15:30:00+00:00,4426.549999999999,4429.37,4414.63,4419.03,15916.0
2025-12-22 16:00:00+00:00,4419.280000000001,4423.42,4412.05,4417.91,13521.0
2025-12-22 16:30:00+00:00,4418.08,4435.48,4416.41,4431.78,9932.0
2025-12-22 17:00:00+00:00,4431.91,4440.33,4428.11,4437.72,10882.0
2025-12-22 17:30:00+00:00,4437.860000000001,4442.07,4433.09,4438.63,8887.0
2025-12-22 18:00:00+00:00,4438.77,4441.93,4433.67,4434.21,6581.0
2025-12-22 18:30:00+00:00,4434.34,4438.72,4432.03,4438.43,6561.0
2025-12-22 19:00:00+00:00,4438.610000000001,4438.91,4433.49,4434.1,5565.0
2025-12-22 19:30:00+00:00,4434.26,4437.25,4429.4,4435.14,5469.0
2025-12-22 20:00:00+00:00,4435.3099999999995,4435.83,4428.77,4432.64,5830.0
2025-12-22 20:30:00+00:00,4432.76,4433.99,4431.18,4433.49,4426.0
2025-12-22 21:00:00+00:00,4433.6,4438.59,4431.92,4432.35,5776.0
2025-12-22 21:30:00+00:00,4432.48,4439.21,4431.73,4438.56,6076.0
2025-12-22 22:00:00+00:00,4438.76,4449.03,4438.52,4447.82,4169.0
2025-12-22 22:30:00+00:00,4447.98,4449.15,4442.96,4443.44,3418.0
2025-12-23 00:00:00+00:00,4448.030000000001,4459.45,4445.29,4458.88,4678.0
2025-12-23 00:30:00+00:00,4459.07,4461.62,4452.76,4460.11,5109.0
2025-12-23 01:00:00+00:00,4460.17,4468.45,4457.96,4468.15,5238.0
2025-12-23 01:30:00+00:00,4468.32,4470.46,4466.2,4470.43,3677.0
2025-12-23 02:00:00+00:00,4470.549999999999,4486.66,4469.65,4477.01,12538.0
2025-12-23 02:30:00+00:00,4477.18,4490.52,4476.74,4486.69,7876.0
2025-12-23 03:00:00+00:00,4486.83,4489.32,4481.11,4486.5,7218.0
2025-12-23 03:30:00+00:00,4486.73,4497.73,4486.57,4493.32,7377.0
2025-12-23 04:00:00+00:00,4493.5,4496.57,4483.1,4486.86,8266.0
2025-12-23 04:30:00+00:00,4487.120000000001,4488.74,4484.01,4486.74,6737.0
2025-12-23 05:00:00+00:00,4486.9,4488.3,4484.39,4486.08,4532.0
2025-12-23 05:30:00+00:00,4486.24,4486.87,4478.83,4482.41,5339.0
2025-12-23 06:00:00+00:00,4482.5,4484.62,4476.48,4480.31,6242.0
2025-12-23 06:30:00+00:00,4480.450000000001,4485.49,4474.86,4475.1,8541.0
2025-12-23 07:00:00+00:00,4475.24,4478.03,4469.58,4476.03,7688.0
2025-12-23 07:30:00+00:00,4476.200000000001,4481.47,4474.75,4481.34,6600.0
2025-12-23 08:00:00+00:00,4481.4400000000005,4485.78,4478.33,4484.08,5707.0
2025-12-23 08:30:00+00:00,4484.1900000000005,4489.48,4483.73,4486.59,5642.0
2025-12-23 09:00:00+00:00,4486.719999999999,4490.42,4485.24,4487.03,6064.0
2025-12-23 09:30:00+00:00,4487.200000000001,4493.19,4484.75,4489.78,5823.0
2025-12-23 10:00:00+00:00,4489.83,4491.05,4479.06,4483.08,6956.0
2025-12-23 10:30:00+00:00,4483.219999999999,4484.93,4478.2,4480.32,5520.0
2025-12-23 11:00:00+00:00,4480.48,4487.42,4479.44,4485.76,4633.0
2025-12-23 11:30:00+00:00,4485.889999999999,4485.94,4481.55,4484.36,5129.0
2025-12-23 12:00:00+00:00,4484.530000000001,4486.16,4483.01,4483.87,4559.0
2025-12-23 12:30:00+00:00,4484.09,4494.08,4483.17,4493.44,5224.0
2025-12-23 13:00:00+00:00,4493.6,4493.51,4483.33,4485.16,5155.0
2025-12-23 13:30:00+00:00,4485.32,4489.16,4484.49,4486.26,5557.0
2025-12-23 14:00:00+00:00,4486.32,4497.25,4486.0,4488.77,10042.0
2025-12-23 14:30:00+00:00,4489.0599999999995,4492.41,4473.12,4478.97,14133.0
2025-12-23 15:00:00+00:00,4479.26,4479.73,4453.72,4464.84,15814.0
2025-12-23 15:30:00+00:00,4465.1,4465.0,4441.48,4446.27,22058.0
2025-12-23 16:00:00+00:00,4446.46,4451.9,4430.38,4442.38,22872.0
2025-12-23 16:30:00+00:00,4442.52,4459.16,4441.35,4458.38,12824.0
2025-12-23 17:00:00+00:00,4458.49,4465.19,4456.31,4461.38,10279.0
2025-12-23 17:30:00+00:00,4461.54,4476.4,4455.88,4474.25,9675.0
2025-12-23 18:00:00+00:00,4474.389999999999,4479.82,4470.37,4477.71,10648.0
2025-12-23 18:30:00+00:00,4477.9,4479.32,4469.71,4472.63,9179.0
2025-12-23 19:00:00+00:00,4472.76,4480.96,4472.61,4477.85,8311.0
2025-12-23 19:30:00+00:00,4478.09,4484.94,4472.69,4484.33,6665.0
2025-12-23 20:00:00+00:00,4484.54,4496.21,4484.09,4490.02,8632.0
2025-12-23 20:30:00+00:00,4490.15,4493.94,4488.21,4490.84,6432.0
2025-12-23 21:00:00+00:00,4490.969999999999,4494.54,4489.61,4491.99,6024.0
2025-12-23 21:30:00+00:00,4492.18,4499.74,4489.43,4497.49,7891.0
2025-12-23 22:00:00+00:00,4497.620000000001,4498.87,4489.91,4490.06,3951.0
2025-12-23 22:30:00+00:00,4490.24,4491.31,4483.69,4484.63,3947.0
2025-12-24 00:00:00+00:00,4487.43,4498.04,4483.56,4492.08,4112.0
2025-12-24 00:30:00+00:00,4492.24,4510.29,4492.09,4503.28,7013.0
2025-12-24 01:00:00+00:00,4503.4,4513.89,4500.72,4513.61,6688.0
2025-12-24 01:30:00+00:00,4513.79,4517.98,4508.17,4511.86,7149.0
2025-12-24 02:00:00+00:00,4511.98,4525.75,4506.66,4521.47,14027.0
2025-12-24 02:30:00+00:00,4521.59,4523.44,4518.44,4518.69,9879.0
2025-12-24 03:00:00+00:00,4518.82,4519.19,4504.75,4506.95,9843.0
2025-12-24 03:30:00+00:00,4507.110000000001,4512.22,4475.02,4477.42,10362.0
2025-12-24 04:00:00+00:00,4477.6,4496.2,4466.96,4491.26,16338.0
2025-12-24 04:30:00+00:00,4491.43,4498.37,4490.26,4493.13,7117.0
2025-12-24 05:00:00+00:00,4493.370000000001,4497.55,4491.16,4496.91,5307.0
2025-12-24 05:30:00+00:00,4497.08,4501.3,4496.13,4499.2,3972.0
2025-12-24 06:00:00+00:00,4499.299999999999,4500.55,4485.15,4492.31,7509.0
2025-12-24 06:30:00+00:00,4492.5,4497.16,4488.14,4488.54,8953.0
2025-12-24 07:00:00+00:00,4488.71,4493.01,4485.43,4487.39,6640.0
2025-12-24 07:30:00+00:00,4487.6,4498.02,4487.43,4493.46,7085.0
2025-12-24 08:00:00+00:00,4493.719999999999,4494.96,4490.55,4491.55,6440.0
2025-12-24 08:30:00+00:00,4491.6900000000005,4492.01,4483.51,4483.89,6170.0
2025-12-24 09:00:00+00:00,4484.02,4490.53,4478.1,4485.1,8173.0
2025-12-24 09:30:00+00:00,4485.16,4492.76,4481.53,4482.27,7708.0
2025-12-24 10:00:00+00:00,4482.389999999999,4493.19,4481.78,4489.39,7198.0
2025-12-24 10:30:00+00:00,4489.51,4495.9,4486.46,4494.61,5614.0
2025-12-24 11:00:00+00:00,4494.719999999999,4499.75,4489.78,4494.19,5630.0
2025-12-24 11:30:00+00:00,4494.299999999999,4494.73,4482.44,4489.42,6012.0
2025-12-24 12:00:00+00:00,4489.549999999999,4490.23,4484.87,4487.21,4955.0
2025-12-24 12:30:00+00:00,4487.389999999999,4491.82,4483.28,4491.48,6265.0
2025-12-24 13:00:00+00:00,4491.58,4496.03,4490.8,4493.13,5920.0
2025-12-24 13:30:00+00:00,4493.26,4493.36,4489.76,4490.67,5487.0
2025-12-24 14:00:00+00:00,4490.83,4493.36,4474.5,4478.94,14501.0
2025-12-24 14:30:00+00:00,4479.26,4488.82,4477.72,4487.76,8610.0
2025-12-24 15:00:00+00:00,4487.99,4489.34,4482.03,4484.94,9386.0
2025-12-24 15:30:00+00:00,4485.110000000001,4488.76,4460.29,4464.53,20512.0
2025-12-24 16:00:00+00:00,4464.57,4476.4,4461.27,4469.87,16409.0
2025-12-24 16:30:00+00:00,4469.57,4472.69,4448.26,4458.29,15250.0
2025-12-24 17:00:00+00:00,4458.469999999999,4471.03,4455.88,4468.21,9816.0
2025-12-24 17:30:00+00:00,4468.450000000001,4478.03,4466.89,4476.73,10244.0
2025-12-24 18:00:00+00:00,4476.84,4487.81,4475.58,4477.74,11599.0
2025-12-24 18:30:00+00:00,4477.93,4483.4,4477.19,4480.49,8406.0
2025-12-24 19:00:00+00:00,4480.6,4482.33,4477.28,4480.61,3659.0
2025-12-24 19:30:00+00:00,4480.75,4481.84,4478.79,4479.16,1277.0
2025-12-26 00:00:00+00:00,4482.0599999999995,4499.95,4470.02,4497.6,5826.0
2025-12-26 00:30:00+00:00,4497.860000000001,4500.06,4489.2,4495.15,4089.0
2025-12-26 01:00:00+00:00,4495.360000000001,4507.25,4492.48,4507.22,6419.0
2025-12-26 01:30:00+00:00,4507.33,4517.85,4504.36,4517.78,7360.0
2025-12-26 02:00:00+00:00,4517.92,4531.24,4506.77,4509.86,17211.0
2025-12-26 02:30:00+00:00,4510.0,4515.72,4497.63,4503.79,11845.0
2025-12-26 03:00:00+00:00,4503.879999999999,4509.61,4498.24,4502.15,10380.0
2025-12-26 03:30:00+00:00,4502.200000000001,4508.82,4492.25,4508.77,9663.0
2025-12-26 04:00:00+00:00,4508.93,4513.38,4501.2,4503.06,7839.0
2025-12-26 04:30:00+00:00,4503.43,4505.67,4497.5,4501.75,6565.0
2025-12-26 05:00:00+00:00,4501.889999999999,4510.1,4500.52,4509.51,5983.0
2025-12-26 05:30:00+00:00,4509.6,4511.75,4505.89,4508.99,5276.0
2025-12-26 06:00:00+00:00,4509.120000000001,4511.4,4506.02,4507.24,5494.0
2025-12-26 06:30:00+00:00,4507.4,4514.75,4507.25,4509.99,7872.0
2025-12-26 07:00:00+00:00,4510.08,4518.69,4508.69,4518.37,7235.0
2025-12-26 07:30:00+00:00,4518.5599999999995,4519.27,4508.0,4511.65,8915.0
2025-12-26 08:00:00+00:00,4511.73,4515.4,4508.39,4509.34,5945.0
2025-12-26 08:30:00+00:00,4509.469999999999,4512.82,4507.23,4510.95,5432.0
2025-12-26 09:00:00+00:00,4511.17,4517.26,4509.56,4515.17,5499.0
2025-12-26 09:30:00+00:00,4515.29,4519.39,4513.19,4518.66,5205.0
2025-12-26 10:00:00+00:00,4518.82,4520.54,4515.14,4517.39,4906.0
2025-12-26 10:30:00+00:00,4517.52,4518.16,4511.84,4512.65,4579.0
2025-12-26 11:00:00+00:00,4512.79,4523.53,4511.98,4520.65,5134.0
2025-12-26 11:30:00+00:00,4520.76,4521.97,4511.23,4514.3,6538.0
2025-12-26 12:00:00+00:00,4514.42,4515.25,4503.31,4505.17,8570.0
2025-12-26 12:30:00+00:00,4505.450000000001,4509.67,4502.86,4509.6,8543.0
2025-12-26 13:00:00+00:00,4509.71,4512.56,4507.03,4511.82,6129.0
2025-12-26 13:30:00+00:00,4512.04,4514.85,4506.75,4508.84,5647.0
2025-12-26 14:00:00+00:00,4508.9,4519.76,4503.95,4517.85,10109.0
2025-12-26 14:30:00+00:00,4517.969999999999,4528.24,4515.2,4525.16,11091.0
2025-12-26 15:00:00+00:00,4525.360000000001,4529.93,4522.4,4529.28,9463.0
2025-12-26 15:30:00+00:00,4529.4400000000005,4532.99,4512.72,4520.9,19013.0
2025-12-26 16:00:00+00:00,4521.1,4533.89,4519.59,4533.32,12574.0
2025-12-26 16:30:00+00:00,4533.389999999999,4547.41,4531.88,4546.54,12731.0
2025-12-26 17:00:00+00:00,4546.780000000001,4549.92,4534.63,4545.75,12653.0
2025-12-26 17:30:00+00:00,4545.91,4546.25,4531.27,4536.23,12453.0
2025-12-26 18:00:00+00:00,4536.42,4537.45,4516.8,4518.07,12089.0
2025-12-26 18:30:00+00:00,4518.200000000001,4524.57,4509.98,4518.95,16632.0
2025-12-26 19:00:00+00:00,4519.049999999999,4524.48,4514.7,4518.91,13004.0
2025-12-26 19:30:00+00:00,4519.07,4532.51,4516.07,4530.77,14045.0
2025-12-26 20:00:00+00:00,4530.98,4535.59,4524.67,4529.74,8983.0
2025-12-26 20:30:00+00:00,4529.85,4530.18,4520.0,4523.64,7663.0
2025-12-26 21:00:00+00:00,4523.8099999999995,4535.52,4521.76,4523.58,10233.0
2025-12-26 21:30:00+00:00,4523.719999999999,4533.3,4522.69,4530.93,10386.0
2025-12-26 22:00:00+00:00,4531.0599999999995,4533.14,4527.32,4531.48,4787.0
2025-12-26 22:30:00+00:00,4531.639999999999,4534.58,4529.71,4533.99,5038.0
2025-12-29 00:00:00+00:00,4539.41,4549.74,4523.11,4536.08,11732.0
2025-12-29 00:30:00+00:00,4536.15,4540.17,4525.8,4527.05,8159.0
2025-12-29 01:00:00+00:00,4527.4,4527.87,4482.49,4486.92,16417.0
2025-12-29 01:30:00+00:00,4487.08,4506.74,4472.38,4497.27,12244.0
2025-12-29 02:00:00+00:00,4497.469999999999,4517.44,4492.82,4499.48,14306.0
2025-12-29 02:30:00+00:00,4499.639999999999,4507.71,4492.19,4497.2,12704.0
2025-12-29 03:00:00+00:00,4497.25,4514.14,4496.41,4512.57,8256.0
2025-12-29 03:30:00+00:00,4512.610000000001,4515.71,4508.7,4512.34,8391.0
2025-12-29 04:00:00+00:00,4512.51,4518.74,4509.4,4512.65,9665.0
2025-12-29 04:30:00+00:00,4512.92,4520.45,4512.77,4516.37,6835.0
2025-12-29 05:00:00+00:00,4516.4400000000005,4516.85,4507.6,4514.02,6794.0
2025-12-29 05:30:00+00:00,4514.24,4519.45,4512.97,4515.57,4892.0
2025-12-29 06:00:00+00:00,4515.6900000000005,4515.7,4509.74,4513.99,6142.0
2025-12-29 06:30:00+00:00,4514.08,4519.32,4504.92,4506.63,8596.0
2025-12-29 07:00:00+00:00,4506.76,4510.43,4489.25,4490.65,11370.0
2025-12-29 07:30:00+00:00,4490.82,4497.8,4471.24,4475.12,14246.0
2025-12-29 08:00:00+00:00,4475.21,4481.69,4445.06,4471.73,17188.0
2025-12-29 08:30:00+00:00,4471.889999999999,4479.59,4470.47,4474.62,11515.0
2025-12-29 09:00:00+00:00,4474.84,4488.48,4466.43,4479.98,11882.0
2025-12-29 09:30:00+00:00,4480.139999999999,4480.7,4452.43,4460.93,12458.0
2025-12-29 10:00:00+00:00,4461.04,4468.69,4459.11,4465.99,10135.0
2025-12-29 10:30:00+00:00,4466.1900000000005,4476.18,4460.17,4472.12,7622.0
2025-12-29 11:00:00+00:00,4472.26,4474.51,4462.71,4462.78,6976.0
2025-12-29 11:30:00+00:00,4462.9400000000005,4463.61,4457.03,4460.85,8302.0
2025-12-29 12:00:00+00:00,4460.99,4467.53,4455.89,4465.17,7024.0
2025-12-29 12:30:00+00:00,4465.25,4465.76,4434.09,4446.51,13173.0
2025-12-29 13:00:00+00:00,4446.68,4457.14,4445.57,4456.75,9674.0
2025-12-29 13:30:00+00:00,4456.76,4464.81,4454.81,4464.32,7221.0
2025-12-29 14:00:00+00:00,4464.49,4467.72,4445.36,4451.63,15168.0
2025-12-29 14:30:00+00:00,4451.8099999999995,4454.7,4406.81,4421.39,20028.0
2025-12-29 15:00:00+00:00,4421.5,4421.35,4386.28,4389.5,24321.0
2025-12-29 15:30:00+00:00,4389.91,4389.76,4356.45,4360.3,26670.0
2025-12-29 16:00:00+00:00,4360.389999999999,4360.46,4302.17,4319.59,24768.0
2025-12-29 16:30:00+00:00,4319.65,4339.46,4316.59,4325.17,18997.0
2025-12-29 17:00:00+00:00,4325.1900000000005,4342.64,4323.45,4333.91,15821.0
2025-12-29 17:30:00+00:00,4334.16,4347.4,4328.78,4341.68,13291.0
2025-12-29 18:00:00+00:00,4341.91,4342.96,4322.48,4329.07,13295.0
2025-12-29 18:30:00+00:00,4329.24,4329.76,4314.85,4328.07,11531.0
2025-12-29 19:00:00+00:00,4328.29,4334.89,4322.93,4327.82,13706.0
2025-12-29 19:30:00+00:00,4327.92,4334.24,4326.32,4331.44,8783.0
2025-12-29 20:00:00+00:00,4331.58,4336.63,4327.72,4330.53,8423.0
2025-12-29 20:30:00+00:00,4330.71,4337.8,4330.29,4336.8,6668.0
2025-12-29 21:00:00+00:00,4336.969999999999,4344.53,4336.49,4340.53,7973.0
2025-12-29 21:30:00+00:00,4340.79,4341.41,4325.84,4334.7,9180.0
2025-12-29 22:00:00+00:00,4334.74,4339.17,4328.35,4331.38,5336.0
2025-12-29 22:30:00+00:00,4331.49,4332.67,4327.26,4331.86,3830.0
2025-12-30 00:00:00+00:00,4332.530000000001,4347.11,4323.21,4333.7,8063.0
2025-12-30 00:30:00+00:00,4333.83,4346.88,4330.83,4345.51,5918.0
2025-12-30 01:00:00+00:00,4345.620000000001,4350.8,4337.87,4349.17,6860.0
2025-12-30 01:30:00+00:00,4349.4,4349.26,4334.46,4339.63,7495.0
2025-12-30 02:00:00+00:00,4339.68,4343.31,4324.39,4336.39,12151.0
2025-12-30 02:30:00+00:00,4336.51,4360.11,4331.82,4360.11,11067.0
2025-12-30 03:00:00+00:00,4360.280000000001,4361.71,4351.78,4355.56,10597.0
2025-12-30 03:30:00+00:00,4355.700000000001,4364.88,4349.0,4362.62,10591.0
2025-12-30 04:00:00+00:00,4362.82,4369.07,4357.36,4367.93,9780.0
2025-12-30 04:30:00+00:00,4368.09,4368.68,4356.45,4359.25,6806.0
2025-12-30 05:00:00+00:00,4359.379999999999,4365.8,4357.59,4363.12,4028.0
2025-12-30 05:30:00+00:00,4363.379999999999,4369.62,4362.19,4363.4,3933.0
2025-12-30 06:00:00+00:00,4363.610000000001,4376.02,4358.84,4372.25,5800.0
2025-12-30 06:30:00+00:00,4372.389999999999,4379.99,4371.99,4377.71,10807.0
2025-12-30 07:00:00+00:00,4377.83,4378.44,4364.35,4366.69,9645.0
2025-12-30 07:30:00+00:00,4366.85,4369.73,4359.88,4364.71,10732.0
2025-12-30 08:00:00+00:00,4364.82,4372.39,4359.22,4368.28,9188.0
2025-12-30 08:30:00+00:00,4368.41,4383.19,4368.16,4372.52,8864.0
2025-12-30 09:00:00+00:00,4372.700000000001,4373.6,4351.89,4353.47,9498.0
2025-12-30 09:30:00+00:00,4353.629999999999,4366.19,4350.26,4364.93,9755.0
2025-12-30 10:00:00+00:00,4365.09,4376.13,4364.11,4368.57,8136.0
2025-12-30 10:30:00+00:00,4368.620000000001,4373.73,4367.11,4372.04,7574.0
2025-12-30 11:00:00+00:00,4372.15,4382.67,4367.66,4382.13,7378.0
2025-12-30 11:30:00+00:00,4382.29,4391.58,4378.68,4384.8,8260.0
2025-12-30 12:00:00+00:00,4385.07,4390.17,4384.92,4388.78,7382.0
2025-12-30 12:30:00+00:00,4388.9400000000005,4389.23,4381.22,4384.18,6137.0
2025-12-30 13:00:00+00:00,4384.34,4399.09,4383.36,4393.86,8880.0
2025-12-30 13:30:00+00:00,4393.969999999999,4402.72,4393.05,4401.21,9600.0
2025-12-30 14:00:00+00:00,4401.43,4404.11,4389.9,4393.53,13878.0
2025-12-30 14:30:00+00:00,4393.66,4393.62,4376.14,4388.29,14425.0
2025-12-30 15:00:00+00:00,4388.469999999999,4391.16,4380.91,4390.6,11471.0
2025-12-30 15:30:00+00:00,4390.76,4392.07,4355.64,4366.2,19449.0
2025-12-30 16:00:00+00:00,4365.889999999999,4377.47,4360.81,4366.01,15508.0
2025-12-30 16:30:00+00:00,4366.24,4374.38,4359.31,4365.02,14585.0
2025-12-30 17:00:00+00:00,4365.26,4371.41,4354.79,4368.8,12417.0
2025-12-30 17:30:00+00:00,4368.93,4379.8,4362.49,4377.72,9704.0
2025-12-30 18:00:00+00:00,4377.96,4381.69,4368.34,4374.77,10280.0
2025-12-30 18:30:00+00:00,4374.93,4376.09,4364.25,4370.11,7970.0
2025-12-30 19:00:00+00:00,4370.049999999999,4378.57,4365.99,4370.73,8463.0
2025-12-30 19:30:00+00:00,4370.99,4370.96,4362.48,4364.55,7926.0
2025-12-30 20:00:00+00:00,4364.91,4367.94,4363.69,4365.83,6949.0
2025-12-30 20:30:00+00:00,4365.96,4366.32,4337.55,4348.45,9116.0
2025-12-30 21:00:00+00:00,4348.65,4352.79,4338.16,4350.32,9893.0
2025-12-30 21:30:00+00:00,4350.49,4355.3,4337.97,4341.53,8693.0
2025-12-30 22:00:00+00:00,4341.780000000001,4350.24,4340.82,4346.45,4628.0
2025-12-30 22:30:00+00:00,4346.620000000001,4349.49,4334.76,4338.84,3724.0
2025-12-31 00:00:00+00:00,4343.870000000001,4346.37,4332.1,4334.07,5460.0
2025-12-31 00:30:00+00:00,4334.23,4342.62,4328.55,4338.93,7336.0
2025-12-31 01:00:00+00:00,4339.07,4344.07,4332.55,4336.35,5284.0
2025-12-31 01:30:00+00:00,4336.49,4346.65,4332.78,4342.36,7757.0
2025-12-31 02:00:00+00:00,4342.360000000001,4360.79,4336.88,4354.76,11535.0
2025-12-31 02:30:00+00:00,4354.9400000000005,4373.11,4354.35,4366.1,9989.0
2025-12-31 03:00:00+00:00,4366.24,4371.11,4357.73,4361.08,8368.0
2025-12-31 03:30:00+00:00,4361.24,4371.02,4346.54,4348.77,12916.0
2025-12-31 04:00:00+00:00,4348.93,4359.77,4340.88,4348.77,13239.0
2025-12-31 04:30:00+00:00,4348.9,4354.0,4345.5,4348.38,8447.0
2025-12-31 05:00:00+00:00,4348.67,4351.34,4342.29,4346.46,7708.0
2025-12-31 05:30:00+00:00,4346.65,4348.3,4331.0,4333.02,7373.0
2025-12-31 06:00:00+00:00,4333.129999999999,4342.99,4329.36,4342.42,7775.0
2025-12-31 06:30:00+00:00,4342.66,4342.91,4275.87,4285.88,18236.0
2025-12-31 07:00:00+00:00,4286.0599999999995,4308.76,4274.05,4307.3,14776.0
2025-12-31 07:30:00+00:00,4307.469999999999,4329.3,4304.91,4328.05,9617.0
2025-12-31 08:00:00+00:00,4328.25,4334.91,4323.74,4333.21,8590.0
2025-12-31 08:30:00+00:00,4333.34,4334.81,4327.04,4331.13,7181.0
2025-12-31 09:00:00+00:00,4331.27,4332.94,4320.18,4326.17,9563.0
2025-12-31 09:30:00+00:00,4326.33,4326.48,4303.49,4307.3,8122.0
2025-12-31 10:00:00+00:00,4307.42,4327.18,4306.98,4323.6,9287.0
2025-12-31 10:30:00+00:00,4323.71,4337.2,4323.23,4325.86,7858.0
2025-12-31 11:00:00+00:00,4326.18,4331.42,4319.57,4319.64,6411.0
2025-12-31 11:30:00+00:00,4319.71,4319.56,4303.62,4306.53,9412.0
2025-12-31 12:00:00+00:00,4306.65,4315.86,4304.06,4311.41,6704.0
2025-12-31 12:30:00+00:00,4311.52,4316.22,4307.8,4311.08,7015.0
2025-12-31 13:00:00+00:00,4311.1900000000005,4312.13,4303.1,4306.87,7776.0
2025-12-31 13:30:00+00:00,4306.950000000001,4317.92,4306.65,4313.74,6952.0
2025-12-31 14:00:00+00:00,4313.92,4329.0,4308.01,4328.45,8737.0
2025-12-31 14:30:00+00:00,4328.73,4348.28,4325.96,4345.8,10423.0
2025-12-31 15:00:00+00:00,4345.93,4348.52,4333.0,4337.08,10908.0
2025-12-31 15:30:00+00:00,4337.280000000001,4353.51,4332.84,4345.97,16532.0
2025-12-31 16:00:00+00:00,4346.139999999999,4346.23,4327.03,4337.13,14826.0
2025-12-31 16:30:00+00:00,4337.33,4341.52,4327.31,4337.13,12221.0
2025-12-31 17:00:00+00:00,4337.389999999999,4339.55,4321.82,4325.47,12134.0
2025-12-31 17:30:00+00:00,4325.67,4329.49,4316.98,4323.04,9270.0
2025-12-31 18:00:00+00:00,4323.200000000001,4328.25,4318.08,4320.58,7787.0
2025-12-31 18:30:00+00:00,4320.66,4329.31,4318.83,4321.82,8873.0
2025-12-31 19:00:00+00:00,4321.9,4331.46,4321.48,4328.51,9405.0
2025-12-31 19:30:00+00:00,4328.6,4328.99,4315.69,4319.56,6905.0
2025-12-31 20:00:00+00:00,4319.719999999999,4322.8,4315.65,4317.63,6782.0
2025-12-31 20:30:00+00:00,4317.799999999999,4317.99,4307.6,4311.32,9900.0
2025-12-31 21:00:00+00:00,4311.450000000001,4319.1,4304.46,4314.86,9458.0
2025-12-31 21:30:00+00:00,4315.0,4324.43,4306.9,4313.28,9981.0
2025-12-31 22:00:00+00:00,4313.450000000001,4314.78,4307.13,4309.96,2910.0
2025-12-31 22:30:00+00:00,4310.1,4319.01,4309.34,4318.84,3088.0
2026-01-02 00:00:00+00:00,4325.98,4348.25,4323.65,4340.93,3686.0
2026-01-02 00:30:00+00:00,4341.6,4351.33,4338.93,4348.19,3548.0
2026-01-02 01:00:00+00:00,4348.54,4353.05,4341.23,4347.15,4230.0
2026-01-02 01:30:00+00:00,4347.33,4356.03,4346.59,4354.16,5409.0
2026-01-02 02:00:00+00:00,4354.29,4356.19,4344.63,4349.15,6359.0
2026-01-02 02:30:00+00:00,4349.26,4354.48,4345.69,4347.94,5897.0
2026-01-02 03:00:00+00:00,4348.0599999999995,4351.96,4344.86,4347.72,4918.0
2026-01-02 03:30:00+00:00,4347.79,4363.15,4345.65,4362.8,5485.0
2026-01-02 04:00:00+00:00,4362.91,4371.79,4362.06,4369.04,5512.0
2026-01-02 04:30:00+00:00,4369.200000000001,4375.59,4367.83,4375.15,5766.0
2026-01-02 05:00:00+00:00,4375.33,4378.36,4371.39,4373.54,5438.0
2026-01-02 05:30:00+00:00,4373.700000000001,4375.7,4371.32,4373.28,4140.0
2026-01-02 06:00:00+00:00,4373.4,4380.09,4371.11,4378.39,5213.0
2026-01-02 06:30:00+00:00,4378.5599999999995,4381.75,4377.75,4380.61,3916.0
2026-01-02 07:00:00+00:00,4380.780000000001,4380.91,4373.52,4379.68,5230.0
2026-01-02 07:30:00+00:00,4379.84,4379.71,4373.3,4374.65,4767.0
2026-01-02 08:00:00+00:00,4374.889999999999,4377.82,4371.88,4373.71,5853.0
2026-01-02 08:30:00+00:00,4373.879999999999,4383.25,4372.19,4382.7,5721.0
2026-01-02 09:00:00+00:00,4382.83,4386.5,4380.61,4385.28,5641.0
2026-01-02 09:30:00+00:00,4385.42,4397.44,4384.16,4387.03,6832.0
2026-01-02 10:00:00+00:00,4387.139999999999,4391.6,4383.5,4388.55,6578.0
2026-01-02 10:30:00+00:00,4388.719999999999,4389.73,4385.03,4385.48,4563.0
2026-01-02 11:00:00+00:00,4385.6900000000005,4389.85,4384.58,4386.41,5096.0
2026-01-02 11:30:00+00:00,4386.620000000001,4398.43,4384.84,4396.07,5830.0
2026-01-02 12:00:00+00:00,4396.24,4399.25,4393.92,4394.32,4393.0
2026-01-02 12:30:00+00:00,4394.49,4395.62,4390.75,4392.85,5716.0
2026-01-02 13:00:00+00:00,4393.02,4398.15,4391.12,4393.23,5304.0
2026-01-02 13:30:00+00:00,4393.4,4394.71,4385.11,4394.34,7205.0
2026-01-02 14:00:00+00:00,4394.530000000001,4402.22,4373.1,4374.35,10636.0
2026-01-02 14:30:00+00:00,4374.46,4377.88,4361.84,4365.82,12843.0
2026-01-02 15:00:00+00:00,4365.99,4373.67,4364.43,4368.24,9777.0
2026-01-02 15:30:00+00:00,4368.5,4370.1,4348.02,4353.38,20232.0
2026-01-02 16:00:00+00:00,4353.43,4356.96,4330.24,4336.49,19441.0
2026-01-02 16:30:00+00:00,4336.65,4346.86,4331.58,4335.32,14717.0
2026-01-02 17:00:00+00:00,4335.360000000001,4337.24,4314.97,4321.57,17057.0
2026-01-02 17:30:00+00:00,4321.67,4328.16,4315.19,4326.38,11815.0
2026-01-02 18:00:00+00:00,4326.469999999999,4333.45,4324.0,4328.76,9892.0
2026-01-02 18:30:00+00:00,4328.9,4331.17,4322.67,4322.88,9619.0
2026-01-02 19:00:00+00:00,4322.969999999999,4323.61,4310.69,4318.42,10637.0
2026-01-02 19:30:00+00:00,4318.59,4319.42,4309.68,4315.01,8687.0
2026-01-02 20:00:00+00:00,4315.219999999999,4323.04,4315.07,4318.48,7753.0
2026-01-02 20:30:00+00:00,4318.639999999999,4326.19,4317.39,4318.08,7953.0
2026-01-02 21:00:00+00:00,4318.26,4329.3,4317.14,4328.4,7740.0
2026-01-02 21:30:00+00:00,4328.5,4331.49,4325.18,4331.44,7605.0
2026-01-02 22:00:00+00:00,4331.5,4331.78,4326.96,4328.79,3008.0
2026-01-02 22:30:00+00:00,4328.950000000001,4334.4,4327.08,4332.05,2328.0
2026-01-05 00:00:00+00:00,4351.0599999999995,4372.63,4345.73,4366.89,8738.0
2026-01-05 00:30:00+00:00,4366.9400000000005,4375.86,4354.32,4372.45,7071.0
2026-01-05 01:00:00+00:00,4372.610000000001,4389.53,4370.24,4387.18,7151.0
2026-01-05 01:30:00+00:00,4387.26,4396.77,4385.06,4394.92,8592.0
2026-01-05 02:00:00+00:00,4395.09,4421.16,4394.09,4395.98,19509.0
2026-01-05 02:30:00+00:00,4396.280000000001,4406.64,4391.19,4401.77,12800.0
2026-01-05 03:00:00+00:00,4401.96,4404.97,4388.51,4402.23,10055.0
2026-01-05 03:30:00+00:00,4402.33,4409.52,4398.55,4405.44,10193.0
2026-01-05 04:00:00+00:00,4405.5,4413.91,4405.29,4407.45,8151.0
2026-01-05 04:30:00+00:00,4407.58,4410.6,4399.74,4399.94,6671.0
2026-01-05 05:00:00+00:00,4400.0,4406.2,4397.28,4404.68,4760.0
2026-01-05 05:30:00+00:00,4404.82,4408.32,4403.51,4404.2,4388.0
2026-01-05 06:00:00+00:00,4404.32,4412.66,4403.66,4412.52,3948.0
2026-01-05 06:30:00+00:00,4412.65,4414.48,4401.24,4412.3,8512.0
2026-01-05 07:00:00+00:00,4412.34,4426.01,4411.17,4423.89,8795.0
2026-01-05 07:30:00+00:00,4424.08,4426.27,4416.29,4420.11,7818.0
2026-01-05 08:00:00+00:00,4420.33,4423.92,4416.83,4420.36,6014.0
2026-01-05 08:30:00+00:00,4420.530000000001,4425.03,4418.61,4421.77,6363.0
2026-01-05 09:00:00+00:00,4421.9400000000005,4430.18,4419.32,4426.65,6462.0
2026-01-05 09:30:00+00:00,4426.8099999999995,4433.82,4423.64,4430.06,6402.0
2026-01-05 10:00:00+00:00,4430.200000000001,4434.44,4426.11,4432.59,6201.0
2026-01-05 10:30:00+00:00,4432.700000000001,4438.17,4430.95,4434.81,6607.0
2026-01-05 11:00:00+00:00,4434.98,4436.53,4430.83,4433.23,5119.0
2026-01-05 11:30:00+00:00,4433.32,4439.79,4432.67,4436.11,5943.0
2026-01-05 12:00:00+00:00,4436.360000000001,4437.31,4411.11,4417.13,9039.0
2026-01-05 12:30:00+00:00,4417.42,4426.0,4415.21,4419.3,7830.0
2026-01-05 13:00:00+00:00,4419.43,4421.33,4413.74,4415.67,8119.0
2026-01-05 13:30:00+00:00,4415.8099999999995,4417.14,4405.51,4409.57,8187.0
2026-01-05 14:00:00+00:00,4409.77,4418.87,4396.99,4399.62,14918.0
2026-01-05 14:30:00+00:00,4399.85,4417.23,4396.13,4416.73,12406.0
2026-01-05 15:00:00+00:00,4416.92,4429.63,4416.77,4421.07,12038.0
2026-01-05 15:30:00+00:00,4421.18,4442.79,4417.81,4436.86,17635.0
2026-01-05 16:00:00+00:00,4437.1,4455.71,4436.8,4444.59,15857.0
2026-01-05 16:30:00+00:00,4444.780000000001,4450.13,4435.44,4448.51,13036.0
2026-01-05 17:00:00+00:00,4448.68,4451.35,4438.36,4440.75,9418.0
2026-01-05 17:30:00+00:00,4440.889999999999,4454.36,4440.07,4441.73,8136.0
2026-01-05 18:00:00+00:00,4441.9,4448.93,4432.3,4445.84,11520.0
2026-01-05 18:30:00+00:00,4446.0,4447.47,4437.6,4443.47,9079.0
2026-01-05 19:00:00+00:00,4443.6,4448.46,4439.78,4441.26,7595.0
2026-01-05 19:30:00+00:00,4441.33,4448.46,4441.01,4448.46,5207.0
2026-01-05 20:00:00+00:00,4448.67,4449.41,4434.61,4441.57,8419.0
2026-01-05 20:30:00+00:00,4441.77,4445.85,4438.56,4439.77,5273.0
2026-01-05 21:00:00+00:00,4439.91,4447.03,4439.06,4445.5,7074.0
2026-01-05 21:30:00+00:00,4445.6900000000005,4445.86,4437.85,4444.88,8282.0
2026-01-05 22:00:00+00:00,4445.200000000001,4448.13,4443.39,4445.52,3290.0
2026-01-05 22:30:00+00:00,4445.65,4449.19,4445.38,4448.86,1884.0
2026-01-06 00:00:00+00:00,4449.3099999999995,4460.11,4448.21,4448.8,3857.0
2026-01-06 00:30:00+00:00,4448.93,4450.21,4436.69,4440.38,4390.0
2026-01-06 01:00:00+00:00,4440.549999999999,4442.65,4436.61,4440.84,4857.0
2026-01-06 01:30:00+00:00,4441.030000000001,4444.77,4430.42,4436.3,6099.0
2026-01-06 02:00:00+00:00,4436.49,4444.19,4427.75,4434.88,11376.0
2026-01-06 02:30:00+00:00,4435.110000000001,4452.16,4432.53,4450.39,9107.0
2026-01-06 03:00:00+00:00,4450.58,4460.71,4448.57,4460.28,7892.0
2026-01-06 03:30:00+00:00,4460.34,4461.18,4448.66,4454.82,7865.0
2026-01-06 04:00:00+00:00,4455.030000000001,4467.92,4454.04,4463.65,7407.0
2026-01-06 04:30:00+00:00,4463.780000000001,4468.06,4463.17,4467.68,4050.0
2026-01-06 05:00:00+00:00,4467.799999999999,4468.49,4463.25,4464.76,3989.0
2026-01-06 05:30:00+00:00,4464.889999999999,4468.27,4461.63,4467.28,3811.0
2026-01-06 06:00:00+00:00,4467.34,4470.65,4466.83,4469.7,4623.0
2026-01-06 06:30:00+00:00,4469.82,4474.1,4449.63,4452.49,10155.0
2026-01-06 07:00:00+00:00,4452.68,4461.05,4451.52,4460.96,8147.0
2026-01-06 07:30:00+00:00,4461.15,4466.91,4458.83,4465.69,7327.0
2026-01-06 08:00:00+00:00,4465.82,4470.4,4461.49,4464.48,5997.0
2026-01-06 08:30:00+00:00,4464.639999999999,4467.09,4457.13,4459.39,5725.0
2026-01-06 09:00:00+00:00,4459.49,4475.65,4457.39,4471.02,6955.0
2026-01-06 09:30:00+00:00,4471.16,4472.56,4464.39,4468.21,7432.0
2026-01-06 10:00:00+00:00,4468.469999999999,4468.43,4452.0,4456.63,7534.0
2026-01-06 10:30:00+00:00,4456.6900000000005,4456.96,4444.79,4446.34,7844.0
2026-01-06 11:00:00+00:00,4446.43,4452.46,4442.6,4450.13,6412.0
2026-01-06 11:30:00+00:00,4450.299999999999,4455.87,4448.42,4451.65,5138.0
2026-01-06 12:00:00+00:00,4451.9,4455.65,4448.63,4455.45,4555.0
2026-01-06 12:30:00+00:00,4455.57,4464.49,4454.86,4463.34,5718.0
2026-01-06 13:00:00+00:00,4463.43,4465.6,4461.4,4464.4,5304.0
2026-01-06 13:30:00+00:00,4464.57,4466.25,4458.81,4463.61,5749.0
2026-01-06 14:00:00+00:00,4463.719999999999,4470.36,4457.4,4458.9,11451.0
2026-01-06 14:30:00+00:00,4459.200000000001,4468.21,4453.89,4467.92,10398.0
2026-01-06 15:00:00+00:00,4468.09,4473.25,4464.42,4466.69,10443.0
2026-01-06 15:30:00+00:00,4466.950000000001,4489.59,4465.08,4487.44,13786.0
2026-01-06 16:00:00+00:00,4487.51,4490.86,4473.77,4480.91,15467.0
2026-01-06 16:30:00+00:00,4481.110000000001,4481.95,4462.96,4478.33,14355.0
2026-01-06 17:00:00+00:00,4478.450000000001,4485.26,4471.56,4483.42,10967.0
2026-01-06 17:30:00+00:00,4483.610000000001,4488.8,4482.47,4488.21,9123.0
2026-01-06 18:00:00+00:00,4488.35,4490.23,4484.45,4487.02,7863.0
2026-01-06 18:30:00+00:00,4487.16,4491.34,4481.65,4489.46,7901.0
2026-01-06 19:00:00+00:00,4489.51,4494.08,4484.25,4485.88,8687.0
2026-01-06 19:30:00+00:00,4486.17,4490.3,4482.15,4488.43,7051.0
2026-01-06 20:00:00+00:00,4488.57,4489.36,4477.34,4480.84,7876.0
2026-01-06 20:30:00+00:00,4480.98,4483.71,4477.73,4481.24,8047.0
2026-01-06 21:00:00+00:00,4481.370000000001,4487.55,4480.23,4485.54,6378.0
2026-01-06 21:30:00+00:00,4485.719999999999,4496.84,4483.75,4493.72,7606.0
2026-01-06 22:00:00+00:00,4493.879999999999,4494.61,4491.76,4494.01,3134.0
2026-01-06 22:30:00+00:00,4494.17,4497.36,4493.92,4494.71,2226.0
2026-01-07 00:00:00+00:00,4495.67,4500.43,4494.76,4498.51,3732.0
2026-01-07 00:30:00+00:00,4498.65,4499.55,4492.07,4493.25,4166.0
2026-01-07 01:00:00+00:00,4493.3099999999995,4494.13,4489.74,4490.87,4368.0
2026-01-07 01:30:00+00:00,4491.450000000001,4494.61,4482.32,4491.8,6121.0
2026-01-07 02:00:00+00:00,4491.879999999999,4495.54,4468.9,4477.11,14571.0
2026-01-07 02:30:00+00:00,4477.370000000001,4477.86,4461.07,4465.54,11662.0
2026-01-07 03:00:00+00:00,4465.66,4475.41,4459.59,4473.86,8480.0
2026-01-07 03:30:00+00:00,4473.99,4478.7,4473.45,4474.61,7907.0
2026-01-07 04:00:00+00:00,4474.75,4480.22,4471.74,4476.34,8017.0
2026-01-07 04:30:00+00:00,4476.51,4478.8,4473.51,4474.62,5524.0
2026-01-07 05:00:00+00:00,4474.65,4475.97,4465.83,4465.99,7113.0
2026-01-07 05:30:00+00:00,4466.1,4468.45,4463.36,4464.73,5722.0
2026-01-07 06:00:00+00:00,4464.9,4470.26,4461.98,4468.58,5070.0
2026-01-07 06:30:00+00:00,4468.54,4469.16,4443.29,4454.25,12850.0
2026-01-07 07:00:00+00:00,4454.389999999999,4460.28,4452.24,4454.95,7779.0
2026-01-07 07:30:00+00:00,4455.09,4455.51,4441.5,4444.19,9103.0
2026-01-07 08:00:00+00:00,4444.35,4454.95,4441.63,4454.9,6665.0
2026-01-07 08:30:00+00:00,4455.0599999999995,4465.1,4453.67,4461.0,5811.0
2026-01-07 09:00:00+00:00,4461.139999999999,4468.56,4459.23,4465.19,6158.0
2026-01-07 09:30:00+00:00,4465.3099999999995,4474.64,4464.15,4468.23,6294.0
2026-01-07 10:00:00+00:00,4468.33,4468.6,4459.59,4462.23,6512.0
2026-01-07 10:30:00+00:00,4462.23,4465.58,4460.03,4463.3,5388.0
2026-01-07 11:00:00+00:00,4463.469999999999,4466.36,4458.76,4459.83,5363.0
2026-01-07 11:30:00+00:00,4459.950000000001,4467.69,4458.71,4464.45,5356.0
2026-01-07 12:00:00+00:00,4464.57,4464.83,4455.35,4458.95,4887.0
2026-01-07 12:30:00+00:00,4459.120000000001,4460.01,4446.5,4447.36,6830.0
2026-01-07 13:00:00+00:00,4447.6,4450.46,4439.29,4450.13,8723.0
2026-01-07 13:30:00+00:00,4450.15,4454.99,4444.96,4445.07,6977.0
2026-01-07 14:00:00+00:00,4445.16,4449.88,4427.84,4441.99,14743.0
2026-01-07 14:30:00+00:00,4442.04,4453.07,4438.21,4452.89,14101.0
2026-01-07 15:00:00+00:00,4453.049999999999,4454.33,4442.7,4444.61,13187.0
2026-01-07 15:30:00+00:00,4444.8099999999995,4453.0,4435.7,4445.53,17374.0
2026-01-07 16:00:00+00:00,4445.6,4445.3,4423.4,4441.96,16010.0
2026-01-07 16:30:00+00:00,4442.219999999999,4452.05,4440.4,4445.95,13057.0
2026-01-07 17:00:00+00:00,4446.07,4461.06,4443.7,4457.85,11214.0
2026-01-07 17:30:00+00:00,4457.96,4468.27,4456.84,4464.15,10237.0
2026-01-07 18:00:00+00:00,4464.33,4465.42,4457.2,4458.44,6812.0
2026-01-07 18:30:00+00:00,4458.73,4461.46,4449.74,4451.89,7565.0
2026-01-07 19:00:00+00:00,4451.969999999999,4455.81,4447.18,4452.13,9388.0
2026-01-07 19:30:00+00:00,4452.299999999999,4458.71,4449.97,4451.99,6878.0
2026-01-07 20:00:00+00:00,4452.129999999999,4455.34,4445.3,4450.48,6940.0
2026-01-07 20:30:00+00:00,4450.610000000001,4457.9,4450.4,4456.84,6297.0
2026-01-07 21:00:00+00:00,4457.01,4461.56,4455.39,4458.07,7313.0
2026-01-07 21:30:00+00:00,4458.25,4460.32,4450.53,4451.9,9717.0
2026-01-07 22:00:00+00:00,4452.07,4455.09,4449.77,4452.38,3094.0
2026-01-07 22:30:00+00:00,4452.52,4456.37,4452.12,4456.19,1820.0
2026-01-08 00:00:00+00:00,4459.200000000001,4464.03,4457.37,4462.0,2822.0
2026-01-08 00:30:00+00:00,4462.129999999999,4463.75,4459.84,4463.41,2818.0
2026-01-08 01:00:00+00:00,4463.57,4466.3,4454.07,4456.81,4071.0
2026-01-08 01:30:00+00:00,4457.01,4458.9,4446.62,4450.13,7574.0
2026-01-08 02:00:00+00:00,4450.24,4460.34,4444.51,4454.98,10242.0
2026-01-08 02:30:00+00:00,4455.0599999999995,4457.55,4441.72,4448.4,9204.0
2026-01-08 03:00:00+00:00,4448.530000000001,4449.56,4440.28,4441.19,7396.0
2026-01-08 03:30:00+00:00,4441.35,4444.17,4433.38,4441.32,10394.0
2026-01-08 04:00:00+00:00,4441.49,4445.77,4437.26,4444.14,9129.0
2026-01-08 04:30:00+00:00,4444.299999999999,4446.51,4438.12,4440.25,4991.0
2026-01-08 05:00:00+00:00,4440.32,4440.4,4436.57,4436.73,4378.0
2026-01-08 05:30:00+00:00,4436.91,4438.8,4430.2,4431.53,5146.0
2026-01-08 06:00:00+00:00,4431.719999999999,4432.35,4422.97,4425.98,7159.0
2026-01-08 06:30:00+00:00,4426.120000000001,4427.68,4415.59,4425.41,13165.0
2026-01-08 07:00:00+00:00,4425.549999999999,4429.22,4415.92,4426.07,11527.0
2026-01-08 07:30:00+00:00,4426.280000000001,4437.61,4426.13,4433.34,9227.0
2026-01-08 08:00:00+00:00,4433.5,4439.73,4430.77,4436.54,7744.0
2026-01-08 08:30:00+00:00,4436.639999999999,4436.66,4428.43,4430.86,6055.0
2026-01-08 09:00:00+00:00,4430.91,4433.27,4425.38,4426.89,7288.0
2026-01-08 09:30:00+00:00,4427.01,4432.85,4419.78,4431.6,8209.0
2026-01-08 10:00:00+00:00,4431.77,4435.4,4426.02,4430.26,7479.0
2026-01-08 10:30:00+00:00,4430.4,4434.75,4429.1,4432.59,5767.0
2026-01-08 11:00:00+00:00,4432.75,4432.65,4423.07,4424.58,6224.0
2026-01-08 11:30:00+00:00,4424.67,4434.74,4423.64,4433.26,5232.0
2026-01-08 12:00:00+00:00,4433.299999999999,4433.15,4424.72,4426.44,5817.0
2026-01-08 12:30:00+00:00,4426.57,4428.05,4422.03,4422.73,5750.0
2026-01-08 13:00:00+00:00,4422.860000000001,4422.88,4407.65,4420.37,10215.0
2026-01-08 13:30:00+00:00,4420.4400000000005,4431.28,4420.06,4427.67,8288.0
2026-01-08 14:00:00+00:00,4427.77,4436.01,4417.33,4434.0,13065.0
2026-01-08 14:30:00+00:00,4434.16,4435.67,4421.71,4423.76,11859.0
2026-01-08 15:00:00+00:00,4423.9,4430.13,4418.92,4427.67,13411.0
2026-01-08 15:30:00+00:00,4427.85,4439.31,4421.81,4432.84,17826.0
2026-01-08 16:00:00+00:00,4433.02,4453.96,4427.75,4447.65,15752.0
2026-01-08 16:30:00+00:00,4447.8099999999995,4456.35,4446.77,4454.06,12590.0
2026-01-08 17:00:00+00:00,4454.26,4457.92,4446.88,4453.48,11736.0
2026-01-08 17:30:00+00:00,4453.5599999999995,4464.5,4451.79,4463.1,10883.0
2026-01-08 18:00:00+00:00,4463.24,4465.44,4457.52,4461.62,9070.0
2026-01-08 18:30:00+00:00,4461.889999999999,4464.07,4458.9,4463.4,6416.0
2026-01-08 19:00:00+00:00,4463.469999999999,4463.32,4449.3,4452.07,9944.0
2026-01-08 19:30:00+00:00,4452.139999999999,4454.99,4447.91,4449.53,6868.0
2026-01-08 20:00:00+00:00,4449.67,4451.21,4444.52,4447.64,6796.0
2026-01-08 20:30:00+00:00,4447.83,4452.81,4447.53,4452.07,5699.0
2026-01-08 21:00:00+00:00,4452.16,4473.61,4451.42,4470.05,8387.0
2026-01-08 21:30:00+00:00,4470.24,4478.07,4470.09,4475.92,9912.0
2026-01-08 22:00:00+00:00,4476.1,4479.57,4472.72,4475.07,3997.0
2026-01-08 22:30:00+00:00,4475.23,4478.62,4472.76,4477.37,2795.0
2026-01-09 00:00:00+00:00,4480.1,4484.16,4474.71,4477.09,4288.0
2026-01-09 00:30:00+00:00,4477.299999999999,4477.4,4472.7,4475.64,3470.0
2026-01-09 01:00:00+00:00,4475.75,4476.65,4463.48,4465.73,4385.0
2026-01-09 01:30:00+00:00,4465.860000000001,4468.54,4459.92,4462.72,5080.0
2026-01-09 02:00:00+00:00,4462.9,4465.55,4452.75,4457.21,11086.0
2026-01-09 02:30:00+00:00,4457.29,4469.96,4456.11,4468.79,8134.0
2026-01-09 03:00:00+00:00,4468.93,4476.51,4468.78,4472.28,6783.0
2026-01-09 03:30:00+00:00,4472.34,4475.45,4465.58,4469.41,6818.0
2026-01-09 04:00:00+00:00,4469.48,4469.98,4461.03,4463.38,7473.0
2026-01-09 04:30:00+00:00,4463.469999999999,4465.71,4460.42,4464.07,3904.0
2026-01-09 05:00:00+00:00,4464.25,4465.65,4460.66,4462.73,3538.0
2026-01-09 05:30:00+00:00,4462.83,4466.84,4461.57,4464.68,3228.0
2026-01-09 06:00:00+00:00,4464.84,4466.8,4458.2,4464.57,3977.0
2026-01-09 06:30:00+00:00,4464.8099999999995,4471.68,4464.21,4468.06,7892.0
2026-01-09 07:00:00+00:00,4468.280000000001,4473.58,4465.94,4473.51,7611.0
2026-01-09 07:30:00+00:00,4473.639999999999,4477.2,4472.78,4474.11,6538.0
2026-01-09 08:00:00+00:00,4474.33,4475.36,4468.67,4470.26,4633.0
2026-01-09 08:30:00+00:00,4470.379999999999,4473.38,4468.47,4470.18,4417.0
2026-01-09 09:00:00+00:00,4470.3099999999995,4476.84,4466.3,4473.19,6562.0
2026-01-09 09:30:00+00:00,4473.32,4473.8,4463.93,4468.42,5787.0
2026-01-09 10:00:00+00:00,4468.530000000001,4477.5,4468.32,4473.97,5572.0
2026-01-09 10:30:00+00:00,4474.139999999999,4475.05,4470.69,4471.11,4347.0
2026-01-09 11:00:00+00:00,4471.24,4474.19,4468.96,4469.02,3743.0
2026-01-09 11:30:00+00:00,4469.18,4472.76,4467.11,4472.57,4032.0
2026-01-09 12:00:00+00:00,4472.700000000001,4474.73,4469.86,4470.63,3407.0
2026-01-09 12:30:00+00:00,4470.83,4476.12,4468.62,4475.45,4540.0
2026-01-09 13:00:00+00:00,4475.54,4480.42,4466.92,4467.66,5981.0
2026-01-09 13:30:00+00:00,4467.93,4468.67,4460.92,4465.93,6898.0
2026-01-09 14:00:00+00:00,4466.1,4474.64,4461.94,4472.7,11420.0
2026-01-09 14:30:00+00:00,4473.03,4491.93,4458.8,4482.55,20697.0
2026-01-09 15:00:00+00:00,4482.82,4496.43,4480.4,4494.32,15412.0
2026-01-09 15:30:00+00:00,4494.43,4498.18,4479.15,4494.39,18881.0
2026-01-09 16:00:00+00:00,4494.58,4510.97,4490.03,4505.39,15413.0
2026-01-09 16:30:00+00:00,4505.5,4517.12,4505.35,4512.3,12297.0
2026-01-09 17:00:00+00:00,4512.41,4514.24,4499.79,4503.6,12503.0
2026-01-09 17:30:00+00:00,4503.85,4507.92,4500.83,4506.37,8823.0
2026-01-09 18:00:00+00:00,4506.58,4511.42,4501.93,4503.75,9033.0
2026-01-09 18:30:00+00:00,4503.870000000001,4510.11,4481.97,4484.35,10091.0
2026-01-09 19:00:00+00:00,4484.46,4494.67,4482.99,4491.36,10620.0
2026-01-09 19:30:00+00:00,4491.530000000001,4504.52,4491.16,4496.03,7639.0
2026-01-09 20:00:00+00:00,4496.200000000001,4501.61,4492.75,4498.85,6054.0
2026-01-09 20:30:00+00:00,4499.04,4501.85,4495.87,4499.22,5834.0
2026-01-09 21:00:00+00:00,4499.34,4509.4,4497.75,4505.44,7218.0
2026-01-09 21:30:00+00:00,4505.629999999999,4510.03,4502.48,4507.61,7995.0
2026-01-09 22:00:00+00:00,4507.67,4510.5,4505.0,4509.7,2434.0
2026-01-09 22:30:00+00:00,4509.860000000001,4511.1,4506.08,4509.29,2431.0
2026-01-12 00:00:00+00:00,4521.07,4538.35,4511.41,4537.96,6475.0
2026-01-12 00:30:00+00:00,4538.120000000001,4544.84,4533.25,4540.03,6043.0
2026-01-12 01:00:00+00:00,4540.200000000001,4565.92,4536.28,4564.71,8561.0
2026-01-12 01:30:00+00:00,4564.799999999999,4601.19,4562.27,4588.89,13471.0
2026-01-12 02:00:00+00:00,4589.09,4594.84,4574.25,4582.59,17903.0
2026-01-12 02:30:00+00:00,4582.83,4584.2,4570.1,4570.1,12221.0
2026-01-12 03:00:00+00:00,4570.15,4574.85,4561.87,4566.22,10429.0
2026-01-12 03:30:00+00:00,4566.360000000001,4581.98,4562.61,4577.38,10015.0
2026-01-12 04:00:00+00:00,4577.46,4581.13,4575.0,4581.03,7874.0
2026-01-12 04:30:00+00:00,4581.139999999999,4581.32,4567.6,4570.44,5880.0
2026-01-12 05:00:00+00:00,4570.629999999999,4572.04,4565.53,4568.49,5619.0
2026-01-12 05:30:00+00:00,4568.65,4570.06,4563.31,4568.4,5332.0
2026-01-12 06:00:00+00:00,4568.54,4573.84,4565.88,4572.4,4941.0
2026-01-12 06:30:00+00:00,4572.48,4584.84,4569.62,4580.94,9752.0
2026-01-12 07:00:00+00:00,4581.0,4580.86,4569.8,4573.67,7283.0
2026-01-12 07:30:00+00:00,4573.83,4579.92,4571.94,4578.36,6690.0
2026-01-12 08:00:00+00:00,4578.52,4587.59,4574.62,4581.33,8042.0
2026-01-12 08:30:00+00:00,4581.49,4589.49,4578.71,4587.63,7008.0
2026-01-12 09:00:00+00:00,4587.76,4589.41,4579.46,4583.71,8408.0
2026-01-12 09:30:00+00:00,4583.9,4598.27,4581.8,4596.8,7636.0
2026-01-12 10:00:00+00:00,4596.99,4599.25,4593.32,4596.44,7771.0
2026-01-12 10:30:00+00:00,4596.6,4596.93,4587.61,4589.1,6154.0
2026-01-12 11:00:00+00:00,4589.299999999999,4593.97,4585.98,4592.4,6338.0
2026-01-12 11:30:00+00:00,4592.57,4595.35,4586.89,4594.16,6670.0
2026-01-12 12:00:00+00:00,4594.33,4594.84,4583.91,4585.2,6065.0
2026-01-12 12:30:00+00:00,4585.360000000001,4591.99,4581.75,4585.24,5998.0
2026-01-12 13:00:00+00:00,4585.280000000001,4586.74,4578.4,4582.66,7542.0
2026-01-12 13:30:00+00:00,4582.84,4590.66,4582.16,4590.38,6187.0
2026-01-12 14:00:00+00:00,4590.549999999999,4611.12,4588.66,4604.82,12894.0
2026-01-12 14:30:00+00:00,4604.98,4620.21,4604.8,4615.79,10710.0
2026-01-12 15:00:00+00:00,4615.92,4617.21,4584.98,4586.41,17370.0
2026-01-12 15:30:00+00:00,4586.3099999999995,4611.27,4585.09,4602.2,20440.0
2026-01-12 16:00:00+00:00,4602.200000000001,4622.15,4601.82,4619.6,14385.0
2026-01-12 16:30:00+00:00,4619.799999999999,4627.37,4617.9,4621.17,13497.0
2026-01-12 17:00:00+00:00,4621.23,4630.04,4617.41,4619.92,11640.0
2026-01-12 17:30:00+00:00,4620.030000000001,4623.19,4607.9,4616.91,10491.0
2026-01-12 18:00:00+00:00,4617.07,4618.49,4611.91,4616.38,8494.0
2026-01-12 18:30:00+00:00,4616.549999999999,4620.41,4610.61,4616.34,9097.0
2026-01-12 19:00:00+00:00,4616.5,4618.53,4600.25,4605.58,10993.0
2026-01-12 19:30:00+00:00,4605.77,4611.21,4603.0,4610.72,7525.0
2026-01-12 20:00:00+00:00,4610.9,4617.19,4608.68,4616.8,6628.0
2026-01-12 20:30:00+00:00,4616.9400000000005,4618.92,4609.24,4611.04,6904.0
2026-01-12 21:00:00+00:00,4611.23,4611.59,4599.69,4602.45,10078.0
2026-01-12 21:30:00+00:00,4602.629999999999,4604.73,4591.55,4593.51,11174.0
2026-01-12 22:00:00+00:00,4593.76,4596.88,4590.7,4593.7,5271.0
2026-01-12 22:30:00+00:00,4593.860000000001,4597.64,4589.21,4597.37,3983.0
2026-01-13 00:00:00+00:00,4595.52,4607.76,4578.0,4584.66,7500.0
2026-01-13 00:30:00+00:00,4584.85,4599.58,4584.08,4599.27,6908.0
2026-01-13 01:00:00+00:00,4599.51,4599.52,4588.17,4588.28,5228.0
2026-01-13 01:30:00+00:00,4588.379999999999,4592.1,4584.44,4587.28,5147.0
2026-01-13 02:00:00+00:00,4587.51,4595.65,4581.53,4581.77,12026.0
2026-01-13 02:30:00+00:00,4581.91,4587.01,4575.7,4577.8,10809.0
2026-01-13 03:00:00+00:00,4577.91,4590.5,4576.69,4583.68,7582.0
2026-01-13 03:30:00+00:00,4583.860000000001,4595.02,4581.91,4594.19,8484.0
2026-01-13 04:00:00+00:00,4594.23,4599.57,4592.74,4595.61,6583.0
2026-01-13 04:30:00+00:00,4595.719999999999,4598.12,4592.47,4594.07,4782.0
2026-01-13 05:00:00+00:00,4594.24,4599.6,4593.9,4597.24,4433.0
2026-01-13 05:30:00+00:00,4597.370000000001,4599.75,4594.65,4596.47,4209.0
2026-01-13 06:00:00+00:00,4596.59,4601.46,4591.8,4601.27,4406.0
2026-01-13 06:30:00+00:00,4601.48,4602.09,4585.58,4592.09,9179.0
2026-01-13 07:00:00+00:00,4592.23,4592.24,4582.39,4584.73,8649.0
2026-01-13 07:30:00+00:00,4584.9,4586.03,4573.52,4581.42,8660.0
2026-01-13 08:00:00+00:00,4581.67,4585.22,4578.8,4583.88,5712.0
2026-01-13 08:30:00+00:00,4584.01,4587.01,4577.4,4580.68,5764.0
2026-01-13 09:00:00+00:00,4580.76,4592.51,4579.66,4589.92,6925.0
2026-01-13 09:30:00+00:00,4590.1,4596.88,4589.11,4592.68,6302.0
2026-01-13 10:00:00+00:00,4592.85,4595.65,4587.98,4589.11,5507.0
2026-01-13 10:30:00+00:00,4589.27,4592.02,4585.69,4586.07,5354.0
2026-01-13 11:00:00+00:00,4586.21,4586.95,4580.35,4584.55,5255.0
2026-01-13 11:30:00+00:00,4584.6900000000005,4588.15,4581.59,4586.22,4476.0
2026-01-13 12:00:00+00:00,4586.4,4589.03,4582.05,4586.79,5108.0
2026-01-13 12:30:00+00:00,4586.91,4591.95,4585.01,4588.42,4920.0
2026-01-13 13:00:00+00:00,4588.59,4588.95,4577.79,4580.45,5136.0
2026-01-13 13:30:00+00:00,4580.57,4595.25,4579.27,4593.22,5601.0
2026-01-13 14:00:00+00:00,4593.6,4606.37,4590.48,4601.12,11883.0
2026-01-13 14:30:00+00:00,4601.27,4620.86,4600.87,4611.47,15377.0
2026-01-13 15:00:00+00:00,4611.59,4623.65,4608.99,4618.2,11566.0
2026-01-13 15:30:00+00:00,4618.389999999999,4634.59,4611.6,4629.77,17420.0
2026-01-13 16:00:00+00:00,4629.93,4630.26,4600.78,4608.71,18895.0
2026-01-13 16:30:00+00:00,4608.98,4620.57,4605.04,4618.98,12883.0
2026-01-13 17:00:00+00:00,4619.04,4620.75,4592.9,4598.45,12808.0
2026-01-13 17:30:00+00:00,4598.48,4613.84,4596.61,4613.34,9658.0
2026-01-13 18:00:00+00:00,4613.43,4615.81,4606.38,4609.72,7973.0
2026-01-13 18:30:00+00:00,4609.879999999999,4612.03,4586.59,4590.43,11843.0
2026-01-13 19:00:00+00:00,4590.52,4594.95,4581.01,4591.67,14457.0
2026-01-13 19:30:00+00:00,4591.879999999999,4601.95,4589.76,4594.11,9594.0
2026-01-13 20:00:00+00:00,4594.370000000001,4597.17,4584.16,4593.3,10509.0
2026-01-13 20:30:00+00:00,4593.42,4598.9,4590.59,4597.41,8579.0
2026-01-13 21:00:00+00:00,4597.58,4597.68,4587.73,4588.92,9547.0
2026-01-13 21:30:00+00:00,4589.01,4589.22,4569.33,4586.03,12421.0
2026-01-13 22:00:00+00:00,4586.21,4589.48,4582.7,4587.87,4320.0
2026-01-13 22:30:00+00:00,4587.99,4589.82,4585.56,4586.47,3214.0
2026-01-14 00:00:00+00:00,4588.91,4597.84,4588.05,4597.31,4008.0
2026-01-14 00:30:00+00:00,4597.42,4598.74,4593.16,4596.94,3796.0
2026-01-14 01:00:00+00:00,4597.15,4610.45,4596.91,4609.63,5844.0
2026-01-14 01:30:00+00:00,4609.83,4610.53,4604.57,4609.1,5863.0
2026-01-14 02:00:00+00:00,4609.299999999999,4618.48,4606.15,4614.52,9976.0
2026-01-14 02:30:00+00:00,4614.700000000001,4619.81,4613.47,4619.06,8519.0
2026-01-14 03:00:00+00:00,4619.299999999999,4621.33,4614.29,4619.95,7456.0
2026-01-14 03:30:00+00:00,4620.23,4623.49,4617.98,4620.55,7774.0
2026-01-14 04:00:00+00:00,4620.6900000000005,4622.76,4613.38,4615.05,6940.0
2026-01-14 04:30:00+00:00,4615.219999999999,4630.07,4614.89,4628.28,5756.0
2026-01-14 05:00:00+00:00,4628.4400000000005,4630.21,4625.25,4626.52,5364.0
2026-01-14 05:30:00+00:00,4626.610000000001,4630.43,4625.3,4629.23,4923.0
2026-01-14 06:00:00+00:00,4629.360000000001,4639.53,4629.21,4634.24,6809.0
2026-01-14 06:30:00+00:00,4634.35,4639.71,4618.03,4619.73,12312.0
2026-01-14 07:00:00+00:00,4619.84,4635.19,4618.42,4632.94,10300.0
2026-01-14 07:30:00+00:00,4633.1,4637.19,4626.15,4637.19,8460.0
2026-01-14 08:00:00+00:00,4637.379999999999,4639.53,4631.5,4637.05,6647.0
2026-01-14 08:30:00+00:00,4637.120000000001,4638.28,4632.28,4632.49,5230.0
2026-01-14 09:00:00+00:00,4632.66,4634.11,4621.9,4624.87,9073.0
2026-01-14 09:30:00+00:00,4625.030000000001,4637.86,4624.39,4634.84,6939.0
2026-01-14 10:00:00+00:00,4634.969999999999,4639.6,4633.19,4637.48,5733.0
2026-01-14 10:30:00+00:00,4637.620000000001,4637.71,4627.06,4630.35,6684.0
2026-01-14 11:00:00+00:00,4630.41,4636.88,4627.75,4634.86,5578.0
2026-01-14 11:30:00+00:00,4635.02,4638.05,4631.15,4632.93,6201.0
2026-01-14 12:00:00+00:00,4633.09,4637.28,4629.31,4630.19,6063.0
2026-01-14 12:30:00+00:00,4630.35,4632.58,4625.95,4630.25,6120.0
2026-01-14 13:00:00+00:00,4630.41,4638.77,4630.17,4635.98,7441.0
2026-01-14 13:30:00+00:00,4636.139999999999,4641.79,4633.7,4638.78,6970.0
2026-01-14 14:00:00+00:00,4638.969999999999,4641.44,4627.22,4631.67,13317.0
2026-01-14 14:30:00+00:00,4631.610000000001,4637.24,4623.77,4635.73,12078.0
2026-01-14 15:00:00+00:00,4635.889999999999,4638.78,4629.6,4635.23,10825.0
2026-01-14 15:30:00+00:00,4635.4400000000005,4635.29,4606.85,4617.55,20228.0
2026-01-14 16:00:00+00:00,4617.4,4626.38,4599.36,4615.38,17906.0
2026-01-14 16:30:00+00:00,4615.54,4621.78,4609.89,4617.86,13604.0
2026-01-14 17:00:00+00:00,4618.049999999999,4624.72,4614.8,4621.73,11917.0
2026-01-14 17:30:00+00:00,4621.82,4623.19,4608.5,4617.01,12525.0
2026-01-14 18:00:00+00:00,4617.18,4619.02,4605.54,4611.23,11428.0
2026-01-14 18:30:00+00:00,4611.43,4616.53,4601.05,4614.3,13007.0
2026-01-14 19:00:00+00:00,4614.35,4630.04,4612.56,4628.27,10983.0
2026-01-14 19:30:00+00:00,4628.49,4637.13,4628.04,4634.93,8622.0
2026-01-14 20:00:00+00:00,4635.139999999999,4642.76,4633.28,4634.87,10433.0
2026-01-14 20:30:00+00:00,4635.01,4641.41,4634.52,4639.21,8542.0
2026-01-14 21:00:00+00:00,4639.35,4641.73,4626.08,4634.04,14151.0
2026-01-14 21:30:00+00:00,4634.200000000001,4635.48,4625.46,4632.45,11647.0
2026-01-14 22:00:00+00:00,4632.59,4632.88,4620.72,4622.28,5994.0
2026-01-14 22:30:00+00:00,4622.450000000001,4628.95,4617.78,4626.13,4577.0
2026-01-15 00:00:00+00:00,4630.77,4632.45,4605.44,4609.11,7234.0
2026-01-15 00:30:00+00:00,4609.219999999999,4616.06,4602.69,4615.2,8142.0
2026-01-15 01:00:00+00:00,4615.33,4617.76,4611.61,4616.61,5894.0
2026-01-15 01:30:00+00:00,4616.780000000001,4617.99,4610.13,4615.15,6047.0
2026-01-15 02:00:00+00:00,4615.280000000001,4617.43,4596.99,4600.51,13445.0
2026-01-15 02:30:00+00:00,4600.57,4606.97,4583.55,4600.03,14819.0
2026-01-15 03:00:00+00:00,4600.17,4614.55,4597.51,4611.01,9783.0
2026-01-15 03:30:00+00:00,4611.07,4614.65,4595.52,4602.77,10012.0
2026-01-15 04:00:00+00:00,4602.950000000001,4604.18,4581.19,4585.08,12309.0
2026-01-15 04:30:00+00:00,4585.219999999999,4597.42,4581.07,4592.22,9317.0
2026-01-15 05:00:00+00:00,4592.27,4597.45,4587.01,4593.86,7566.0
2026-01-15 05:30:00+00:00,4594.0,4595.82,4589.26,4592.14,6250.0
2026-01-15 06:00:00+00:00,4592.35,4592.92,4580.98,4592.86,6476.0
2026-01-15 06:30:00+00:00,4593.1,4598.8,4581.43,4595.1,10951.0
2026-01-15 07:00:00+00:00,4595.299999999999,4609.95,4593.55,4604.03,9734.0
2026-01-15 07:30:00+00:00,4604.200000000001,4611.9,4600.5,4610.2,8341.0
2026-01-15 08:00:00+00:00,4610.299999999999,4613.5,4605.84,4610.17,6430.0
2026-01-15 08:30:00+00:00,4610.33,4611.14,4599.17,4601.64,6241.0
2026-01-15 09:00:00+00:00,4601.76,4606.18,4597.77,4602.02,7881.0
2026-01-15 09:30:00+00:00,4602.1900000000005,4607.16,4599.16,4604.18,6306.0
2026-01-15 10:00:00+00:00,4604.32,4605.42,4600.57,4604.6,5869.0
2026-01-15 10:30:00+00:00,4604.74,4613.02,4602.78,4612.53,6488.0
2026-01-15 11:00:00+00:00,4612.67,4615.67,4609.3,4612.06,5848.0
2026-01-15 11:30:00+00:00,4612.26,4620.5,4610.53,4619.87,5749.0
2026-01-15 12:00:00+00:00,4620.09,4621.47,4617.26,4619.09,5110.0
2026-01-15 12:30:00+00:00,4619.26,4622.88,4615.54,4619.14,5967.0
2026-01-15 13:00:00+00:00,4619.25,4620.67,4613.94,4616.39,6017.0
2026-01-15 13:30:00+00:00,4616.57,4618.49,4611.6,4613.84,6138.0
2026-01-15 14:00:00+00:00,4613.93,4616.04,4602.3,4605.31,13172.0
2026-01-15 14:30:00+00:00,4605.63,4605.33,4581.8,4588.1,15533.0
2026-01-15 15:00:00+00:00,4588.26,4606.75,4583.23,4602.62,12937.0
2026-01-15 15:30:00+00:00,4602.860000000001,4615.18,4600.18,4611.06,35006.0
2026-01-15 16:00:00+00:00,4611.16,4618.07,4603.76,4616.49,14135.0
2026-01-15 16:30:00+00:00,4616.57,4617.48,4609.3,4615.36,10810.0
2026-01-15 17:00:00+00:00,4615.469999999999,4624.83,4608.59,4611.61,11878.0
2026-01-15 17:30:00+00:00,4611.77,4613.35,4601.21,4605.5,10553.0
2026-01-15 18:00:00+00:00,4605.639999999999,4613.65,4605.48,4610.83,7869.0
2026-01-15 18:30:00+00:00,4610.860000000001,4616.85,4610.17,4616.47,7463.0
2026-01-15 19:00:00+00:00,4616.629999999999,4621.1,4616.32,4619.44,8748.0
2026-01-15 19:30:00+00:00,4619.5599999999995,4619.6,4613.43,4617.53,7454.0
2026-01-15 20:00:00+00:00,4617.77,4621.63,4617.4,4618.21,6158.0
2026-01-15 20:30:00+00:00,4618.370000000001,4619.06,4612.65,4615.83,6353.0
2026-01-15 21:00:00+00:00,4615.969999999999,4616.24,4600.67,4604.85,9374.0
2026-01-15 21:30:00+00:00,4605.15,4609.22,4603.33,4605.67,9344.0
2026-01-15 22:00:00+00:00,4605.84,4615.55,4604.4,4614.17,4577.0
2026-01-15 22:30:00+00:00,4614.34,4616.39,4613.58,4615.9,2789.0
2026-01-16 00:00:00+00:00,4616.969999999999,4620.92,4608.73,4608.95,4564.0
2026-01-16 00:30:00+00:00,4609.030000000001,4611.21,4606.38,4610.19,5213.0
2026-01-16 01:00:00+00:00,4610.27,4611.16,4603.25,4607.71,4777.0
2026-01-16 01:30:00+00:00,4607.9,4608.11,4598.4,4599.96,6775.0
2026-01-16 02:00:00+00:00,4600.01,4607.21,4593.82,4606.1,9799.0
2026-01-16 02:30:00+00:00,4606.24,4608.47,4599.03,4600.43,8685.0
2026-01-16 03:00:00+00:00,4600.57,4604.13,4596.77,4600.03,9149.0
2026-01-16 03:30:00+00:00,4600.16,4600.92,4591.28,4594.82,9748.0
2026-01-16 04:00:00+00:00,4595.0,4599.73,4594.41,4595.44,7369.0
2026-01-16 04:30:00+00:00,4595.57,4597.4,4592.75,4596.33,4570.0
2026-01-16 05:00:00+00:00,4596.5,4601.27,4596.03,4598.53,3501.0
2026-01-16 05:30:00+00:00,4598.700000000001,4601.93,4597.28,4601.06,3354.0
2026-01-16 06:00:00+00:00,4601.27,4601.53,4595.23,4601.23,3848.0
2026-01-16 06:30:00+00:00,4601.29,4616.01,4596.5,4611.45,8445.0
2026-01-16 07:00:00+00:00,4611.59,4612.25,4603.55,4604.41,8356.0
2026-01-16 07:30:00+00:00,4604.549999999999,4608.02,4593.96,4598.02,8438.0
2026-01-16 08:00:00+00:00,4598.21,4611.99,4596.79,4605.95,6301.0
2026-01-16 08:30:00+00:00,4606.110000000001,4611.81,4600.94,4607.43,6643.0
2026-01-16 09:00:00+00:00,4607.57,4610.56,4604.63,4607.32,5924.0
2026-01-16 09:30:00+00:00,4607.389999999999,4608.96,4601.23,4603.17,5585.0
2026-01-16 10:00:00+00:00,4603.29,4608.4,4599.61,4601.08,5239.0
2026-01-16 10:30:00+00:00,4601.280000000001,4603.42,4598.8,4600.61,3914.0
2026-01-16 11:00:00+00:00,4600.77,4611.04,4600.43,4607.55,4754.0
2026-01-16 11:30:00+00:00,4607.67,4609.32,4599.72,4600.11,4615.0
2026-01-16 12:00:00+00:00,4600.32,4611.55,4598.49,4611.15,5686.0
2026-01-16 12:30:00+00:00,4611.280000000001,4616.03,4609.6,4612.46,4868.0
2026-01-16 13:00:00+00:00,4612.68,4612.9,4604.68,4606.35,5403.0
2026-01-16 13:30:00+00:00,4606.49,4606.68,4597.38,4601.73,7061.0
2026-01-16 14:00:00+00:00,4601.860000000001,4605.33,4582.56,4586.94,14697.0
2026-01-16 14:30:00+00:00,4587.08,4602.99,4585.18,4601.86,12434.0
2026-01-16 15:00:00+00:00,4602.030000000001,4609.3,4598.26,4599.04,9902.0
2026-01-16 15:30:00+00:00,4599.15,4614.74,4596.21,4607.87,13975.0
2026-01-16 16:00:00+00:00,4607.96,4620.3,4564.64,4564.99,19034.0
2026-01-16 16:30:00+00:00,4565.120000000001,4575.41,4536.65,4571.18,26225.0
2026-01-16 17:00:00+00:00,4571.299999999999,4596.7,4568.13,4591.71,17493.0
2026-01-16 17:30:00+00:00,4591.93,4598.94,4581.77,4591.25,13263.0
2026-01-16 18:00:00+00:00,4591.41,4593.01,4576.81,4578.61,11096.0
2026-01-16 18:30:00+00:00,4578.9,4586.5,4576.77,4581.35,8959.0
2026-01-16 19:00:00+00:00,4581.51,4591.63,4579.94,4589.95,9304.0
2026-01-16 19:30:00+00:00,4590.18,4595.99,4582.23,4582.59,8655.0
2026-01-16 20:00:00+00:00,4582.700000000001,4588.13,4580.82,4583.93,8609.0
2026-01-16 20:30:00+00:00,4584.07,4592.18,4583.82,4590.46,7601.0
2026-01-16 21:00:00+00:00,4590.67,4595.78,4587.5,4588.17,6193.0
2026-01-16 21:30:00+00:00,4588.299999999999,4589.03,4580.75,4582.02,8899.0
2026-01-16 22:00:00+00:00,4582.030000000001,4598.37,4581.88,4592.31,5662.0
2026-01-16 22:30:00+00:00,4592.51,4596.63,4591.66,4596.18,3064.0
2026-01-19 00:00:00+00:00,4630.76,4684.32,4618.08,4678.53,12089.0
2026-01-19 00:30:00+00:00,4678.5,4690.61,4663.19,4672.6,9356.0
2026-01-19 01:00:00+00:00,4672.77,4678.24,4661.06,4675.87,9208.0
2026-01-19 01:30:00+00:00,4676.049999999999,4681.96,4671.98,4675.2,8310.0
2026-01-19 02:00:00+00:00,4675.469999999999,4678.27,4656.5,4662.11,13940.0
2026-01-19 02:30:00+00:00,4662.32,4667.58,4656.05,4657.3,11084.0
2026-01-19 03:00:00+00:00,4657.370000000001,4665.04,4653.11,4659.94,7710.0
2026-01-19 03:30:00+00:00,4660.110000000001,4664.54,4655.04,4662.4,8313.0
2026-01-19 04:00:00+00:00,4662.54,4669.84,4662.39,4664.61,7020.0
2026-01-19 04:30:00+00:00,4664.82,4665.91,4658.1,4658.39,5833.0
2026-01-19 05:00:00+00:00,4658.57,4664.8,4658.14,4662.22,4315.0
2026-01-19 05:30:00+00:00,4662.33,4665.93,4659.13,4663.15,3884.0
2026-01-19 06:00:00+00:00,4663.32,4672.17,4663.07,4669.11,4329.0
2026-01-19 06:30:00+00:00,4669.25,4674.1,4663.83,4669.91,6973.0
2026-01-19 07:00:00+00:00,4670.049999999999,4672.57,4666.69,4669.78,5285.0
2026-01-19 07:30:00+00:00,4669.950000000001,4678.92,4669.68,4677.83,5732.0
2026-01-19 08:00:00+00:00,4677.99,4678.44,4663.67,4667.42,6582.0
2026-01-19 08:30:00+00:00,4667.5599999999995,4669.64,4661.83,4665.07,4688.0
2026-01-19 09:00:00+00:00,4665.200000000001,4673.8,4663.66,4669.3,6099.0
2026-01-19 09:30:00+00:00,4669.46,4670.85,4661.53,4663.53,6349.0
2026-01-19 10:00:00+00:00,4663.6900000000005,4672.79,4661.86,4666.63,5786.0
2026-01-19 10:30:00+00:00,4666.719999999999,4670.49,4665.0,4668.38,4019.0
2026-01-19 11:00:00+00:00,4668.43,4671.1,4665.48,4665.74,4097.0
2026-01-19 11:30:00+00:00,4665.84,4666.95,4661.2,4663.63,4638.0
2026-01-19 12:00:00+00:00,4663.75,4667.06,4661.68,4666.88,3532.0
2026-01-19 12:30:00+00:00,4666.99,4667.49,4659.61,4660.74,5875.0
2026-01-19 13:00:00+00:00,4660.92,4672.03,4660.13,4670.85,5057.0
2026-01-19 13:30:00+00:00,4671.030000000001,4673.67,4668.12,4671.9,4901.0
2026-01-19 14:00:00+00:00,4672.07,4673.55,4668.27,4671.7,6876.0
2026-01-19 14:30:00+00:00,4671.83,4673.65,4664.42,4666.08,5462.0
2026-01-19 15:00:00+00:00,4666.27,4668.42,4661.51,4667.97,5943.0
2026-01-19 15:30:00+00:00,4668.129999999999,4670.28,4663.8,4666.53,6000.0
2026-01-19 16:00:00+00:00,4666.65,4670.82,4664.25,4666.64,6763.0
2026-01-19 16:30:00+00:00,4666.83,4676.06,4665.87,4674.26,5795.0
2026-01-19 17:00:00+00:00,4674.42,4675.58,4670.38,4671.67,5254.0
2026-01-19 17:30:00+00:00,4671.83,4673.75,4670.59,4672.21,4242.0
2026-01-19 18:00:00+00:00,4672.299999999999,4672.98,4669.17,4670.87,3643.0
2026-01-19 18:30:00+00:00,4671.030000000001,4678.76,4670.88,4676.22,4424.0
2026-01-19 19:00:00+00:00,4676.32,4680.25,4673.74,4678.34,4242.0
2026-01-19 19:30:00+00:00,4678.51,4678.8,4674.94,4676.58,2721.0
2026-01-19 20:00:00+00:00,4676.700000000001,4676.68,4666.93,4670.98,4618.0
2026-01-20 00:00:00+00:00,4672.5,4676.9,4665.04,4666.23,4057.0
2026-01-20 00:30:00+00:00,4666.389999999999,4668.84,4664.26,4665.18,3113.0
2026-01-20 01:00:00+00:00,4665.35,4667.9,4659.43,4659.54,4033.0
2026-01-20 01:30:00+00:00,4659.75,4666.27,4659.51,4660.35,4807.0
2026-01-20 02:00:00+00:00,4660.48,4673.34,4659.81,4670.97,9166.0
2026-01-20 02:30:00+00:00,4671.110000000001,4675.95,4665.69,4669.7,7322.0
2026-01-20 03:00:00+00:00,4669.860000000001,4673.35,4665.46,4672.02,6672.0
2026-01-20 03:30:00+00:00,4672.18,4674.74,4666.83,4668.61,7139.0
2026-01-20 04:00:00+00:00,4668.79,4674.11,4666.08,4673.14,6711.0
2026-01-20 04:30:00+00:00,4673.219999999999,4681.42,4672.66,4680.15,4579.0
2026-01-20 05:00:00+00:00,4680.280000000001,4687.2,4679.6,4685.93,5086.0
2026-01-20 05:30:00+00:00,4686.07,4696.92,4684.36,4695.2,6724.0
2026-01-20 06:00:00+00:00,4695.34,4701.36,4694.67,4695.86,6349.0
2026-01-20 06:30:00+00:00,4695.93,4716.61,4694.17,4714.55,9972.0
2026-01-20 07:00:00+00:00,4714.71,4716.92,4707.53,4712.4,9012.0
2026-01-20 07:30:00+00:00,4712.6,4715.24,4705.57,4712.35,8093.0
2026-01-20 08:00:00+00:00,4712.51,4722.1,4711.34,4718.21,7026.0
2026-01-20 08:30:00+00:00,4718.42,4722.65,4714.81,4716.08,5898.0
2026-01-20 09:00:00+00:00,4716.299999999999,4725.57,4714.98,4718.57,7364.0
2026-01-20 09:30:00+00:00,4718.700000000001,4731.5,4715.9,4729.23,8210.0
2026-01-20 10:00:00+00:00,4729.35,4733.58,4721.16,4733.16,7489.0
2026-01-20 10:30:00+00:00,4733.23,4737.3,4732.35,4732.39,6391.0
2026-01-20 11:00:00+00:00,4732.48,4735.03,4727.8,4727.84,6176.0
2026-01-20 11:30:00+00:00,4727.93,4729.21,4723.0,4726.48,6468.0
2026-01-20 12:00:00+00:00,4726.610000000001,4729.09,4721.52,4726.8,5655.0
2026-01-20 12:30:00+00:00,4726.96,4735.21,4725.79,4733.0,5592.0
2026-01-20 13:00:00+00:00,4733.02,4732.87,4726.29,4726.59,6783.0
2026-01-20 13:30:00+00:00,4726.76,4729.28,4724.03,4727.43,7310.0
2026-01-20 14:00:00+00:00,4727.6,4728.32,4715.9,4719.3,11178.0
2026-01-20 14:30:00+00:00,4719.49,4738.18,4715.05,4736.99,14751.0
2026-01-20 15:00:00+00:00,4737.17,4750.66,4732.2,4750.57,13601.0
2026-01-20 15:30:00+00:00,4750.73,4750.82,4728.48,4741.23,22239.0
2026-01-20 16:00:00+00:00,4740.79,4748.54,4722.39,4723.94,17431.0
2026-01-20 16:30:00+00:00,4724.049999999999,4739.25,4722.42,4737.49,15448.0
2026-01-20 17:00:00+00:00,4737.629999999999,4744.25,4728.87,4741.38,13274.0
2026-01-20 17:30:00+00:00,4741.52,4757.57,4740.78,4753.57,10875.0
2026-01-20 18:00:00+00:00,4753.610000000001,4756.59,4746.02,4755.0,8888.0
2026-01-20 18:30:00+00:00,4755.120000000001,4762.26,4752.07,4759.13,8180.0
2026-01-20 19:00:00+00:00,4759.27,4766.16,4758.6,4761.49,8876.0
2026-01-20 19:30:00+00:00,4761.57,4762.85,4752.82,4759.29,7592.0
2026-01-20 20:00:00+00:00,4759.43,4766.18,4756.42,4759.44,6675.0
2026-01-20 20:30:00+00:00,4759.58,4763.88,4756.92,4760.68,6925.0
2026-01-20 21:00:00+00:00,4760.74,4761.06,4747.48,4750.39,8665.0
2026-01-20 21:30:00+00:00,4750.5,4757.75,4748.81,4756.49,8451.0
2026-01-20 22:00:00+00:00,4756.67,4760.89,4756.21,4759.72,7414.0
2026-01-20 22:30:00+00:00,4759.84,4763.86,4757.14,4763.38,3495.0
2026-01-21 00:00:00+00:00,4765.26,4766.28,4757.76,4759.63,3044.0
2026-01-21 00:30:00+00:00,4759.639999999999,4780.95,4758.59,4775.84,5407.0
2026-01-21 01:00:00+00:00,4775.96,4779.82,4770.66,4777.07,5188.0
2026-01-21 01:30:00+00:00,4777.23,4787.63,4776.62,4784.59,6119.0
2026-01-21 02:00:00+00:00,4784.780000000001,4827.55,4783.44,4827.36,14389.0
2026-01-21 02:30:00+00:00,4827.58,4844.05,4815.01,4835.26,13572.0
2026-01-21 03:00:00+00:00,4835.42,4841.94,4817.4,4824.81,11027.0
2026-01-21 03:30:00+00:00,4824.93,4839.46,4822.06,4836.63,10246.0
2026-01-21 04:00:00+00:00,4836.77,4849.69,4827.13,4833.52,10544.0
2026-01-21 04:30:00+00:00,4833.68,4846.99,4831.64,4845.02,7164.0
2026-01-21 05:00:00+00:00,4845.16,4853.95,4837.99,4849.84,7158.0
2026-01-21 05:30:00+00:00,4849.98,4870.77,4849.75,4865.8,7352.0
2026-01-21 06:00:00+00:00,4865.79,4874.07,4858.87,4868.67,7179.0
2026-01-21 06:30:00+00:00,4868.83,4878.13,4863.92,4869.79,9856.0
2026-01-21 07:00:00+00:00,4869.93,4888.3,4864.28,4883.88,9552.0
2026-01-21 07:30:00+00:00,4884.04,4887.21,4845.49,4847.52,12310.0
2026-01-21 08:00:00+00:00,4847.71,4850.46,4832.48,4849.36,12241.0
2026-01-21 08:30:00+00:00,4849.54,4857.1,4838.76,4855.09,8528.0
2026-01-21 09:00:00+00:00,4855.17,4869.52,4853.71,4866.72,7292.0
2026-01-21 09:30:00+00:00,4866.79,4868.03,4851.43,4854.51,8197.0
2026-01-21 10:00:00+00:00,4854.780000000001,4876.55,4852.23,4875.63,7268.0
2026-01-21 10:30:00+00:00,4875.700000000001,4877.11,4859.17,4860.3,7449.0
2026-01-21 11:00:00+00:00,4860.370000000001,4866.65,4859.44,4860.32,6554.0
2026-01-21 11:30:00+00:00,4860.450000000001,4866.64,4859.94,4862.1,6063.0
2026-01-21 12:00:00+00:00,4862.280000000001,4871.52,4860.78,4866.94,5480.0
2026-01-21 12:30:00+00:00,4867.0599999999995,4867.17,4855.19,4866.78,6727.0
2026-01-21 13:00:00+00:00,4867.01,4867.39,4855.63,4864.68,7318.0
2026-01-21 13:30:00+00:00,4864.9,4870.76,4856.68,4865.03,6973.0
2026-01-21 14:00:00+00:00,4865.15,4871.36,4858.31,4867.93,11530.0
2026-01-21 14:30:00+00:00,4868.16,4880.24,4867.05,4879.31,10090.0
2026-01-21 15:00:00+00:00,4879.450000000001,4880.89,4839.11,4860.55,20714.0
2026-01-21 15:30:00+00:00,4860.610000000001,4872.35,4846.36,4851.89,18276.0
2026-01-21 16:00:00+00:00,4851.71,4868.63,4812.9,4831.05,20480.0
2026-01-21 16:30:00+00:00,4831.24,4854.45,4829.07,4847.7,16397.0
2026-01-21 17:00:00+00:00,4847.950000000001,4855.67,4829.13,4839.92,15099.0
2026-01-21 17:30:00+00:00,4840.08,4849.61,4819.48,4833.4,15187.0
2026-01-21 18:00:00+00:00,4833.51,4834.14,4814.45,4821.09,14737.0
2026-01-21 18:30:00+00:00,4821.28,4827.54,4802.53,4826.16,16270.0
2026-01-21 19:00:00+00:00,4826.35,4836.95,4819.78,4833.91,13086.0
2026-01-21 19:30:00+00:00,4834.235000000001,4850.51,4830.38,4849.99,10667.0
2026-01-21 20:00:00+00:00,4850.275,4853.9,4805.08,4815.96,12953.0
2026-01-21 20:30:00+00:00,4816.325,4821.16,4755.81,4781.08,32280.0
2026-01-21 21:00:00+00:00,4781.35,4800.8,4772.25,4797.29,15843.0
2026-01-21 21:30:00+00:00,4797.4,4827.88,4796.34,4826.58,14004.0
2026-01-21 22:00:00+00:00,4826.905,4838.44,4813.15,4832.59,6793.0
2026-01-21 22:30:00+00:00,4832.755,4839.69,4827.85,4831.09,4681.0
2026-01-22 00:00:00+00:00,4834.09,4833.86,4784.94,4794.81,6140.0
2026-01-22 00:30:00+00:00,4795.055,4801.54,4777.46,4778.21,7417.0
2026-01-22 01:00:00+00:00,4778.305,4794.09,4778.03,4782.53,7816.0
2026-01-22 01:30:00+00:00,4782.74,4798.69,4780.25,4797.75,7100.0
2026-01-22 02:00:00+00:00,4797.875,4809.69,4772.11,4795.89,14076.0
2026-01-22 02:30:00+00:00,4795.915,4804.65,4793.27,4797.77,9345.0
2026-01-22 03:00:00+00:00,4797.795,4798.19,4786.39,4787.51,9251.0
2026-01-22 03:30:00+00:00,4787.675,4792.35,4774.55,4789.02,9233.0
2026-01-22 04:00:00+00:00,4789.22,4795.79,4784.09,4792.65,7935.0
2026-01-22 04:30:00+00:00,4792.775,4796.88,4790.12,4796.56,5569.0
2026-01-22 05:00:00+00:00,4796.8150000000005,4800.35,4794.53,4796.0,5810.0
2026-01-22 05:30:00+00:00,4796.135,4798.23,4793.76,4797.33,4994.0
2026-01-22 06:00:00+00:00,4797.525,4801.46,4793.61,4795.29,5251.0
2026-01-22 06:30:00+00:00,4795.385,4821.48,4795.08,4821.25,8012.0
2026-01-22 07:00:00+00:00,4821.405,4829.1,4816.32,4825.42,8162.0
2026-01-22 07:30:00+00:00,4825.615,4828.0,4821.38,4826.56,5924.0
2026-01-22 08:00:00+00:00,4826.805,4837.95,4825.61,4837.01,6329.0
2026-01-22 08:30:00+00:00,4837.115,4838.65,4830.58,4832.56,5562.0
2026-01-22 09:00:00+00:00,4832.715,4835.52,4824.27,4826.18,6643.0
2026-01-22 09:30:00+00:00,4826.42,4831.77,4822.15,4830.69,6787.0
2026-01-22 10:00:00+00:00,4830.885,4837.92,4828.03,4829.4,6241.0
2026-01-22 10:30:00+00:00,4829.595,4831.0,4813.89,4822.92,7738.0
2026-01-22 11:00:00+00:00,4823.2,4827.5,4819.29,4826.73,6036.0
2026-01-22 11:30:00+00:00,4826.925,4831.75,4823.88,4828.98,4814.0
2026-01-22 12:00:00+00:00,4829.15,4831.73,4824.35,4827.63,5158.0
2026-01-22 12:30:00+00:00,4827.825,4836.29,4825.12,4831.03,5929.0
2026-01-22 13:00:00+00:00,4831.175,4832.44,4823.4,4831.5,6283.0
2026-01-22 13:30:00+00:00,4831.635,4832.35,4818.82,4819.63,5389.0
2026-01-22 14:00:00+00:00,4819.915,4835.1,4815.81,4827.96,10331.0
2026-01-22 14:30:00+00:00,4828.139999999999,4827.84,4810.58,4822.19,11256.0
2026-01-22 15:00:00+00:00,4822.235000000001,4830.36,4820.33,4829.32,7912.0
2026-01-22 15:30:00+00:00,4829.675,4847.63,4828.03,4835.05,15968.0
2026-01-22 16:00:00+00:00,4835.075,4856.04,4826.86,4853.75,14317.0
2026-01-22 16:30:00+00:00,4853.88,4873.52,4853.33,4871.46,12276.0
2026-01-22 17:00:00+00:00,4871.705,4880.48,4867.83,4875.87,11258.0
2026-01-22 17:30:00+00:00,4876.0650000000005,4885.26,4873.15,4877.9,9207.0
2026-01-22 18:00:00+00:00,4878.045,4893.75,4869.44,4889.89,12855.0
2026-01-22 18:30:00+00:00,4890.075,4906.21,4889.09,4904.37,9852.0
2026-01-22 19:00:00+00:00,4904.59,4914.99,4901.23,4910.04,10613.0
2026-01-22 19:30:00+00:00,4910.295,4919.27,4907.26,4915.98,7753.0
2026-01-22 20:00:00+00:00,4916.15,4924.3,4909.63,4914.48,7365.0
2026-01-22 20:30:00+00:00,4914.67,4918.05,4905.96,4911.57,7568.0
2026-01-22 21:00:00+00:00,4911.8150000000005,4928.29,4911.3,4925.56,6699.0
2026-01-22 21:30:00+00:00,4925.79,4926.97,4914.17,4916.8,8398.0
2026-01-22 22:00:00+00:00,4917.17,4925.23,4914.51,4925.0,4048.0
2026-01-22 22:30:00+00:00,4925.155,4940.67,4923.96,4936.25,4918.0
2026-01-23 00:00:00+00:00,4938.9,4959.78,4937.72,4940.15,6880.0
2026-01-23 00:30:00+00:00,4940.365,4960.46,4930.65,4958.85,7357.0
2026-01-23 01:00:00+00:00,4959.135,4963.12,4948.13,4951.92,6252.0
2026-01-23 01:30:00+00:00,4952.115,4965.59,4947.33,4964.87,6453.0
2026-01-23 02:00:00+00:00,4965.22,4967.19,4936.32,4947.39,14888.0
2026-01-23 02:30:00+00:00,4947.595,4962.94,4946.52,4953.42,8674.0
2026-01-23 03:00:00+00:00,4953.575,4956.63,4946.73,4952.96,6899.0
2026-01-23 03:30:00+00:00,4953.155,4962.14,4952.52,4955.41,5807.0
2026-01-23 04:00:00+00:00,4955.67,4958.9,4938.09,4943.57,7814.0
2026-01-23 04:30:00+00:00,4943.9,4954.35,4942.54,4951.9,5283.0
2026-01-23 05:00:00+00:00,4952.045,4953.46,4950.11,4952.75,2755.0
2026-01-23 05:30:00+00:00,4952.995,4958.27,4951.83,4956.14,3601.0
2026-01-23 06:00:00+00:00,4956.215,4960.01,4954.39,4957.31,3049.0
2026-01-23 06:30:00+00:00,4957.475,4967.22,4956.38,4960.44,5990.0
2026-01-23 07:00:00+00:00,4960.66,4962.9,4945.51,4952.72,8228.0
2026-01-23 07:30:00+00:00,4953.16,4956.0,4950.15,4953.61,6232.0
2026-01-23 08:00:00+00:00,4953.755,4959.52,4951.71,4956.87,5688.0
2026-01-23 08:30:00+00:00,4957.055,4958.39,4943.17,4944.2,7444.0
2026-01-23 09:00:00+00:00,4944.42,4947.39,4901.33,4913.16,10415.0
2026-01-23 09:30:00+00:00,4913.47,4926.26,4908.58,4913.6,10260.0
2026-01-23 10:00:00+00:00,4913.695,4919.86,4899.63,4905.13,10058.0
2026-01-23 10:30:00+00:00,4905.35,4921.4,4903.19,4918.44,7895.0
2026-01-23 11:00:00+00:00,4918.655,4932.33,4915.56,4929.39,6485.0
2026-01-23 11:30:00+00:00,4929.6,4930.62,4924.38,4929.69,5340.0
2026-01-23 12:00:00+00:00,4929.845,4929.88,4911.98,4920.75,7081.0
2026-01-23 12:30:00+00:00,4921.055,4926.26,4919.73,4922.79,5307.0
2026-01-23 13:00:00+00:00,4922.985000000001,4937.01,4918.32,4933.96,6884.0
2026-01-23 13:30:00+00:00,4934.155,4942.4,4932.15,4939.29,6560.0
2026-01-23 14:00:00+00:00,4939.425,4947.78,4923.6,4931.28,13089.0
2026-01-23 14:30:00+00:00,4931.345,4940.7,4927.33,4938.92,12384.0
2026-01-23 15:00:00+00:00,4939.0650000000005,4947.66,4934.63,4940.04,9591.0
2026-01-23 15:30:00+00:00,4940.205,4956.3,4932.64,4942.8,13463.0
2026-01-23 16:00:00+00:00,4943.19,4955.75,4938.23,4944.67,13806.0
2026-01-23 16:30:00+00:00,4944.965,4963.21,4943.65,4960.56,10775.0
2026-01-23 17:00:00+00:00,4960.925,4986.4,4959.05,4985.35,11523.0
2026-01-23 17:30:00+00:00,4985.514999999999,4988.19,4975.64,4980.28,10716.0
2026-01-23 18:00:00+00:00,4980.485000000001,4987.67,4977.21,4982.94,9470.0
2026-01-23 18:30:00+00:00,4983.135,4988.01,4961.94,4965.81,10783.0
2026-01-23 19:00:00+00:00,4965.955,4984.06,4965.18,4978.51,10707.0
2026-01-23 19:30:00+00:00,4978.725,4979.86,4958.17,4966.58,10780.0
2026-01-23 20:00:00+00:00,4966.86,4978.6,4966.61,4977.25,7714.0
2026-01-23 20:30:00+00:00,4977.405,4989.69,4974.42,4984.03,7898.0
2026-01-23 21:00:00+00:00,4984.175,4985.54,4970.67,4980.85,9541.0
2026-01-23 21:30:00+00:00,4981.014999999999,4984.11,4975.67,4981.04,9438.0
2026-01-23 22:00:00+00:00,4981.155,4985.94,4978.08,4981.71,4978.0
2026-01-23 22:30:00+00:00,4981.95,4990.13,4980.35,4988.14,3107.0
2026-01-26 00:00:00+00:00,5007.79,5032.29,4988.6,5018.51,13889.0
2026-01-26 00:30:00+00:00,5018.675,5040.02,5016.48,5039.81,9605.0
2026-01-26 01:00:00+00:00,5040.045,5043.84,5030.53,5042.55,9317.0
2026-01-26 01:30:00+00:00,5042.79,5051.93,5038.02,5041.6,8441.0
2026-01-26 02:00:00+00:00,5041.91,5075.13,5028.93,5074.01,15695.0
2026-01-26 02:30:00+00:00,5074.22,5085.56,5067.82,5070.79,15553.0
2026-01-26 03:00:00+00:00,5071.06,5088.99,5066.82,5087.72,13156.0
2026-01-26 03:30:00+00:00,5087.93,5092.96,5078.94,5080.73,12527.0
2026-01-26 04:00:00+00:00,5080.95,5087.8,5071.61,5079.38,12388.0
2026-01-26 04:30:00+00:00,5079.610000000001,5083.54,5069.94,5076.54,9733.0
2026-01-26 05:00:00+00:00,5076.71,5077.99,5071.29,5072.32,7572.0
2026-01-26 05:30:00+00:00,5072.54,5073.11,5058.02,5070.25,8188.0
2026-01-26 06:00:00+00:00,5070.41,5072.69,5052.13,5065.41,9317.0
2026-01-26 06:30:00+00:00,5065.6,5076.24,5053.0,5074.16,15012.0
2026-01-26 07:00:00+00:00,5074.389999999999,5082.08,5065.22,5075.06,12059.0
2026-01-26 07:30:00+00:00,5075.35,5110.73,5074.52,5077.52,15048.0
2026-01-26 08:00:00+00:00,5077.88,5095.64,5073.81,5095.25,9982.0
2026-01-26 08:30:00+00:00,5095.5,5095.52,5085.79,5089.07,7150.0
2026-01-26 09:00:00+00:00,5089.2,5097.58,5087.28,5096.64,8341.0
2026-01-26 09:30:00+00:00,5096.83,5098.16,5080.0,5083.3,10457.0
2026-01-26 10:00:00+00:00,5083.47,5096.73,5082.32,5096.5,10351.0
2026-01-26 10:30:00+00:00,5096.72,5098.31,5075.35,5083.91,10222.0
2026-01-26 11:00:00+00:00,5084.27,5091.2,5078.56,5087.31,8412.0
2026-01-26 11:30:00+00:00,5087.53,5094.94,5085.81,5091.37,7529.0
2026-01-26 12:00:00+00:00,5091.58,5092.6,5078.37,5087.11,8640.0
2026-01-26 12:30:00+00:00,5087.37,5092.27,5083.56,5091.37,7162.0
2026-01-26 13:00:00+00:00,5091.55,5096.85,5086.13,5089.88,8637.0
2026-01-26 13:30:00+00:00,5090.110000000001,5089.95,5077.04,5078.73,9732.0
2026-01-26 14:00:00+00:00,5078.86,5082.89,5065.76,5072.25,14787.0
2026-01-26 14:30:00+00:00,5072.389999999999,5075.87,5054.51,5068.37,14648.0
2026-01-26 15:00:00+00:00,5068.5599999999995,5082.38,5058.08,5078.23,13655.0
2026-01-26 15:30:00+00:00,5078.3,5096.9,5074.52,5096.14,18413.0
2026-01-26 16:00:00+00:00,5096.43,5097.26,5084.1,5090.21,15383.0
2026-01-26 16:30:00+00:00,5090.49,5095.1,5073.99,5090.74,16105.0
2026-01-26 17:00:00+00:00,5091.02,5104.88,5070.43,5075.48,16164.0
2026-01-26 17:30:00+00:00,5075.76,5094.35,5065.11,5089.36,17393.0
2026-01-26 18:00:00+00:00,5089.7,5097.25,5080.6,5088.32,12689.0
2026-01-26 18:30:00+00:00,5088.46,5105.09,5082.19,5100.86,11719.0
2026-01-26 19:00:00+00:00,5101.02,5103.09,5076.42,5085.01,17511.0
2026-01-26 19:30:00+00:00,5085.15,5085.19,5057.7,5068.65,19907.0
2026-01-26 20:00:00+00:00,5068.91,5069.57,5020.32,5027.44,26863.0
2026-01-26 20:30:00+00:00,5027.65,5043.64,5008.27,5028.56,23324.0
2026-01-26 21:00:00+00:00,5028.85,5056.48,5026.06,5056.35,16840.0
2026-01-26 21:30:00+00:00,5056.62,5062.3,5035.57,5055.04,15967.0
2026-01-26 22:00:00+00:00,5055.26,5059.13,5011.14,5020.49,13207.0
2026-01-26 22:30:00+00:00,5020.62,5020.92,4989.6,5007.95,12667.0
2026-01-27 00:00:00+00:00,5013.34,5049.8,5011.58,5045.04,8281.0
2026-01-27 00:30:00+00:00,5045.34,5061.39,5040.43,5043.35,6942.0
2026-01-27 01:00:00+00:00,5043.5599999999995,5053.87,5038.41,5044.88,6751.0
2026-01-27 01:30:00+00:00,5045.09,5049.61,5013.54,5032.64,10617.0
2026-01-27 02:00:00+00:00,5032.91,5075.88,5018.97,5066.58,18651.0
2026-01-27 02:30:00+00:00,5066.92,5070.37,5054.19,5060.28,11365.0
2026-01-27 03:00:00+00:00,5060.35,5070.13,5049.44,5067.93,10481.0
2026-01-27 03:30:00+00:00,5068.21,5079.73,5065.41,5072.28,8770.0
2026-01-27 04:00:00+00:00,5072.46,5073.71,5060.13,5064.66,9587.0
2026-01-27 04:30:00+00:00,5064.83,5078.97,5064.08,5076.71,8098.0
2026-01-27 05:00:00+00:00,5076.95,5078.46,5068.52,5074.64,7119.0
2026-01-27 05:30:00+00:00,5074.83,5075.24,5061.48,5067.84,8633.0
2026-01-27 06:00:00+00:00,5067.95,5068.56,5057.13,5064.3,9173.0
2026-01-27 06:30:00+00:00,5064.49,5085.06,5059.87,5082.94,9662.0
2026-01-27 07:00:00+00:00,5083.12,5087.5,5076.55,5082.18,8473.0
2026-01-27 07:30:00+00:00,5082.43,5093.8,5078.96,5085.79,9120.0
2026-01-27 08:00:00+00:00,5086.11,5094.57,5081.8,5087.74,10234.0
2026-01-27 08:30:00+00:00,5088.06,5100.79,5085.82,5085.98,10014.0
2026-01-27 09:00:00+00:00,5086.15,5088.06,5075.13,5077.42,9652.0
2026-01-27 09:30:00+00:00,5077.66,5085.23,5073.14,5079.29,8904.0
2026-01-27 10:00:00+00:00,5079.33,5088.39,5077.71,5088.25,8627.0
2026-01-27 10:30:00+00:00,5088.47,5099.44,5082.78,5098.56,8870.0
2026-01-27 11:00:00+00:00,5098.63,5098.54,5087.6,5088.07,8223.0
2026-01-27 11:30:00+00:00,5088.31,5089.03,5081.78,5086.1,7578.0
2026-01-27 12:00:00+00:00,5086.3099999999995,5090.73,5083.58,5086.71,7138.0
2026-01-27 12:30:00+00:00,5086.95,5088.18,5066.71,5076.69,8900.0
2026-01-27 13:00:00+00:00,5076.88,5082.48,5073.43,5078.76,9917.0
2026-01-27 13:30:00+00:00,5079.0,5091.0,5077.97,5084.85,9064.0
2026-01-27 14:00:00+00:00,5085.07,5092.69,5076.06,5080.81,14886.0
2026-01-27 14:30:00+00:00,5080.95,5085.73,5069.43,5077.2,13539.0
2026-01-27 15:00:00+00:00,5077.49,5077.24,5046.52,5059.33,20244.0
2026-01-27 15:30:00+00:00,5059.610000000001,5082.14,5050.81,5053.66,22955.0
2026-01-27 16:00:00+00:00,5053.76,5076.84,5047.4,5069.24,21980.0
2026-01-27 16:30:00+00:00,5069.45,5091.17,5068.68,5090.81,15391.0
2026-01-27 17:00:00+00:00,5090.889999999999,5102.91,5083.56,5098.53,12664.0
2026-01-27 17:30:00+00:00,5098.74,5099.37,5083.24,5087.27,12572.0
2026-01-27 18:00:00+00:00,5087.58,5094.06,5079.1,5087.59,12450.0
2026-01-27 18:30:00+00:00,5087.84,5089.61,5076.69,5081.18,12506.0
2026-01-27 19:00:00+00:00,5081.41,5088.78,5076.07,5084.84,13282.0
2026-01-27 19:30:00+00:00,5085.12,5095.33,5084.81,5087.89,9623.0
2026-01-27 20:00:00+00:00,5088.0,5090.77,5080.97,5087.65,8535.0
2026-01-27 20:30:00+00:00,5087.82,5099.85,5087.41,5098.81,7171.0
2026-01-27 21:00:00+00:00,5098.99,5151.58,5097.83,5141.46,21467.0
2026-01-27 21:30:00+00:00,5141.65,5182.17,5132.58,5176.42,23056.0
2026-01-27 22:00:00+00:00,5176.68,5188.25,5169.18,5173.72,11757.0
2026-01-27 22:30:00+00:00,5173.78,5190.33,5171.17,5181.08,7299.0
2026-01-28 00:00:00+00:00,5180.27,5184.52,5159.06,5170.31,10581.0
2026-01-28 00:30:00+00:00,5170.43,5176.8,5163.68,5172.32,8715.0
2026-01-28 01:00:00+00:00,5172.41,5173.01,5157.18,5163.08,8202.0
2026-01-28 01:30:00+00:00,5163.25,5179.85,5162.94,5171.73,8558.0
2026-01-28 02:00:00+00:00,5171.889999999999,5202.18,5168.51,5193.91,18902.0
2026-01-28 02:30:00+00:00,5194.13,5225.16,5186.26,5204.56,15744.0
2026-01-28 03:00:00+00:00,5204.78,5220.8,5201.46,5218.23,12813.0
2026-01-28 03:30:00+00:00,5218.49,5234.25,5216.59,5231.75,12703.0
2026-01-28 04:00:00+00:00,5231.88,5247.59,5230.34,5237.27,12060.0
2026-01-28 04:30:00+00:00,5237.45,5244.39,5224.36,5234.87,9704.0
2026-01-28 05:00:00+00:00,5235.1,5241.05,5232.26,5238.05,6892.0
2026-01-28 05:30:00+00:00,5238.26,5248.67,5233.6,5245.49,6939.0
2026-01-28 06:00:00+00:00,5245.73,5261.56,5241.49,5259.06,8969.0
2026-01-28 06:30:00+00:00,5259.13,5266.35,5250.9,5261.16,10488.0
2026-01-28 07:00:00+00:00,5261.34,5265.54,5251.97,5255.66,9644.0
2026-01-28 07:30:00+00:00,5255.99,5271.14,5254.98,5269.83,9324.0
2026-01-28 08:00:00+00:00,5270.12,5284.06,5262.93,5281.06,9667.0
2026-01-28 08:30:00+00:00,5281.25,5292.77,5271.89,5290.23,9593.0
2026-01-28 09:00:00+00:00,5290.389999999999,5300.89,5286.19,5299.45,11798.0
2026-01-28 09:30:00+00:00,5299.72,5311.33,5280.62,5293.63,12991.0
2026-01-28 10:00:00+00:00,5293.7,5297.28,5268.35,5275.56,12106.0
2026-01-28 10:30:00+00:00,5275.78,5280.19,5262.98,5278.13,9433.0
2026-01-28 11:00:00+00:00,5278.41,5285.6,5272.69,5278.5,7539.0
2026-01-28 11:30:00+00:00,5278.71,5280.51,5269.24,5269.94,8554.0
2026-01-28 12:00:00+00:00,5270.25,5270.71,5238.64,5259.13,12770.0
2026-01-28 12:30:00+00:00,5259.41,5267.53,5251.94,5261.48,7741.0
2026-01-28 13:00:00+00:00,5261.88,5268.64,5251.46,5261.04,10906.0
2026-01-28 13:30:00+00:00,5261.4,5279.07,5261.15,5278.97,8943.0
2026-01-28 14:00:00+00:00,5279.09,5289.16,5268.79,5281.2,14660.0
2026-01-28 14:30:00+00:00,5281.41,5285.48,5256.84,5266.35,13596.0
2026-01-28 15:00:00+00:00,5266.71,5270.49,5248.46,5259.13,13564.0
2026-01-28 15:30:00+00:00,5259.46,5288.29,5250.13,5285.96,20431.0
2026-01-28 16:00:00+00:00,5286.26,5298.06,5235.07,5269.47,28902.0
2026-01-28 16:30:00+00:00,5269.6900000000005,5283.95,5266.27,5278.08,17513.0
2026-01-28 17:00:00+00:00,5278.35,5292.94,5274.32,5287.29,15089.0
2026-01-28 17:30:00+00:00,5287.67,5299.98,5276.06,5299.65,13738.0
2026-01-28 18:00:00+00:00,5299.93,5306.87,5288.67,5302.46,11211.0
2026-01-28 18:30:00+00:00,5302.7,5304.61,5282.96,5297.96,12300.0
2026-01-28 19:00:00+00:00,5298.25,5325.86,5292.42,5305.14,13497.0
2026-01-28 19:30:00+00:00,5305.38,5307.92,5268.45,5283.16,20315.0
2026-01-28 20:00:00+00:00,5283.15,5301.78,5268.97,5283.17,20906.0
2026-01-28 20:30:00+00:00,5283.49,5331.87,5280.82,5325.4,18424.0
2026-01-28 21:00:00+00:00,5325.6,5355.65,5321.06,5354.52,15382.0
2026-01-28 21:30:00+00:00,5354.5,5391.38,5352.96,5376.61,20122.0
2026-01-28 22:00:00+00:00,5376.93,5396.29,5376.68,5384.31,10504.0
2026-01-28 22:30:00+00:00,5384.59,5418.96,5380.59,5417.98,7877.0
2026-01-29 00:00:00+00:00,5420.719999999999,5495.89,5419.18,5490.11,17676.0
2026-01-29 00:30:00+00:00,5490.46,5597.89,5483.88,5512.65,25457.0
2026-01-29 01:00:00+00:00,5513.64,5513.4,5451.95,5497.54,14893.0
2026-01-29 01:30:00+00:00,5497.96,5526.95,5492.86,5520.33,14487.0
2026-01-29 02:00:00+00:00,5520.54,5526.69,5444.97,5507.14,19429.0
2026-01-29 02:30:00+00:00,5507.31,5551.1,5507.06,5545.44,14265.0
2026-01-29 03:00:00+00:00,5545.84,5546.08,5504.58,5525.49,13404.0
2026-01-29 03:30:00+00:00,5525.75,5549.96,5518.4,5535.79,13417.0
2026-01-29 04:00:00+00:00,5536.08,5548.43,5508.19,5521.99,10487.0
2026-01-29 04:30:00+00:00,5522.3,5548.75,5520.16,5545.6,8189.0
2026-01-29 05:00:00+00:00,5545.77,5552.3,5533.4,5546.75,8035.0
2026-01-29 05:30:00+00:00,5547.01,5564.42,5545.04,5558.11,8846.0
2026-01-29 06:00:00+00:00,5558.35,5560.77,5516.02,5541.89,10639.0
2026-01-29 06:30:00+00:00,5542.07,5564.36,5540.86,5562.28,10308.0
2026-01-29 07:00:00+00:00,5562.58,5595.25,5562.33,5585.92,11966.0
2026-01-29 07:30:00+00:00,5586.07,5587.65,5554.65,5561.65,12228.0
2026-01-29 08:00:00+00:00,5561.77,5574.77,5536.67,5541.41,13102.0
2026-01-29 08:30:00+00:00,5541.59,5557.65,5541.34,5548.91,11058.0
2026-01-29 09:00:00+00:00,5548.889999999999,5554.71,5523.02,5530.08,16182.0
2026-01-29 09:30:00+00:00,5530.27,5530.48,5474.03,5509.59,18921.0
2026-01-29 10:00:00+00:00,5509.8,5518.59,5497.73,5516.13,13515.0
2026-01-29 10:30:00+00:00,5516.34,5529.53,5511.19,5513.86,11491.0
2026-01-29 11:00:00+00:00,5514.1,5524.92,5501.64,5510.27,10394.0
2026-01-29 11:30:00+00:00,5510.42,5510.17,5482.03,5483.24,10515.0
2026-01-29 12:00:00+00:00,5483.58,5516.33,5470.6,5515.7,10958.0
2026-01-29 12:30:00+00:00,5515.93,5528.48,5508.15,5522.25,9412.0
2026-01-29 13:00:00+00:00,5522.6,5542.72,5518.09,5540.44,9814.0
2026-01-29 13:30:00+00:00,5540.9400000000005,5542.15,5525.95,5533.94,11030.0
2026-01-29 14:00:00+00:00,5534.335,5540.92,5507.7,5519.61,16215.0
2026-01-29 14:30:00+00:00,5519.9400000000005,5530.74,5500.13,5510.04,15522.0
2026-01-29 15:00:00+00:00,5510.57,5549.39,5510.12,5543.51,19260.0
2026-01-29 15:30:00+00:00,5543.855,5545.0,5490.57,5496.96,33369.0
2026-01-29 16:00:00+00:00,5497.305,5496.93,5098.1,5190.11,35308.0
2026-01-29 16:30:00+00:00,5192.375,5257.21,5104.66,5182.5,21738.0
2026-01-29 17:00:00+00:00,5182.83,5296.42,5171.59,5289.28,16778.0
2026-01-29 17:30:00+00:00,5289.41,5310.51,5227.76,5263.96,15584.0
2026-01-29 18:00:00+00:00,5264.35,5367.57,5263.75,5362.45,17552.0
2026-01-29 18:30:00+00:00,5362.91,5375.04,5314.54,5334.74,18938.0
2026-01-29 19:00:00+00:00,5335.2,5358.77,5308.45,5329.84,16862.0
2026-01-29 19:30:00+00:00,5330.360000000001,5361.82,5321.86,5338.7,14644.0
2026-01-29 20:00:00+00:00,5339.1,5345.01,5304.04,5318.01,16902.0
2026-01-29 20:30:00+00:00,5318.68,5327.13,5289.85,5305.14,15038.0
2026-01-29 21:00:00+00:00,5305.72,5325.34,5282.24,5318.16,11903.0
2026-01-29 21:30:00+00:00,5318.575,5406.74,5309.66,5394.24,14229.0
2026-01-29 22:00:00+00:00,5394.54,5425.67,5382.97,5411.11,10522.0
2026-01-29 22:30:00+00:00,5411.799999999999,5412.04,5368.6,5369.84,8456.0
2026-01-30 00:00:00+00:00,5387.19,5448.06,5368.34,5415.96,12065.0
2026-01-30 00:30:00+00:00,5416.379999999999,5447.72,5406.29,5438.01,9451.0
2026-01-30 01:00:00+00:00,5438.52,5450.45,5418.64,5426.22,11695.0
2026-01-30 01:30:00+00:00,5426.84,5435.94,5389.67,5406.63,12709.0
2026-01-30 02:00:00+00:00,5407.0,5409.29,5301.0,5356.9,16905.0
2026-01-30 02:30:00+00:00,5357.4400000000005,5372.57,5290.75,5300.8,15006.0
2026-01-30 03:00:00+00:00,5301.43,5312.46,5111.88,5170.93,20445.0
2026-01-30 03:30:00+00:00,5171.6,5245.61,5139.83,5223.91,16413.0
2026-01-30 04:00:00+00:00,5224.6,5228.65,5166.48,5198.95,13408.0
2026-01-30 04:30:00+00:00,5199.51,5221.33,5150.9,5195.93,12607.0
2026-01-30 05:00:00+00:00,5196.34,5229.77,5193.46,5209.97,10840.0
2026-01-30 05:30:00+00:00,5210.58,5225.89,5199.7,5214.24,9001.0
2026-01-30 06:00:00+00:00,5214.655,5241.1,5203.18,5229.65,9767.0
2026-01-30 06:30:00+00:00,5230.27,5239.41,5179.75,5184.4,11161.0
2026-01-30 07:00:00+00:00,5185.1900000000005,5204.69,5155.97,5156.63,11909.0
2026-01-30 07:30:00+00:00,5157.0599999999995,5178.96,5145.48,5155.49,12721.0
2026-01-30 08:00:00+00:00,5156.030000000001,5185.97,5124.82,5174.37,12362.0
2026-01-30 08:30:00+00:00,5174.98,5184.59,5117.09,5180.62,14941.0
2026-01-30 09:00:00+00:00,5181.129999999999,5180.53,5132.52,5151.95,15520.0
2026-01-30 09:30:00+00:00,5152.2,5154.57,5055.47,5116.98,15838.0
2026-01-30 10:00:00+00:00,5117.215,5131.6,5013.47,5027.95,18688.0
2026-01-30 10:30:00+00:00,5028.32,5068.2,4940.61,5012.98,18587.0
2026-01-30 11:00:00+00:00,5013.345,5075.35,5000.23,5059.03,15918.0
2026-01-30 11:30:00+00:00,5059.85,5121.8,5054.52,5119.2,16007.0
2026-01-30 12:00:00+00:00,5119.62,5129.5,5089.4,5123.95,13494.0
2026-01-30 12:30:00+00:00,5124.889999999999,5144.04,5088.84,5135.19,12790.0
2026-01-30 13:00:00+00:00,5136.1,5145.27,5109.12,5119.04,12988.0
2026-01-30 13:30:00+00:00,5120.02,5135.61,5054.61,5063.9,16755.0
2026-01-30 14:00:00+00:00,5065.29,5099.2,5013.33,5026.23,19386.0
2026-01-30 14:30:00+00:00,5027.09,5047.83,4991.22,5018.74,17731.0
2026-01-30 15:00:00+00:00,5019.51,5087.17,5016.82,5071.46,18879.0
2026-01-30 15:30:00+00:00,5072.68,5112.69,5013.8,5032.11,24278.0
2026-01-30 16:00:00+00:00,5033.18,5059.3,4979.7,5044.77,24844.0
2026-01-30 16:30:00+00:00,5045.4,5073.67,5037.62,5050.18,22195.0
2026-01-30 17:00:00+00:00,5050.8099999999995,5051.2,4988.42,4994.75,21622.0
2026-01-30 17:30:00+00:00,4995.610000000001,5016.71,4941.12,4984.46,25443.0
2026-01-30 18:00:00+00:00,4985.24,4985.52,4898.78,4925.25,25829.0
2026-01-30 18:30:00+00:00,4926.16,4925.26,4800.44,4849.24,24135.0
2026-01-30 19:00:00+00:00,4850.15,4890.28,4693.66,4741.04,26023.0
2026-01-30 19:30:00+00:00,4742.219999999999,4893.4,4683.39,4880.51,25584.0
2026-01-30 20:00:00+00:00,4881.28,4917.57,4839.83,4892.17,19931.0
2026-01-30 20:30:00+00:00,4893.57,4946.93,4880.24,4931.35,14721.0
2026-01-30 21:00:00+00:00,4932.360000000001,4931.96,4878.01,4889.74,15525.0
2026-01-30 21:30:00+00:00,4890.59,4893.43,4808.25,4846.9,17150.0
2026-01-30 22:00:00+00:00,4847.75,4889.58,4831.15,4873.9,13275.0
2026-01-30 22:30:00+00:00,4874.49,4895.37,4849.42,4890.29,10985.0
2026-02-02 00:00:00+00:00,4822.88,4867.4,4697.2,4726.29,10278.0
2026-02-02 00:30:00+00:00,4727.47,4787.44,4714.2,4741.34,14038.0
2026-02-02 01:00:00+00:00,4741.9,4884.37,4739.31,4845.97,19960.0
2026-02-02 01:30:00+00:00,4846.96,4846.51,4759.33,4766.25,21042.0
2026-02-02 02:00:00+00:00,4766.97,4784.08,4584.77,4695.59,29364.0
2026-02-02 02:30:00+00:00,4696.71,4749.53,4667.07,4736.12,24351.0
2026-02-02 03:00:00+00:00,4736.6,4748.61,4697.63,4738.31,27045.0
2026-02-02 03:30:00+00:00,4739.07,4772.4,4697.98,4710.48,18172.0
2026-02-02 04:00:00+00:00,4711.2,4728.86,4660.04,4695.53,16485.0
2026-02-02 04:30:00+00:00,4696.47,4699.76,4629.24,4645.43,23545.0
2026-02-02 05:00:00+00:00,4646.43,4704.58,4602.79,4670.16,19996.0
2026-02-02 05:30:00+00:00,4671.360000000001,4712.87,4657.29,4678.9,13457.0
2026-02-02 06:00:00+00:00,4679.860000000001,4696.29,4647.94,4657.29,13581.0
2026-02-02 06:30:00+00:00,4658.24,4657.9,4497.09,4548.69,25281.0
2026-02-02 07:00:00+00:00,4549.49,4573.15,4432.9,4485.64,22980.0
2026-02-02 07:30:00+00:00,4486.6,4522.64,4402.11,4504.84,21274.0
2026-02-02 08:00:00+00:00,4505.36,4574.27,4486.04,4559.41,18898.0
2026-02-02 08:30:00+00:00,4560.5,4618.4,4524.19,4586.58,17601.0
2026-02-02 09:00:00+00:00,4587.49,4648.37,4561.84,4645.86,19795.0
2026-02-02 09:30:00+00:00,4646.53,4650.69,4607.03,4639.95,16921.0
2026-02-02 10:00:00+00:00,4640.91,4699.5,4602.98,4689.46,19088.0
2026-02-02 10:30:00+00:00,4690.110000000001,4730.81,4678.66,4718.94,18439.0
2026-02-02 11:00:00+00:00,4719.49,4733.28,4669.99,4681.86,16250.0
2026-02-02 11:30:00+00:00,4682.83,4711.31,4656.58,4705.06,14492.0
2026-02-02 12:00:00+00:00,4705.75,4760.16,4703.03,4752.47,13988.0
2026-02-02 12:30:00+00:00,4753.139999999999,4778.96,4747.18,4765.28,14208.0
2026-02-02 13:00:00+00:00,4766.08,4789.41,4743.08,4777.16,16048.0
2026-02-02 13:30:00+00:00,4778.02,4811.93,4769.36,4793.47,18091.0
2026-02-02 14:00:00+00:00,4794.04,4803.37,4719.22,4738.93,41017.0
2026-02-02 14:30:00+00:00,4739.639999999999,4741.98,4668.9,4705.55,40520.0
2026-02-02 15:00:00+00:00,4706.33,4738.39,4679.48,4721.06,66114.0
2026-02-02 15:30:00+00:00,4721.57,4793.86,4699.58,4718.78,56027.0
2026-02-02 16:00:00+00:00,4719.5,4745.19,4673.2,4680.59,45121.0
2026-02-02 16:30:00+00:00,4681.27,4704.11,4616.48,4619.55,45464.0
2026-02-02 17:00:00+00:00,4620.43,4708.24,4596.34,4670.98,42339.0
2026-02-02 17:30:00+00:00,4671.77,4688.38,4644.57,4665.5,34139.0
2026-02-02 18:00:00+00:00,4665.99,4713.25,4659.67,4666.89,24007.0
2026-02-02 18:30:00+00:00,4668.09,4688.12,4655.75,4673.59,17252.0
2026-02-02 19:00:00+00:00,4674.28,4673.72,4618.6,4631.33,20631.0
2026-02-02 19:30:00+00:00,4632.639999999999,4673.6,4631.69,4657.18,15628.0
2026-02-02 20:00:00+00:00,4657.98,4661.84,4630.62,4642.9,14522.0
2026-02-02 20:30:00+00:00,4643.639999999999,4712.47,4637.05,4685.3,18427.0
2026-02-02 21:00:00+00:00,4685.75,4700.21,4650.75,4669.95,17677.0
2026-02-02 21:30:00+00:00,4670.82,4692.36,4647.35,4652.75,23201.0
2026-02-02 22:00:00+00:00,4653.29,4686.69,4643.25,4680.52,13153.0
2026-02-02 22:30:00+00:00,4681.1900000000005,4685.86,4647.85,4658.71,11685.0
2026-02-03 00:00:00+00:00,4670.55,4762.77,4665.25,4737.57,15687.0
2026-02-03 00:30:00+00:00,4738.17,4775.17,4716.49,4773.63,16172.0
2026-02-03 01:00:00+00:00,4774.360000000001,4828.49,4765.52,4819.46,17903.0
2026-02-03 01:30:00+00:00,4820.17,4830.0,4773.66,4779.79,18157.0
2026-02-03 02:00:00+00:00,4780.889999999999,4856.35,4765.82,4853.06,33092.0
2026-02-03 02:30:00+00:00,4853.79,4856.38,4819.64,4840.98,25438.0
2026-02-03 03:00:00+00:00,4841.58,4841.65,4760.27,4772.15,27815.0
2026-02-03 03:30:00+00:00,4772.8099999999995,4787.17,4745.12,4782.8,26945.0
2026-02-03 04:00:00+00:00,4783.6,4793.79,4751.47,4772.93,23641.0
2026-02-03 04:30:00+00:00,4773.53,4812.85,4770.3,4808.64,17345.0
2026-02-03 05:00:00+00:00,4809.45,4824.45,4800.4,4805.59,13903.0
2026-02-03 05:30:00+00:00,4806.18,4824.98,4805.48,4808.58,11583.0
2026-02-03 06:00:00+00:00,4809.26,4841.31,4808.56,4839.37,12127.0
2026-02-03 06:30:00+00:00,4839.8,4839.48,4812.72,4824.6,23454.0
2026-02-03 07:00:00+00:00,4825.4,4874.53,4816.3,4870.83,17725.0
2026-02-03 07:30:00+00:00,4871.63,4893.51,4864.71,4880.58,25636.0
2026-02-03 08:00:00+00:00,4881.360000000001,4901.24,4871.23,4899.59,17577.0
2026-02-03 08:30:00+00:00,4900.33,4933.07,4898.27,4916.64,20800.0
2026-02-03 09:00:00+00:00,4917.3,4941.43,4897.95,4935.73,21721.0
2026-02-03 09:30:00+00:00,4936.42,4948.43,4910.94,4911.87,17626.0
2026-02-03 10:00:00+00:00,4912.54,4923.37,4889.79,4890.72,20978.0
2026-02-03 10:30:00+00:00,4891.45,4925.67,4884.2,4915.65,15185.0
2026-02-03 11:00:00+00:00,4916.16,4929.17,4913.65,4914.15,13567.0
2026-02-03 11:30:00+00:00,4914.6,4923.47,4901.33,4901.75,13000.0
2026-02-03 12:00:00+00:00,4902.49,4912.23,4883.62,4900.5,16164.0
2026-02-03 12:30:00+00:00,4901.18,4918.57,4897.75,4916.45,12636.0
2026-02-03 13:00:00+00:00,4916.93,4935.59,4892.13,4902.02,17924.0
2026-02-03 13:30:00+00:00,4902.74,4918.51,4899.46,4913.15,12457.0
2026-02-03 14:00:00+00:00,4913.9,4938.66,4902.21,4933.55,27323.0
2026-02-03 14:30:00+00:00,4934.3,4950.46,4920.54,4932.02,24592.0
2026-02-03 15:00:00+00:00,4932.76,4935.71,4895.68,4924.2,23239.0
2026-02-03 15:30:00+00:00,4924.9400000000005,4929.68,4893.56,4916.3,34034.0
2026-02-03 16:00:00+00:00,4916.79,4948.12,4903.99,4924.58,30984.0
2026-02-03 16:30:00+00:00,4925.47,4935.32,4907.32,4934.9,20449.0
2026-02-03 17:00:00+00:00,4935.62,4980.2,4929.54,4972.31,21790.0
2026-02-03 17:30:00+00:00,4973.05,4993.49,4951.32,4955.02,26090.0
2026-02-03 18:00:00+00:00,4955.7,4969.3,4922.84,4948.0,35761.0
2026-02-03 18:30:00+00:00,4948.72,4964.23,4907.08,4928.38,31088.0
2026-02-03 19:00:00+00:00,4928.99,4953.69,4904.47,4908.15,33768.0
2026-02-03 19:30:00+00:00,4908.88,4917.73,4884.75,4907.83,29066.0
2026-02-03 20:00:00+00:00,4908.49,4933.24,4880.24,4930.08,27604.0
2026-02-03 20:30:00+00:00,4930.54,4948.47,4916.28,4926.81,25104.0
2026-02-03 21:00:00+00:00,4927.32,4941.52,4902.35,4938.58,23281.0
2026-02-03 21:30:00+00:00,4939.29,4956.35,4937.57,4952.22,9996.0
2026-02-04 00:00:00+00:00,4954.37,4971.28,4909.73,4922.61,2792.0
2026-02-04 00:30:00+00:00,4922.83,4953.87,4920.26,4946.27,4987.0
2026-02-04 01:00:00+00:00,4947.24,4998.78,4945.46,4980.7,6670.0
2026-02-04 01:30:00+00:00,4981.639999999999,5015.46,4967.7,5014.78,6409.0
2026-02-04 02:00:00+00:00,5015.74,5052.3,4985.53,5036.79,7803.0
2026-02-04 02:30:00+00:00,5037.56,5049.35,5009.58,5045.45,6849.0
2026-02-04 03:00:00+00:00,5046.66,5064.53,5045.41,5057.03,6167.0
2026-02-04 03:30:00+00:00,5058.0599999999995,5061.14,5034.7,5039.28,6608.0
2026-02-04 04:00:00+00:00,5040.53,5055.74,5035.18,5052.13,6154.0
2026-02-04 04:30:00+00:00,5052.71,5072.88,5050.74,5069.28,5376.0
2026-02-04 05:00:00+00:00,5070.15,5073.26,5055.62,5060.88,4538.0
2026-02-04 05:30:00+00:00,5062.05,5080.73,5059.79,5079.71,4657.0
2026-02-04 06:00:00+00:00,5080.68,5084.56,5075.74,5079.42,4411.0
2026-02-04 06:30:00+00:00,5080.41,5089.45,5068.57,5078.68,6111.0
2026-02-04 07:00:00+00:00,5079.65,5082.54,5050.48,5053.58,6742.0
2026-02-04 07:30:00+00:00,5054.51,5079.24,5053.2,5075.83,6104.0
2026-02-04 08:00:00+00:00,5076.8099999999995,5088.74,5061.48,5088.65,5797.0
2026-02-04 08:30:00+00:00,5089.59,5090.76,5066.27,5083.88,5575.0
2026-02-04 09:00:00+00:00,5084.78,5091.14,5074.03,5083.35,5220.0
2026-02-04 09:30:00+00:00,5084.25,5084.59,5068.12,5082.86,5153.0
2026-02-04 10:00:00+00:00,5083.51,5086.06,5052.91,5056.04,6368.0
2026-02-04 10:30:00+00:00,5057.0,5065.59,5043.07,5059.1,6248.0
2026-02-04 11:00:00+00:00,5060.08,5063.72,5040.87,5043.03,5863.0
2026-02-04 11:30:00+00:00,5043.8,5060.75,5043.3,5047.81,5830.0
2026-02-04 12:00:00+00:00,5048.74,5052.58,5012.88,5022.81,6238.0
2026-02-04 12:30:00+00:00,5023.84,5049.78,5021.15,5046.92,5775.0
2026-02-04 13:00:00+00:00,5047.610000000001,5054.84,5036.58,5046.64,5524.0
2026-02-04 13:30:00+00:00,5047.65,5062.51,5036.83,5040.12,5587.0
2026-02-04 14:00:00+00:00,5041.29,5053.65,5022.84,5048.05,7492.0
2026-02-04 14:30:00+00:00,5049.62,5062.84,5032.75,5052.94,7108.0
2026-02-04 15:00:00+00:00,5054.16,5058.45,5027.83,5030.58,7270.0
2026-02-04 15:30:00+00:00,5031.09,5036.68,4966.09,4985.01,9828.0
2026-02-04 16:00:00+00:00,4985.7,5006.86,4949.67,4957.25,8951.0
2026-02-04 16:30:00+00:00,4958.110000000001,4961.12,4886.97,4919.65,9627.0
2026-02-04 17:00:00+00:00,4920.610000000001,4939.33,4889.43,4923.47,8996.0
2026-02-04 17:30:00+00:00,4924.45,4933.72,4853.6,4903.5,9254.0
2026-02-04 18:00:00+00:00,4904.47,4924.64,4887.56,4916.51,8055.0
2026-02-04 18:30:00+00:00,4917.42,4929.36,4895.15,4897.1,8512.0
2026-02-04 19:00:00+00:00,4898.03,4934.27,4872.3,4925.8,7994.0
2026-02-04 19:30:00+00:00,4926.139999999999,4931.69,4903.02,4926.57,6402.0
2026-02-04 20:00:00+00:00,4927.639999999999,4949.57,4914.54,4933.47,7044.0
2026-02-04 20:30:00+00:00,4933.99,4957.57,4928.03,4941.45,11011.0
2026-02-04 21:00:00+00:00,4941.925,4945.94,4918.98,4922.29,12446.0
2026-02-04 21:30:00+00:00,4922.68,4952.04,4914.01,4938.29,12972.0
2026-02-04 22:00:00+00:00,4938.55,4959.05,4937.46,4958.55,5416.0
2026-02-04 22:30:00+00:00,4958.915,4970.84,4952.3,4964.73,5025.0
2026-02-05 00:00:00+00:00,4976.01,5020.93,4967.05,5019.53,7986.0
2026-02-05 00:30:00+00:00,5019.785,5023.51,5007.75,5012.07,10619.0
2026-02-05 01:00:00+00:00,5012.355,5019.2,4996.84,5015.7,11764.0
2026-02-05 01:30:00+00:00,5016.01,5020.39,5003.96,5006.7,7663.0
2026-02-05 02:00:00+00:00,5007.22,5011.79,4935.93,4952.05,31579.0
2026-02-05 02:30:00+00:00,4952.335,4986.55,4951.96,4958.7,21139.0
2026-02-05 03:00:00+00:00,4959.01,4961.82,4894.59,4936.46,34376.0
2026-02-05 03:30:00+00:00,4936.86,4940.33,4804.7,4811.82,47183.0
2026-02-05 04:00:00+00:00,4812.16,4887.53,4788.84,4858.7,32032.0
2026-02-05 04:30:00+00:00,4859.085,4885.7,4838.74,4880.25,23290.0
2026-02-05 05:00:00+00:00,4880.585,4891.42,4862.99,4886.48,15510.0
2026-02-05 05:30:00+00:00,4886.875,4888.17,4863.23,4863.52,12030.0
2026-02-05 06:00:00+00:00,4863.72,4875.86,4839.94,4868.48,12793.0
2026-02-05 06:30:00+00:00,4868.82,4906.49,4819.25,4896.16,24502.0
2026-02-05 07:00:00+00:00,4896.505,4930.11,4876.99,4929.57,19649.0
2026-02-05 07:30:00+00:00,4929.8,4933.93,4898.43,4920.3,18030.0
2026-02-05 08:00:00+00:00,4920.41,4940.71,4910.95,4932.33,16605.0
2026-02-05 08:30:00+00:00,4932.685,4933.51,4895.66,4914.95,13980.0
2026-02-05 09:00:00+00:00,4915.11,4943.21,4912.5,4921.08,14265.0
2026-02-05 09:30:00+00:00,4921.525,4929.72,4900.94,4911.93,12950.0
2026-02-05 10:00:00+00:00,4912.335,4914.3,4853.6,4873.81,20177.0
2026-02-05 10:30:00+00:00,4874.145,4893.82,4849.05,4854.89,15401.0
2026-02-05 11:00:00+00:00,4855.085,4877.57,4847.2,4860.96,15867.0
2026-02-05 11:30:00+00:00,4861.43,4886.49,4851.53,4876.69,11084.0
2026-02-05 12:00:00+00:00,4877.085,4894.16,4876.4,4891.71,8923.0
2026-02-05 12:30:00+00:00,4892.175,4892.63,4864.05,4868.11,10599.0
2026-02-05 13:00:00+00:00,4868.465,4877.95,4810.25,4847.95,22385.0
2026-02-05 13:30:00+00:00,4848.28,4870.64,4838.27,4853.99,24093.0
2026-02-05 14:00:00+00:00,4854.2,4865.67,4801.75,4851.08,36872.0
2026-02-05 14:30:00+00:00,4851.11,4868.24,4819.96,4835.08,22460.0
2026-02-05 15:00:00+00:00,4835.565,4849.84,4809.71,4835.0,26772.0
2026-02-05 15:30:00+00:00,4835.69,4869.68,4805.7,4845.72,36107.0
2026-02-05 16:00:00+00:00,4845.765,4865.64,4813.07,4819.27,32441.0
2026-02-05 16:30:00+00:00,4819.695,4838.04,4800.14,4817.34,25544.0
2026-02-05 17:00:00+00:00,4817.695,4856.35,4812.06,4849.66,23267.0
2026-02-05 17:30:00+00:00,4850.125,4906.5,4844.84,4888.62,20543.0
2026-02-05 18:00:00+00:00,4888.905,4890.5,4858.92,4866.84,18198.0
2026-02-05 18:30:00+00:00,4867.205,4884.56,4858.99,4868.92,16567.0
2026-02-05 19:00:00+00:00,4869.175,4874.91,4851.03,4869.19,20206.0
2026-02-05 19:30:00+00:00,4869.435,4873.01,4851.03,4857.88,11918.0
2026-02-05 20:00:00+00:00,4858.155,4864.95,4841.88,4850.99,12002.0
2026-02-05 20:30:00+00:00,4851.325,4853.72,4823.36,4829.08,13781.0
2026-02-05 21:00:00+00:00,4829.405,4843.04,4810.14,4825.15,13379.0
2026-02-05 21:30:00+00:00,4825.535,4831.68,4792.66,4811.12,14479.0
2026-02-05 22:00:00+00:00,4811.455,4825.73,4795.01,4802.14,9329.0
2026-02-05 22:30:00+00:00,4802.625,4804.31,4758.88,4781.13,12293.0
2026-02-06 00:00:00+00:00,4789.754999999999,4796.0,4748.72,4751.85,9881.0
2026-02-06 00:30:00+00:00,4752.215,4756.79,4703.04,4703.48,17673.0
2026-02-06 01:00:00+00:00,4703.735,4730.02,4654.83,4723.61,26029.0
2026-02-06 01:30:00+00:00,4724.025,4764.16,4707.64,4762.75,26514.0
2026-02-06 02:00:00+00:00,4762.995,4763.1,4693.57,4711.65,34385.0
2026-02-06 02:30:00+00:00,4712.205,4784.4,4705.06,4773.84,18181.0
2026-02-06 03:00:00+00:00,4774.345,4821.25,4760.61,4820.08,17466.0
2026-02-06 03:30:00+00:00,4820.325,4846.16,4809.09,4816.28,21170.0
2026-02-06 04:00:00+00:00,4816.615,4839.13,4801.51,4811.37,15191.0
2026-02-06 04:30:00+00:00,4811.725,4827.64,4800.55,4824.05,10074.0
2026-02-06 05:00:00+00:00,4824.395,4827.75,4806.9,4826.04,8045.0
2026-02-06 05:30:00+00:00,4826.455,4831.56,4810.39,4813.72,6954.0
2026-02-06 06:00:00+00:00,4814.085,4852.1,4807.52,4851.85,8646.0
2026-02-06 06:30:00+00:00,4852.235,4897.8,4836.94,4897.54,16868.0
2026-02-06 07:00:00+00:00,4897.895,4903.09,4847.83,4853.55,15764.0
2026-02-06 07:30:00+00:00,4853.835,4866.4,4825.27,4846.24,14164.0
2026-02-06 08:00:00+00:00,4846.625,4861.57,4837.98,4858.43,10785.0
2026-02-06 08:30:00+00:00,4858.765,4859.56,4839.91,4840.93,7765.0
2026-02-06 09:00:00+00:00,4841.265,4874.07,4829.29,4867.29,12317.0
2026-02-06 09:30:00+00:00,4867.545,4882.17,4852.55,4861.65,9694.0
2026-02-06 10:00:00+00:00,4862.015,4871.29,4838.44,4863.23,10154.0
2026-02-06 10:30:00+00:00,4863.465,4872.38,4855.73,4866.01,9014.0
2026-02-06 11:00:00+00:00,4866.365,4877.3,4851.33,4854.8,8493.0
2026-02-06 11:30:00+00:00,4855.075,4879.7,4852.93,4878.16,7148.0
2026-02-06 12:00:00+00:00,4878.525,4893.96,4863.52,4890.72,8909.0
2026-02-06 12:30:00+00:00,4891.155,4895.85,4880.02,4886.93,8156.0
2026-02-06 13:00:00+00:00,4887.465,4903.17,4871.2,4877.26,10430.0
2026-02-06 13:30:00+00:00,4877.655,4903.11,4876.88,4899.99,8920.0
2026-02-06 14:00:00+00:00,4900.375,4928.29,4896.95,4908.89,19267.0
2026-02-06 14:30:00+00:00,4909.195,4938.14,4908.71,4928.85,13750.0
2026-02-06 15:00:00+00:00,4929.215,4932.76,4894.27,4904.86,15199.0
2026-02-06 15:30:00+00:00,4905.245,4949.88,4897.64,4948.04,19935.0
2026-02-06 16:00:00+00:00,4947.535,4964.57,4935.65,4955.46,19828.0
2026-02-06 16:30:00+00:00,4955.875,4960.42,4928.3,4943.3,16788.0
2026-02-06 17:00:00+00:00,4943.615,4950.07,4921.78,4938.18,13858.0
2026-02-06 17:30:00+00:00,4938.585,4953.05,4929.52,4951.29,13655.0
2026-02-06 18:00:00+00:00,4951.705,4960.59,4948.81,4954.46,9302.0
2026-02-06 18:30:00+00:00,4955.15,4968.53,4948.1,4960.32,9451.0
2026-02-06 19:00:00+00:00,4960.705,4971.23,4943.67,4955.69,11097.0
2026-02-06 19:30:00+00:00,4956.095,4968.15,4951.22,4962.24,5868.0
2026-02-06 20:00:00+00:00,4962.595,4963.17,4953.65,4957.26,5457.0
2026-02-06 20:30:00+00:00,4957.675,4962.56,4948.55,4956.73,6406.0
2026-02-06 21:00:00+00:00,4957.125,4958.94,4946.27,4954.69,7355.0
2026-02-06 21:30:00+00:00,4955.105,4954.76,4936.32,4953.07,9251.0
2026-02-06 22:00:00+00:00,4953.435,4958.16,4946.27,4953.79,4223.0
2026-02-06 22:30:00+00:00,4954.155,4968.81,4953.59,4965.83,3567.0
2026-02-09 00:00:00+00:00,4981.469999999999,5026.03,4964.78,5024.11,11488.0
2026-02-09 00:30:00+00:00,5024.475,5047.06,5019.47,5035.78,13309.0
2026-02-09 01:00:00+00:00,5036.175,5044.81,5022.47,5035.01,13351.0
2026-02-09 01:30:00+00:00,5035.42,5037.6,5011.6,5019.63,9952.0
2026-02-09 02:00:00+00:00,5020.095,5041.78,5005.55,5016.63,17019.0
2026-02-09 02:30:00+00:00,5016.985,5022.39,4976.04,4982.38,14200.0
2026-02-09 03:00:00+00:00,4982.775,5001.66,4969.08,5001.19,11270.0
2026-02-09 03:30:00+00:00,5001.515,5017.27,4986.05,5006.88,10991.0
2026-02-09 04:00:00+00:00,5007.095,5026.45,5005.38,5025.03,9544.0
2026-02-09 04:30:00+00:00,5025.455,5031.2,5012.39,5016.07,7236.0
2026-02-09 05:00:00+00:00,5016.535,5024.64,5008.7,5017.66,6654.0
2026-02-09 05:30:00+00:00,5017.985,5023.02,5007.36,5011.88,5884.0
2026-02-09 06:00:00+00:00,5012.275,5031.29,5011.09,5030.04,5832.0
2026-02-09 06:30:00+00:00,5030.405,5041.32,5023.47,5036.29,10309.0
2026-02-09 07:00:00+00:00,5036.715,5045.57,5013.64,5025.04,11189.0
2026-02-09 07:30:00+00:00,5025.275,5039.42,5020.74,5031.01,9845.0
2026-02-09 08:00:00+00:00,5031.325,5030.95,4997.21,5008.44,11015.0
2026-02-09 08:30:00+00:00,5008.675,5015.4,5000.42,5006.11,7923.0
2026-02-09 09:00:00+00:00,5006.455,5031.76,5002.54,5025.49,10191.0
2026-02-09 09:30:00+00:00,5025.905,5035.61,5021.51,5027.14,7691.0
2026-02-09 10:00:00+00:00,5027.615,5040.89,5016.36,5024.16,8242.0
2026-02-09 10:30:00+00:00,5024.525,5027.32,5002.56,5007.51,8327.0
2026-02-09 11:00:00+00:00,5008.005,5015.07,4985.72,4990.86,9467.0
2026-02-09 11:30:00+00:00,4991.295,4998.99,4982.07,4990.77,10458.0
2026-02-09 12:00:00+00:00,4991.135,5006.52,4988.46,5005.94,7755.0
2026-02-09 12:30:00+00:00,5006.345,5017.89,5001.31,5010.55,7220.0
2026-02-09 13:00:00+00:00,5010.965,5017.68,5007.13,5013.77,7421.0
2026-02-09 13:30:00+00:00,5014.255,5021.64,5007.26,5013.09,7518.0
2026-02-09 14:00:00+00:00,5013.455,5024.47,5003.25,5004.1,14037.0
2026-02-09 14:30:00+00:00,5004.505,5014.65,4994.92,5006.73,11605.0
2026-02-09 15:00:00+00:00,5007.095,5023.74,5002.11,5020.69,11301.0
2026-02-09 15:30:00+00:00,5021.015,5040.47,5013.78,5037.55,17418.0
2026-02-09 16:00:00+00:00,5037.65,5041.86,5023.43,5033.06,12094.0
2026-02-09 16:30:00+00:00,5033.415,5060.31,5033.04,5058.6,10943.0
2026-02-09 17:00:00+00:00,5058.955,5079.62,5056.26,5072.0,10017.0
2026-02-09 17:30:00+00:00,5072.465,5080.55,5066.78,5073.12,9444.0
2026-02-09 18:00:00+00:00,5073.635,5075.35,5060.58,5067.87,7738.0
2026-02-09 18:30:00+00:00,5068.255,5070.21,5040.51,5045.89,9720.0
2026-02-09 19:00:00+00:00,5046.225,5059.34,5043.91,5053.86,10368.0
2026-02-09 19:30:00+00:00,5054.475,5063.81,5048.15,5062.46,7607.0
2026-02-09 20:00:00+00:00,5062.775,5074.15,5062.1,5074.1,5906.0
2026-02-09 20:30:00+00:00,5074.465,5079.83,5072.53,5074.26,5836.0
2026-02-09 21:00:00+00:00,5074.685,5081.33,5073.1,5080.13,6030.0
2026-02-09 21:30:00+00:00,5080.475,5086.47,5072.04,5079.24,8513.0
2026-02-09 22:00:00+00:00,5079.715,5082.81,5048.04,5054.97,5973.0
2026-02-09 22:30:00+00:00,5055.365,5066.21,5053.76,5058.06,4358.0
2026-02-10 00:00:00+00:00,5059.700000000001,5076.4,4987.28,5023.25,16587.0
2026-02-10 00:30:00+00:00,5023.615,5041.69,5013.26,5031.51,9795.0
2026-02-10 01:00:00+00:00,5031.845,5048.4,5031.41,5033.79,9795.0
2026-02-10 01:30:00+00:00,5034.145,5040.46,5008.7,5018.49,12339.0
2026-02-10 02:00:00+00:00,5019.015,5037.49,5012.23,5017.06,15552.0
2026-02-10 02:30:00+00:00,5017.345,5035.92,5014.72,5032.46,14021.0
2026-02-10 03:00:00+00:00,5032.825,5056.1,5031.38,5047.21,11282.0
2026-02-10 03:30:00+00:00,5047.575,5052.72,5034.51,5038.12,10430.0
2026-02-10 04:00:00+00:00,5038.485,5038.11,5016.22,5021.7,10576.0
2026-02-10 04:30:00+00:00,5021.965,5031.79,5016.14,5029.81,7648.0
2026-02-10 05:00:00+00:00,5030.085,5030.67,5017.6,5027.22,6784.0
2026-02-10 05:30:00+00:00,5027.615,5033.71,5021.84,5031.43,5317.0
2026-02-10 06:00:00+00:00,5031.795,5035.07,5011.03,5018.96,6281.0
2026-02-10 06:30:00+00:00,5019.255,5040.33,5012.64,5039.17,9659.0
2026-02-10 07:00:00+00:00,5039.525,5045.52,5030.55,5031.6,9207.0
2026-02-10 07:30:00+00:00,5031.945,5039.07,5018.77,5024.32,8942.0
2026-02-10 08:00:00+00:00,5024.545,5033.97,5018.26,5024.89,7953.0
2026-02-10 08:30:00+00:00,5025.295,5035.84,5024.55,5033.8,7564.0
2026-02-10 09:00:00+00:00,5034.185,5041.06,5028.79,5035.26,9729.0
2026-02-10 09:30:00+00:00,5035.665,5054.76,5033.94,5041.51,7921.0
2026-02-10 10:00:00+00:00,5041.775,5062.92,5040.31,5051.99,7855.0
2026-02-10 10:30:00+00:00,5052.375,5052.99,5041.88,5046.51,7513.0
2026-02-10 11:00:00+00:00,5046.865,5052.35,5036.74,5047.37,6959.0
2026-02-10 11:30:00+00:00,5047.775,5057.96,5043.68,5046.61,6264.0
2026-02-10 12:00:00+00:00,5046.995,5052.71,5044.13,5047.48,5481.0
2026-02-10 12:30:00+00:00,5047.825,5057.27,5044.69,5055.77,5137.0
2026-02-10 13:00:00+00:00,5056.175,5057.02,5040.83,5046.19,7208.0
2026-02-10 13:30:00+00:00,5046.605,5047.5,5019.35,5031.89,9718.0
2026-02-10 14:00:00+00:00,5032.195,5046.15,5026.22,5037.25,9631.0
2026-02-10 14:30:00+00:00,5037.655,5058.72,5037.28,5050.79,10297.0
2026-02-10 15:00:00+00:00,5051.175,5074.37,5046.35,5069.96,10092.0
2026-02-10 15:30:00+00:00,5070.375,5078.44,5020.59,5039.3,17902.0
2026-02-10 16:00:00+00:00,5039.605,5047.78,5028.58,5032.23,13559.0
2026-02-10 16:30:00+00:00,5032.47,5037.08,4998.89,5019.27,17199.0
2026-02-10 17:00:00+00:00,5019.655,5024.15,5005.49,5009.74,12946.0
2026-02-10 17:30:00+00:00,5010.145,5026.34,5008.16,5023.7,10587.0
2026-02-10 18:00:00+00:00,5023.875,5038.97,5020.67,5036.5,8249.0
2026-02-10 18:30:00+00:00,5036.855,5040.09,5024.86,5026.07,7075.0
2026-02-10 19:00:00+00:00,5026.05,5027.78,5004.47,5008.37,10031.0
2026-02-10 19:30:00+00:00,5008.64,5017.03,5004.75,5012.98,8341.0
2026-02-10 20:00:00+00:00,5013.3,5021.66,5008.7,5020.88,6018.0
2026-02-10 20:30:00+00:00,5021.305,5030.07,5020.93,5027.73,6224.0
2026-02-10 21:00:00+00:00,5027.825,5033.66,5020.14,5028.07,6286.0
2026-02-10 21:30:00+00:00,5028.485,5045.13,5027.09,5030.11,8312.0
2026-02-10 22:00:00+00:00,5030.31,5032.54,5022.95,5025.99,3886.0
2026-02-10 22:30:00+00:00,5026.26,5028.11,5020.19,5024.46,3107.0
2026-02-11 00:00:00+00:00,5026.21,5054.35,5024.0,5046.55,5865.0
2026-02-11 00:30:00+00:00,5046.78,5047.99,5038.23,5041.7,4139.0
2026-02-11 01:00:00+00:00,5042.125,5044.4,5027.97,5039.94,7230.0
2026-02-11 01:30:00+00:00,5040.275,5049.32,5034.45,5037.61,5419.0
2026-02-11 02:00:00+00:00,5037.95,5047.64,5030.46,5037.42,9635.0
2026-02-11 02:30:00+00:00,5037.815,5052.74,5032.3,5052.19,7411.0
2026-02-11 03:00:00+00:00,5052.535,5056.56,5032.46,5041.89,7879.0
2026-02-11 03:30:00+00:00,5042.195,5057.55,5040.94,5055.31,7481.0
2026-02-11 04:00:00+00:00,5055.585,5058.94,5044.83,5056.91,6587.0
2026-02-11 04:30:00+00:00,5057.265,5060.67,5053.04,5054.22,4555.0
2026-02-11 05:00:00+00:00,5054.495,5059.3,5052.91,5058.07,3641.0
2026-02-11 05:30:00+00:00,5058.345,5059.01,5045.6,5046.1,4392.0
2026-02-11 06:00:00+00:00,5046.565,5053.21,5043.25,5052.89,4268.0
2026-02-11 06:30:00+00:00,5053.275,5063.57,5046.0,5052.53,7628.0
2026-02-11 07:00:00+00:00,5052.82,5061.3,5049.14,5056.17,6381.0
2026-02-11 07:30:00+00:00,5056.625,5064.34,5051.79,5063.93,7565.0
2026-02-11 08:00:00+00:00,5064.2,5069.24,5052.48,5059.66,9960.0
2026-02-11 08:30:00+00:00,5060.055,5061.9,5048.64,5055.27,6703.0
2026-02-11 09:00:00+00:00,5055.49,5060.26,5050.46,5051.57,6000.0
2026-02-11 09:30:00+00:00,5051.8,5054.82,5045.67,5053.43,5656.0
2026-02-11 10:00:00+00:00,5053.915,5055.72,5046.96,5054.25,4946.0
2026-02-11 10:30:00+00:00,5054.64,5071.97,5053.48,5062.54,7158.0
2026-02-11 11:00:00+00:00,5062.935,5076.41,5062.14,5071.0,6154.0
2026-02-11 11:30:00+00:00,5071.24,5101.19,5068.23,5093.0,12359.0
2026-02-11 12:00:00+00:00,5093.41,5107.58,5082.05,5107.2,7553.0
2026-02-11 12:30:00+00:00,5107.665,5116.47,5100.71,5111.59,7699.0
2026-02-11 13:00:00+00:00,5112.075,5119.01,5086.45,5095.01,9442.0
2026-02-11 13:30:00+00:00,5095.24,5098.46,5050.05,5083.43,14508.0
2026-02-11 14:00:00+00:00,5083.605,5090.07,5063.71,5082.97,13472.0
2026-02-11 14:30:00+00:00,5083.225,5085.06,5018.64,5065.5,30505.0
2026-02-11 15:00:00+00:00,5066.015,5082.78,5061.73,5070.88,13720.0
2026-02-11 15:30:00+00:00,5071.225,5076.3,5035.68,5059.45,23727.0
2026-02-11 16:00:00+00:00,5059.715,5081.8,5043.41,5048.95,20222.0
2026-02-11 16:30:00+00:00,5049.105,5063.11,5038.98,5060.22,18514.0
2026-02-11 17:00:00+00:00,5060.22,5064.45,5042.72,5060.71,14466.0
2026-02-11 17:30:00+00:00,5061.105,5078.06,5056.09,5075.16,9849.0
2026-02-11 18:00:00+00:00,5075.415,5091.24,5068.52,5087.21,9319.0
2026-02-11 18:30:00+00:00,5087.41,5098.8,5081.28,5091.51,9187.0
2026-02-11 19:00:00+00:00,5091.645,5092.91,5066.78,5073.51,11262.0
2026-02-11 19:30:00+00:00,5073.7,5087.11,5070.93,5082.22,8840.0
2026-02-11 20:00:00+00:00,5082.45,5094.16,5081.95,5091.45,7555.0
2026-02-11 20:30:00+00:00,5091.72,5091.84,5076.67,5081.8,7506.0
2026-02-11 21:00:00+00:00,5082.125,5088.89,5079.52,5084.63,6645.0
2026-02-11 21:30:00+00:00,5085.025,5090.1,5077.97,5086.57,7671.0
2026-02-11 22:00:00+00:00,5086.86,5092.83,5077.93,5081.85,3995.0
2026-02-11 22:30:00+00:00,5082.255,5084.84,5069.56,5084.22,5290.0
2026-02-12 00:00:00+00:00,5085.355,5099.99,5053.03,5068.71,7344.0
2026-02-12 00:30:00+00:00,5069.07,5070.54,5059.38,5060.85,6510.0
2026-02-12 01:00:00+00:00,5061.255,5067.46,5049.59,5060.25,10081.0
2026-02-12 01:30:00+00:00,5060.645,5065.91,5055.73,5062.72,6673.0
2026-02-12 02:00:00+00:00,5063.025,5062.75,5044.68,5058.5,10277.0
2026-02-12 02:30:00+00:00,5058.89,5064.1,5052.85,5063.22,8022.0
2026-02-12 03:00:00+00:00,5063.685,5072.69,5062.07,5066.51,6942.0
2026-02-12 03:30:00+00:00,5066.89,5069.68,5054.94,5065.84,7102.0
2026-02-12 04:00:00+00:00,5066.185,5074.57,5054.67,5059.77,6763.0
2026-02-12 04:30:00+00:00,5060.09,5066.62,5054.85,5056.73,4948.0
2026-02-12 05:00:00+00:00,5057.075,5058.83,5050.75,5056.06,4073.0
2026-02-12 05:30:00+00:00,5056.405,5069.89,5053.95,5069.14,3683.0
2026-02-12 06:00:00+00:00,5069.575,5078.26,5065.15,5071.54,5263.0
2026-02-12 06:30:00+00:00,5071.825,5075.85,5064.34,5075.27,6321.0
2026-02-12 07:00:00+00:00,5075.665,5076.18,5055.04,5055.19,6526.0
2026-02-12 07:30:00+00:00,5055.585,5061.5,5046.77,5059.41,7587.0
2026-02-12 08:00:00+00:00,5059.805,5066.2,5051.5,5062.07,5327.0
2026-02-12 08:30:00+00:00,5062.535,5065.57,5056.5,5063.62,4172.0
2026-02-12 09:00:00+00:00,5064.005,5073.41,5060.63,5060.63,6202.0
2026-02-12 09:30:00+00:00,5060.915,5072.05,5052.25,5068.24,5524.0
2026-02-12 10:00:00+00:00,5068.595,5077.52,5066.01,5071.15,5817.0
2026-02-12 10:30:00+00:00,5071.515,5080.66,5068.34,5073.09,4495.0
2026-02-12 11:00:00+00:00,5073.335,5076.87,5060.77,5061.04,5360.0
2026-02-12 11:30:00+00:00,5061.475,5065.9,5055.83,5061.8,5312.0
2026-02-12 12:00:00+00:00,5062.185,5065.53,5059.21,5062.51,4305.0
2026-02-12 12:30:00+00:00,5062.78,5068.23,5061.23,5063.86,4257.0
2026-02-12 13:00:00+00:00,5064.2,5066.57,5056.5,5062.33,5326.0
2026-02-12 13:30:00+00:00,5062.57,5068.47,5048.64,5052.54,6789.0
2026-02-12 14:00:00+00:00,5052.895,5074.16,5051.27,5062.48,8412.0
2026-02-12 14:30:00+00:00,5062.85,5083.57,5061.13,5075.24,8034.0
2026-02-12 15:00:00+00:00,5075.47,5077.66,5054.77,5059.84,10994.0
2026-02-12 15:30:00+00:00,5060.05,5071.65,5038.87,5044.15,16372.0
2026-02-12 16:00:00+00:00,5044.53,5069.61,5039.48,5065.99,11416.0
2026-02-12 16:30:00+00:00,5066.2,5074.6,5059.93,5060.34,10183.0
2026-02-12 17:00:00+00:00,5060.755,5068.11,4878.46,4897.17,48000.0
2026-02-12 17:30:00+00:00,4897.41,4968.96,4894.21,4954.27,40160.0
2026-02-12 18:00:00+00:00,4954.53,4982.83,4939.23,4965.15,24420.0
2026-02-12 18:30:00+00:00,4965.46,4974.74,4939.37,4940.71,18892.0
2026-02-12 19:00:00+00:00,4941.03,4949.72,4906.3,4928.25,23665.0
2026-02-12 19:30:00+00:00,4928.68,4952.11,4925.89,4935.47,17197.0
2026-02-12 20:00:00+00:00,4935.615,4944.16,4928.03,4931.36,14140.0
2026-02-12 20:30:00+00:00,4931.58,4958.0,4931.31,4945.38,11412.0
2026-02-12 21:00:00+00:00,4945.65,4948.33,4921.48,4922.57,11760.0
2026-02-12 21:30:00+00:00,4922.8,4927.88,4911.04,4914.6,15112.0
2026-02-12 22:00:00+00:00,4915.145,4924.36,4911.79,4920.04,6256.0
2026-02-12 22:30:00+00:00,4920.43,4926.76,4915.75,4921.57,4967.0
2026-02-13 00:00:00+00:00,4930.85,4929.95,4886.29,4919.77,7937.0
2026-02-13 00:30:00+00:00,4920.24,4925.89,4905.71,4919.79,8908.0
2026-02-13 01:00:00+00:00,4920.205,4948.28,4913.4,4935.98,10626.0
2026-02-13 01:30:00+00:00,4936.395,4945.66,4926.62,4927.96,9068.0
2026-02-13 02:00:00+00:00,4928.44,4979.31,4926.84,4969.74,14337.0
2026-02-13 02:30:00+00:00,4969.97,4988.59,4964.31,4980.72,10881.0
2026-02-13 03:00:00+00:00,4980.95,4986.0,4972.86,4985.85,7417.0
2026-02-13 03:30:00+00:00,4986.12,4991.71,4972.08,4988.21,9443.0
2026-02-13 04:00:00+00:00,4988.625,4989.12,4973.63,4977.94,7695.0
2026-02-13 04:30:00+00:00,4978.2,4984.39,4974.91,4981.3,4750.0
2026-02-13 05:00:00+00:00,4981.45,4997.09,4975.61,4985.19,6113.0
2026-02-13 05:30:00+00:00,4985.43,4986.21,4972.78,4976.5,4493.0
2026-02-13 06:00:00+00:00,4976.81,4986.27,4964.97,4979.38,6385.0
2026-02-13 06:30:00+00:00,4979.695,4979.84,4944.84,4946.24,10471.0
2026-02-13 07:00:00+00:00,4946.52,4961.77,4945.94,4953.14,9727.0
2026-02-13 07:30:00+00:00,4953.36,4968.74,4950.71,4967.04,9844.0
2026-02-13 08:00:00+00:00,4967.43,4976.44,4951.08,4968.39,9519.0
2026-02-13 08:30:00+00:00,4968.61,4982.55,4966.08,4974.9,7771.0
2026-02-13 09:00:00+00:00,4975.32,4989.39,4972.0,4982.4,9498.0
2026-02-13 09:30:00+00:00,4982.61,4986.74,4970.66,4982.5,7864.0
2026-02-13 10:00:00+00:00,4982.76,4982.68,4964.07,4964.73,7368.0
2026-02-13 10:30:00+00:00,4965.045,4976.67,4961.21,4970.16,6596.0
2026-02-13 11:00:00+00:00,4970.305,4980.57,4966.01,4977.24,6406.0
2026-02-13 11:30:00+00:00,4977.525,4978.56,4947.01,4949.96,6065.0
2026-02-13 12:00:00+00:00,4950.18,4953.41,4933.5,4944.84,10024.0
2026-02-13 12:30:00+00:00,4945.12,4955.39,4935.0,4953.5,7562.0
2026-02-13 13:00:00+00:00,4953.74,4972.9,4951.96,4967.14,8098.0
2026-02-13 13:30:00+00:00,4967.375,4973.96,4963.65,4969.31,6593.0
2026-02-13 14:00:00+00:00,4969.67,4976.09,4957.48,4967.26,9119.0
2026-02-13 14:30:00+00:00,4967.53,4999.25,4967.22,4986.99,16871.0
2026-02-13 15:00:00+00:00,4987.005,5007.62,4984.73,5002.46,11955.0
2026-02-13 15:30:00+00:00,5002.74,5011.04,4964.08,4995.43,29490.0
2026-02-13 16:00:00+00:00,4995.78,5011.74,4992.3,5009.68,21754.0
2026-02-13 16:30:00+00:00,5009.91,5020.37,4973.74,4976.48,17826.0
2026-02-13 17:00:00+00:00,4977.085,5033.81,4975.2,5027.61,16930.0
2026-02-13 17:30:00+00:00,5027.945,5028.19,5005.74,5007.49,11562.0
2026-02-13 18:00:00+00:00,5007.955,5022.34,5005.56,5017.43,9505.0
2026-02-13 18:30:00+00:00,5017.825,5028.97,5015.82,5020.78,9140.0
2026-02-13 19:00:00+00:00,5021.165,5030.68,5015.17,5022.06,9369.0
2026-02-13 19:30:00+00:00,5022.335,5035.24,5020.06,5031.0,8131.0
2026-02-13 20:00:00+00:00,5031.385,5045.79,5030.13,5041.13,8663.0
2026-02-13 20:30:00+00:00,5041.455,5042.5,5023.3,5023.35,8033.0
2026-02-13 21:00:00+00:00,5023.715,5033.8,5023.34,5028.57,8880.0
2026-02-13 21:30:00+00:00,5028.965,5034.44,5021.08,5032.08,10295.0
2026-02-13 22:00:00+00:00,5032.34,5035.87,5029.46,5032.72,3666.0
2026-02-13 22:30:00+00:00,5033.085,5045.9,5031.06,5041.94,3752.0
2026-02-16 00:00:00+00:00,5029.305,5052.32,5010.37,5029.18,9177.0
2026-02-16 00:30:00+00:00,5029.505,5031.42,5013.32,5019.69,6419.0
2026-02-16 01:00:00+00:00,5020.115,5021.28,4999.89,5012.18,8677.0
2026-02-16 01:30:00+00:00,5012.575,5022.8,5008.71,5015.25,5788.0
2026-02-16 02:00:00+00:00,5015.605,5031.04,5006.78,5029.0,7536.0
2026-02-16 02:30:00+00:00,5029.355,5030.95,5025.21,5028.65,5419.0
2026-02-16 03:00:00+00:00,5029.045,5031.16,5018.54,5019.26,5945.0
2026-02-16 03:30:00+00:00,5019.655,5021.59,4992.03,4994.38,8771.0
2026-02-16 04:00:00+00:00,4994.775,4999.81,4988.22,4994.66,6362.0
2026-02-16 04:30:00+00:00,4995.055,4996.58,4973.42,4987.3,7416.0
2026-02-16 05:00:00+00:00,4987.695,4991.92,4972.36,4976.23,7184.0
2026-02-16 05:30:00+00:00,4976.485,4979.99,4973.3,4977.48,5286.0
2026-02-16 06:00:00+00:00,4977.805,4988.34,4964.27,4986.07,6902.0
2026-02-16 06:30:00+00:00,4986.435,4990.48,4982.91,4990.36,4654.0
2026-02-16 07:00:00+00:00,4990.765,4994.48,4984.57,4992.79,4599.0
2026-02-16 07:30:00+00:00,4993.155,5002.85,4990.33,4994.6,5320.0
2026-02-16 08:00:00+00:00,4994.965,4999.29,4988.79,4997.97,4641.0
2026-02-16 08:30:00+00:00,4998.305,5009.82,4996.61,5007.12,5618.0
2026-02-16 09:00:00+00:00,5007.505,5013.08,4995.55,5005.99,7323.0
2026-02-16 09:30:00+00:00,5006.345,5009.79,5003.23,5007.77,5152.0
2026-02-16 10:00:00+00:00,5008.155,5015.95,5007.61,5013.2,4656.0
2026-02-16 10:30:00+00:00,5013.585,5016.93,5008.27,5013.23,4470.0
2026-02-16 11:00:00+00:00,5013.585,5017.11,5004.47,5004.84,4897.0
2026-02-16 11:30:00+00:00,5005.115,5010.71,5000.02,5005.77,5009.0
2026-02-16 12:00:00+00:00,5006.135,5006.94,4998.69,5004.43,4193.0
2026-02-16 12:30:00+00:00,5004.89,5007.91,5001.79,5004.16,3394.0
2026-02-16 13:00:00+00:00,5004.545,5004.71,4992.78,4996.01,4818.0
2026-02-16 13:30:00+00:00,4996.375,5007.91,4994.71,5001.68,5212.0
2026-02-16 14:00:00+00:00,5002.065,5003.47,4992.95,4994.04,4753.0
2026-02-16 14:30:00+00:00,4994.425,4998.38,4989.57,4997.07,5904.0
2026-02-16 15:00:00+00:00,4997.415,4999.39,4989.79,4992.02,5605.0
2026-02-16 15:30:00+00:00,4992.415,4994.16,4981.15,4988.02,7814.0
2026-02-16 16:00:00+00:00,4988.355,4988.07,4968.71,4980.05,9080.0
2026-02-16 16:30:00+00:00,4980.415,4983.12,4974.61,4979.42,6019.0
2026-02-16 17:00:00+00:00,4979.775,4987.43,4972.86,4986.03,6643.0
2026-02-16 17:30:00+00:00,4986.345,4989.96,4984.97,4987.83,4703.0
2026-02-16 18:00:00+00:00,4988.195,4995.17,4987.73,4994.34,3614.0
2026-02-16 18:30:00+00:00,4994.585,4995.77,4989.95,4991.46,3437.0
2026-02-16 19:00:00+00:00,4991.86,4997.3,4988.29,4994.14,3705.0
2026-02-16 19:30:00+00:00,4994.32,4997.57,4991.02,4994.47,4067.0
2026-02-16 20:00:00+00:00,4994.7,4996.05,4990.27,4993.32,4315.0
2026-02-17 00:00:00+00:00,4995.5,5000.76,4984.98,4994.2,4723.0
2026-02-17 00:30:00+00:00,4994.53,4995.68,4986.57,4989.5,3763.0
2026-02-17 01:00:00+00:00,4989.855,4991.3,4970.85,4973.32,6943.0
2026-02-17 01:30:00+00:00,4973.585,4979.03,4931.59,4935.52,10430.0
2026-02-17 02:00:00+00:00,4935.975,4957.69,4922.6,4956.56,12409.0
2026-02-17 02:30:00+00:00,4956.915,4963.99,4954.71,4957.71,6489.0
2026-02-17 03:00:00+00:00,4957.685,4971.29,4954.21,4965.34,6031.0
2026-02-17 03:30:00+00:00,4965.585,4967.09,4959.24,4967.01,4271.0
2026-02-17 04:00:00+00:00,4967.265,4969.95,4953.7,4955.02,5713.0
2026-02-17 04:30:00+00:00,4955.49,4960.28,4949.73,4956.7,5014.0
2026-02-17 05:00:00+00:00,4956.93,4959.92,4946.5,4959.33,4276.0
2026-02-17 05:30:00+00:00,4959.735,4959.93,4949.09,4952.66,3794.0
2026-02-17 06:00:00+00:00,4952.89,4954.05,4888.18,4900.47,14661.0
2026-02-17 06:30:00+00:00,4900.78,4902.32,4858.66,4888.78,16748.0
2026-02-17 07:00:00+00:00,4889.05,4901.61,4886.41,4894.5,8417.0
2026-02-17 07:30:00+00:00,4894.855,4914.0,4891.13,4910.06,6669.0
2026-02-17 08:00:00+00:00,4910.445,4916.52,4903.85,4907.93,7171.0
2026-02-17 08:30:00+00:00,4908.07,4922.03,4903.76,4916.81,6453.0
2026-02-17 09:00:00+00:00,4917.075,4930.13,4916.01,4919.8,7916.0
2026-02-17 09:30:00+00:00,4920.185,4925.5,4916.2,4920.51,6571.0
2026-02-17 10:00:00+00:00,4920.68,4929.17,4917.96,4918.8,6675.0
2026-02-17 10:30:00+00:00,4919.065,4932.37,4912.88,4925.69,6705.0
2026-02-17 11:00:00+00:00,4926.045,4939.17,4923.5,4927.79,5694.0
2026-02-17 11:30:00+00:00,4928.195,4927.96,4907.4,4912.85,7248.0
2026-02-17 12:00:00+00:00,4913.275,4930.75,4912.9,4927.54,5834.0
2026-02-17 12:30:00+00:00,4927.875,4930.75,4921.29,4929.1,5235.0
2026-02-17 13:00:00+00:00,4929.315,4944.01,4928.0,4942.66,8091.0
2026-02-17 13:30:00+00:00,4942.935,4944.08,4928.79,4931.81,6191.0
2026-02-17 14:00:00+00:00,4932.235,4933.16,4910.89,4919.38,10385.0
2026-02-17 14:30:00+00:00,4919.805,4924.18,4869.7,4870.48,16166.0
2026-02-17 15:00:00+00:00,4870.735,4904.11,4840.83,4898.04,18742.0
2026-02-17 15:30:00+00:00,4898.315,4906.92,4855.83,4863.3,30648.0
2026-02-17 16:00:00+00:00,4863.52,4877.62,4848.81,4861.27,22197.0
2026-02-17 16:30:00+00:00,4861.625,4882.23,4852.5,4878.36,18617.0
2026-02-17 17:00:00+00:00,4878.795,4893.75,4876.35,4883.46,15633.0
2026-02-17 17:30:00+00:00,4883.805,4887.55,4868.21,4869.0,13905.0
2026-02-17 18:00:00+00:00,4869.265,4871.18,4850.02,4864.82,13302.0
2026-02-17 18:30:00+00:00,4864.985,4868.15,4853.71,4864.82,12312.0
2026-02-17 19:00:00+00:00,4865.185,4890.49,4862.18,4886.91,12772.0
2026-02-17 19:30:00+00:00,4887.07,4910.75,4879.74,4898.8,11999.0
2026-02-17 20:00:00+00:00,4899.09,4901.11,4881.52,4883.41,10713.0
2026-02-17 20:30:00+00:00,4883.795,4888.01,4876.21,4879.99,8721.0
2026-02-17 21:00:00+00:00,4880.265,4882.21,4873.16,4877.52,8723.0
2026-02-17 21:30:00+00:00,4877.815,4883.99,4873.59,4877.66,10636.0
2026-02-17 22:00:00+00:00,4878.065,4886.65,4874.8,4880.32,4465.0
2026-02-17 22:30:00+00:00,4880.55,4881.76,4876.46,4877.28,2466.0
2026-02-18 00:00:00+00:00,4905.79,4904.89,4859.75,4877.45,5937.0
2026-02-18 00:30:00+00:00,4877.74,4883.65,4853.87,4858.75,7340.0
2026-02-18 01:00:00+00:00,4859.09,4872.2,4858.03,4870.01,7859.0
2026-02-18 01:30:00+00:00,4870.24,4882.91,4867.73,4874.72,6865.0
2026-02-18 02:00:00+00:00,4874.91,4891.6,4874.25,4886.95,7593.0
2026-02-18 02:30:00+00:00,4887.22,4892.79,4882.64,4889.82,4984.0
2026-02-18 03:00:00+00:00,4890.085,4904.21,4886.23,4900.93,5726.0
2026-02-18 03:30:00+00:00,4901.165,4907.09,4900.46,4905.04,3296.0
2026-02-18 04:00:00+00:00,4905.64,4919.64,4904.0,4918.96,4840.0
2026-02-18 04:30:00+00:00,4919.375,4921.91,4916.46,4920.52,3879.0
2026-02-18 05:00:00+00:00,4920.875,4933.3,4918.08,4932.93,4857.0
2026-02-18 05:30:00+00:00,4933.16,4940.02,4931.13,4933.8,4496.0
2026-02-18 06:00:00+00:00,4934.295,4939.08,4929.75,4935.09,4177.0
2026-02-18 06:30:00+00:00,4935.445,4939.76,4932.88,4933.22,3231.0
2026-02-18 07:00:00+00:00,4933.49,4934.07,4925.0,4930.21,4843.0
2026-02-18 07:30:00+00:00,4930.575,4935.97,4926.57,4930.5,3905.0
2026-02-18 08:00:00+00:00,4930.735000000001,4942.07,4929.73,4938.73,4844.0
2026-02-18 08:30:00+00:00,4939.165,4940.33,4928.82,4930.15,3919.0
2026-02-18 09:00:00+00:00,4930.515,4932.29,4922.48,4925.61,5052.0
2026-02-18 09:30:00+00:00,4926.185,4926.68,4916.41,4916.83,6057.0
2026-02-18 10:00:00+00:00,4917.355,4922.77,4912.69,4920.98,6503.0
2026-02-18 10:30:00+00:00,4921.455,4922.75,4915.96,4917.14,4489.0
2026-02-18 11:00:00+00:00,4917.34,4924.26,4916.49,4921.22,7141.0
2026-02-18 11:30:00+00:00,4921.45,4921.2,4909.08,4914.22,6288.0
2026-02-18 12:00:00+00:00,4914.49,4917.39,4912.21,4915.17,4216.0
2026-02-18 12:30:00+00:00,4915.44,4916.36,4906.18,4912.79,4668.0
2026-02-18 13:00:00+00:00,4913.07,4929.2,4911.84,4921.05,7925.0
2026-02-18 13:30:00+00:00,4921.26,4946.86,4917.52,4942.84,6920.0
2026-02-18 14:00:00+00:00,4943.26,4959.44,4942.86,4955.99,10327.0
2026-02-18 14:30:00+00:00,4956.32,4968.8,4948.93,4954.08,10412.0
2026-02-18 15:00:00+00:00,4954.555,4963.45,4952.0,4960.65,8369.0
2026-02-18 15:30:00+00:00,4960.88,4994.37,4955.21,4991.61,19690.0
2026-02-18 16:00:00+00:00,4991.72,5008.82,4991.24,5004.47,13870.0
2026-02-18 16:30:00+00:00,5004.855,5005.01,4994.71,4997.92,10566.0
2026-02-18 17:00:00+00:00,4998.16,5003.08,4991.29,4996.78,9905.0
2026-02-18 17:30:00+00:00,4996.93,5010.83,4994.21,5000.14,10250.0
2026-02-18 18:00:00+00:00,5000.545,5001.57,4995.95,4999.24,7624.0
2026-02-18 18:30:00+00:00,4999.51,5000.7,4993.25,4999.11,6784.0
2026-02-18 19:00:00+00:00,4999.3,5003.1,4986.48,4987.95,8469.0
2026-02-18 19:30:00+00:00,4988.415,4992.99,4980.46,4987.01,10326.0
2026-02-18 20:00:00+00:00,4987.355,4995.25,4972.77,4978.53,11488.0
2026-02-18 20:30:00+00:00,4978.855,4984.24,4972.73,4980.41,10669.0
2026-02-18 21:00:00+00:00,4980.45,4984.45,4975.41,4977.27,8904.0
2026-02-18 21:30:00+00:00,4977.39,4987.43,4976.48,4984.63,8970.0
2026-02-18 22:00:00+00:00,4984.91,4986.3,4980.33,4981.4,2639.0
2026-02-18 22:30:00+00:00,4981.72,4982.08,4975.13,4977.13,2679.0
2026-02-19 00:00:00+00:00,4975.59,4984.25,4957.62,4981.95,5928.0
2026-02-19 00:30:00+00:00,4982.28,4988.76,4968.29,4975.92,5668.0
2026-02-19 01:00:00+00:00,4976.19,4976.13,4960.98,4967.24,7453.0
2026-02-19 01:30:00+00:00,4967.52,4973.05,4960.31,4961.2,6170.0
2026-02-19 02:00:00+00:00,4961.43,4968.45,4960.44,4963.9,5500.0
2026-02-19 02:30:00+00:00,4964.13,4975.43,4961.5,4972.92,5063.0
2026-02-19 03:00:00+00:00,4973.12,4977.09,4965.69,4972.53,5443.0
2026-02-19 03:30:00+00:00,4972.79,4973.15,4967.31,4967.96,4125.0
2026-02-19 04:00:00+00:00,4968.29,4971.57,4966.16,4969.37,3983.0
2026-02-19 04:30:00+00:00,4969.69,4983.26,4969.44,4981.51,5390.0
2026-02-19 05:00:00+00:00,4981.68,4984.72,4978.02,4979.64,3650.0
2026-02-19 05:30:00+00:00,4979.85,4985.37,4976.71,4984.1,4068.0
2026-02-19 06:00:00+00:00,4984.31,4993.26,4984.05,4988.94,3609.0
2026-02-19 06:30:00+00:00,4989.18,4998.47,4988.7,4996.74,3819.0
2026-02-19 07:00:00+00:00,4996.97,5002.24,4996.45,5001.05,3497.0
2026-02-19 07:30:00+00:00,5001.26,5019.86,5000.73,5018.2,5455.0
2026-02-19 08:00:00+00:00,5018.51,5021.69,5014.67,5017.76,5260.0
2026-02-19 08:30:00+00:00,5017.99,5020.11,5008.73,5010.09,4009.0
2026-02-19 09:00:00+00:00,5010.32,5014.82,5006.09,5014.68,6124.0
2026-02-19 09:30:00+00:00,5014.86,5021.89,5010.22,5016.93,5219.0
2026-02-19 10:00:00+00:00,5017.45,5020.3,4999.54,5000.45,6405.0
2026-02-19 10:30:00+00:00,5000.74,5005.49,4992.98,4995.53,6470.0
2026-02-19 11:00:00+00:00,4995.74,4995.96,4983.11,4986.7,7644.0
2026-02-19 11:30:00+00:00,4986.97,4995.09,4981.23,4993.02,5765.0
2026-02-19 12:00:00+00:00,4993.28,4996.13,4977.95,4984.49,6592.0
2026-02-19 12:30:00+00:00,4984.875,4986.93,4977.71,4984.25,5764.0
2026-02-19 13:00:00+00:00,4984.49,4991.95,4980.27,4991.86,5874.0
2026-02-19 13:30:00+00:00,4992.105,4992.72,4980.7,4984.72,5645.0
2026-02-19 14:00:00+00:00,4985.01,4987.51,4974.21,4983.03,8652.0
2026-02-19 14:30:00+00:00,4983.455,4998.3,4971.61,4996.93,9864.0
2026-02-19 15:00:00+00:00,4997.2,4996.95,4971.79,4978.05,10879.0
2026-02-19 15:30:00+00:00,4978.28,5010.41,4963.27,5005.55,19841.0
2026-02-19 16:00:00+00:00,5005.93,5016.3,4996.01,5016.05,19007.0
2026-02-19 16:30:00+00:00,5016.42,5022.28,5006.46,5013.68,13709.0
2026-02-19 17:00:00+00:00,5013.86,5014.11,4991.39,4998.2,12297.0
2026-02-19 17:30:00+00:00,4998.38,5008.7,4989.94,4994.75,10185.0
2026-02-19 18:00:00+00:00,4995.09,5001.44,4991.73,4993.78,8515.0
2026-02-19 18:30:00+00:00,4994.05,4996.1,4982.73,4984.7,8613.0
2026-02-19 19:00:00+00:00,4985.05,4989.24,4975.71,4977.81,8923.0
2026-02-19 19:30:00+00:00,4978.05,4984.22,4975.21,4981.48,6766.0
2026-02-19 20:00:00+00:00,4981.72,4990.25,4980.35,4989.09,6577.0
2026-02-19 20:30:00+00:00,4989.335,4989.66,4978.18,4987.69,6974.0
2026-02-19 21:00:00+00:00,4987.93,4996.88,4987.68,4995.53,6381.0
2026-02-19 21:30:00+00:00,4995.625,5003.25,4994.86,5001.59,6217.0
2026-02-19 22:00:00+00:00,5001.88,5004.06,4991.71,4993.99,3580.0
2026-02-19 22:30:00+00:00,4994.1,4999.86,4992.96,4996.03,2870.0
2026-02-20 00:00:00+00:00,4996.84,5007.82,4993.21,4997.08,4670.0
2026-02-20 00:30:00+00:00,4997.38,5001.28,4985.2,4987.48,4504.0
2026-02-20 01:00:00+00:00,4988.05,4996.28,4985.21,4990.77,4917.0
2026-02-20 01:30:00+00:00,4991.07,5006.78,4986.92,5006.29,4550.0
2026-02-20 02:00:00+00:00,5006.61,5014.72,4995.71,4999.43,7941.0
2026-02-20 02:30:00+00:00,4999.69,5003.53,4995.13,4996.93,4935.0
2026-02-20 03:00:00+00:00,4997.08,5007.38,4992.54,4997.24,6103.0
2026-02-20 03:30:00+00:00,4997.58,5003.3,4992.87,4996.03,4879.0
2026-02-20 04:00:00+00:00,4996.22,4998.34,4989.61,4992.12,3829.0
2026-02-20 04:30:00+00:00,4992.41,4999.07,4981.52,4988.13,6234.0
2026-02-20 05:00:00+00:00,4988.27,4994.64,4986.55,4994.32,2983.0
2026-02-20 05:30:00+00:00,4994.69,5003.24,4993.48,4999.64,3887.0
2026-02-20 06:00:00+00:00,4999.96,5006.04,4998.58,5001.43,3983.0
2026-02-20 06:30:00+00:00,5001.67,5011.78,4997.93,5011.78,5203.0
2026-02-20 07:00:00+00:00,5012.12,5029.39,5011.73,5021.99,6373.0
2026-02-20 07:30:00+00:00,5022.23,5029.91,5020.05,5020.46,5343.0
2026-02-20 08:00:00+00:00,5020.8,5027.97,5009.21,5015.2,6338.0
2026-02-20 08:30:00+00:00,5015.57,5017.74,5005.92,5006.24,5425.0
2026-02-20 09:00:00+00:00,5006.57,5019.69,5004.83,5018.22,6778.0
2026-02-20 09:30:00+00:00,5018.49,5030.81,5017.48,5028.7,5874.0
2026-02-20 10:00:00+00:00,5029.05,5042.35,5027.82,5033.95,7892.0
2026-02-20 10:30:00+00:00,5034.18,5035.66,5027.38,5027.53,5478.0
2026-02-20 11:00:00+00:00,5027.855,5030.82,5019.48,5026.3,6052.0
2026-02-20 11:30:00+00:00,5026.57,5038.26,5025.7,5034.53,6019.0
2026-02-20 12:00:00+00:00,5034.8,5034.64,5025.7,5028.46,4686.0
2026-02-20 12:30:00+00:00,5028.905,5033.11,5015.29,5017.2,7482.0
2026-02-20 13:00:00+00:00,5017.53,5023.66,5011.47,5011.76,7128.0
2026-02-20 13:30:00+00:00,5012.2,5026.57,5006.73,5025.03,6603.0
2026-02-20 14:00:00+00:00,5025.3,5031.81,5023.41,5029.01,5831.0
2026-02-20 14:30:00+00:00,5029.24,5048.44,5018.21,5043.52,11727.0
2026-02-20 15:00:00+00:00,5043.72,5047.22,5036.98,5041.34,9270.0
2026-02-20 15:30:00+00:00,5041.39,5060.65,5037.27,5053.98,17836.0
2026-02-20 16:00:00+00:00,5053.79,5064.14,4989.14,5025.56,41806.0
2026-02-20 16:30:00+00:00,5025.7,5052.49,5016.72,5042.59,23908.0
2026-02-20 17:00:00+00:00,5042.7,5056.58,5038.46,5053.68,18273.0
2026-02-20 17:30:00+00:00,5054.05,5069.18,5052.54,5066.47,13162.0
2026-02-20 18:00:00+00:00,5066.82,5073.43,5054.46,5064.22,13744.0
2026-02-20 18:30:00+00:00,5064.55,5076.24,5061.6,5072.8,10920.0
2026-02-20 19:00:00+00:00,5072.95,5073.49,5053.77,5058.18,12373.0
2026-02-20 19:30:00+00:00,5058.33,5075.02,5057.39,5071.28,13915.0
2026-02-20 20:00:00+00:00,5071.58,5075.43,5068.62,5069.51,6455.0
2026-02-20 20:30:00+00:00,5069.8,5079.59,5069.52,5079.23,5961.0
2026-02-20 21:00:00+00:00,5079.585,5086.26,5076.5,5084.78,7628.0
2026-02-20 21:30:00+00:00,5084.875,5097.86,5082.54,5096.46,10026.0
2026-02-20 22:00:00+00:00,5096.78,5098.71,5091.43,5097.72,4732.0
2026-02-20 22:30:00+00:00,5097.99,5107.87,5097.29,5106.73,4873.0
2026-02-23 00:00:00+00:00,5107.24,5151.6,5087.27,5146.01,10927.0
2026-02-23 00:30:00+00:00,5146.155,5171.5,5144.21,5165.2,9079.0
2026-02-23 01:00:00+00:00,5165.13,5166.47,5129.23,5153.02,16382.0
2026-02-23 01:30:00+00:00,5153.51,5160.72,5134.86,5144.39,11054.0
2026-02-23 02:00:00+00:00,5144.63,5159.38,5139.71,5159.08,11459.0
2026-02-23 02:30:00+00:00,5159.27,5167.55,5155.13,5157.11,9050.0
2026-02-23 03:00:00+00:00,5157.41,5167.22,5156.54,5161.09,8591.0
2026-02-23 03:30:00+00:00,5161.32,5176.37,5160.92,5173.47,7428.0
2026-02-23 04:00:00+00:00,5173.75,5175.84,5151.65,5163.93,8723.0
2026-02-23 04:30:00+00:00,5164.26,5171.08,5164.01,5166.64,5719.0
2026-02-23 05:00:00+00:00,5166.9,5168.55,5155.25,5159.99,6307.0
2026-02-23 05:30:00+00:00,5160.28,5163.6,5155.75,5160.63,4982.0
2026-02-23 06:00:00+00:00,5160.94,5161.71,5152.09,5157.65,6024.0
2026-02-23 06:30:00+00:00,5157.93,5159.64,5153.33,5158.11,4359.0
2026-02-23 07:00:00+00:00,5158.34,5161.45,5152.21,5152.45,4844.0
2026-02-23 07:30:00+00:00,5152.78,5156.88,5144.97,5145.65,7340.0
2026-02-23 08:00:00+00:00,5145.99,5154.21,5125.25,5136.08,10311.0
2026-02-23 08:30:00+00:00,5136.51,5139.11,5124.79,5136.51,8329.0
2026-02-23 09:00:00+00:00,5136.665,5139.47,5122.24,5125.03,10003.0
2026-02-23 09:30:00+00:00,5125.24,5141.93,5122.01,5139.96,8532.0
2026-02-23 10:00:00+00:00,5140.28,5149.24,5139.04,5149.01,6942.0
2026-02-23 10:30:00+00:00,5149.22,5149.93,5142.96,5149.27,4875.0
2026-02-23 11:00:00+00:00,5149.72,5156.32,5146.21,5155.78,6655.0
2026-02-23 11:30:00+00:00,5155.99,5163.41,5144.99,5162.74,7133.0
2026-02-23 12:00:00+00:00,5163.125,5163.26,5146.27,5150.45,6489.0
2026-02-23 12:30:00+00:00,5150.78,5154.55,5147.63,5149.47,5183.0
2026-02-23 13:00:00+00:00,5149.68,5154.51,5145.36,5150.0,6836.0
2026-02-23 13:30:00+00:00,5150.355,5165.32,5149.5,5163.99,6862.0
2026-02-23 14:00:00+00:00,5164.16,5165.27,5143.54,5149.57,9474.0
2026-02-23 14:30:00+00:00,5149.91,5153.89,5145.28,5145.98,8089.0
2026-02-23 15:00:00+00:00,5146.28,5165.32,5141.15,5165.18,8683.0
2026-02-23 15:30:00+00:00,5165.39,5200.31,5164.78,5192.3,17235.0
2026-02-23 16:00:00+00:00,5192.53,5203.55,5180.55,5197.53,17342.0
2026-02-23 16:30:00+00:00,5197.91,5204.91,5185.96,5195.84,15387.0
2026-02-23 17:00:00+00:00,5196.07,5219.01,5175.48,5214.47,16687.0
2026-02-23 17:30:00+00:00,5214.835,5217.68,5206.23,5209.93,13947.0
2026-02-23 18:00:00+00:00,5210.22,5213.37,5199.32,5210.11,12571.0
2026-02-23 18:30:00+00:00,5210.47,5210.99,5190.71,5207.8,12095.0
2026-02-23 19:00:00+00:00,5208.03,5215.63,5200.95,5206.05,10450.0
2026-02-23 19:30:00+00:00,5206.34,5213.3,5205.48,5209.29,7799.0
2026-02-23 20:00:00+00:00,5209.76,5214.84,5206.46,5208.96,6998.0
2026-02-23 20:30:00+00:00,5209.32,5218.2,5207.97,5215.54,8161.0
2026-02-23 21:00:00+00:00,5215.69,5225.89,5214.82,5224.89,7324.0
2026-02-23 21:30:00+00:00,5225.235,5237.74,5224.36,5236.0,8398.0
2026-02-23 22:00:00+00:00,5236.3,5237.24,5228.75,5229.81,4551.0
2026-02-23 22:30:00+00:00,5230.02,5232.81,5226.27,5227.55,3793.0
2026-02-24 00:00:00+00:00,5227.9,5249.8,5222.41,5236.43,7218.0
2026-02-24 00:30:00+00:00,5236.76,5246.93,5234.46,5235.48,5095.0
2026-02-24 01:00:00+00:00,5235.86,5238.07,5217.77,5226.78,10440.0
2026-02-24 01:30:00+00:00,5227.09,5232.55,5220.76,5223.54,8716.0
2026-02-24 02:00:00+00:00,5223.91,5223.95,5145.01,5165.07,35077.0
2026-02-24 02:30:00+00:00,5165.41,5179.3,5160.95,5177.32,14689.0
2026-02-24 03:00:00+00:00,5177.665,5181.55,5165.34,5172.98,9484.0
2026-02-24 03:30:00+00:00,5173.32,5190.62,5172.26,5189.7,9319.0
2026-02-24 04:00:00+00:00,5189.9,5191.73,5181.79,5182.41,7198.0
2026-02-24 04:30:00+00:00,5182.73,5188.47,5170.98,5171.82,6589.0
2026-02-24 05:00:00+00:00,5172.06,5174.88,5161.0,5171.75,6743.0
2026-02-24 05:30:00+00:00,5172.105,5173.02,5162.99,5168.07,5199.0
2026-02-24 06:00:00+00:00,5168.11,5175.2,5163.91,5167.27,5841.0
2026-02-24 06:30:00+00:00,5167.56,5185.57,5164.49,5182.54,9261.0
2026-02-24 07:00:00+00:00,5182.95,5184.74,5166.88,5168.93,7309.0
2026-02-24 07:30:00+00:00,5168.95,5175.05,5155.97,5173.34,8337.0
2026-02-24 08:00:00+00:00,5173.52,5183.22,5163.94,5183.22,9912.0
2026-02-24 08:30:00+00:00,5183.39,5183.86,5174.51,5179.19,7014.0
2026-02-24 09:00:00+00:00,5179.3,5179.37,5164.77,5170.18,9610.0
2026-02-24 09:30:00+00:00,5170.33,5181.86,5168.99,5173.34,7274.0
2026-02-24 10:00:00+00:00,5173.48,5180.11,5167.71,5168.43,7041.0
2026-02-24 10:30:00+00:00,5168.78,5173.45,5166.39,5171.28,5325.0
2026-02-24 11:00:00+00:00,5171.51,5181.25,5170.67,5175.73,5366.0
2026-02-24 11:30:00+00:00,5176.145,5176.51,5163.04,5172.69,7270.0
2026-02-24 12:00:00+00:00,5172.95,5177.19,5170.79,5174.61,4952.0
2026-02-24 12:30:00+00:00,5174.875,5178.38,5171.94,5172.56,4987.0
2026-02-24 13:00:00+00:00,5172.73,5173.33,5146.93,5161.27,10074.0
2026-02-24 13:30:00+00:00,5161.68,5164.51,5144.84,5150.3,10651.0
2026-02-24 14:00:00+00:00,5150.49,5161.14,5150.19,5156.26,12051.0
2026-02-24 14:30:00+00:00,5156.49,5158.62,5110.79,5114.75,18398.0
2026-02-24 15:00:00+00:00,5115.055,5127.43,5093.5,5115.12,20767.0
2026-02-24 15:30:00+00:00,5115.195,5139.2,5109.73,5128.28,23775.0
2026-02-24 16:00:00+00:00,5128.49,5146.32,5117.88,5138.18,16893.0
2026-02-24 16:30:00+00:00,5138.19,5155.26,5133.96,5150.14,12561.0
2026-02-24 17:00:00+00:00,5150.66,5152.22,5141.1,5143.35,11096.0
2026-02-24 17:30:00+00:00,5143.805,5150.74,5130.67,5141.72,12806.0
2026-02-24 18:00:00+00:00,5142.03,5163.32,5141.57,5158.53,9190.0
2026-02-24 18:30:00+00:00,5158.82,5163.54,5156.23,5163.45,7080.0
2026-02-24 19:00:00+00:00,5163.835,5170.03,5155.32,5158.05,9516.0
2026-02-24 19:30:00+00:00,5158.435,5162.88,5153.27,5159.97,8148.0
2026-02-24 20:00:00+00:00,5160.085,5160.49,5146.04,5151.23,9709.0
2026-02-24 20:30:00+00:00,5151.61,5156.7,5148.7,5153.8,6434.0
2026-02-24 21:00:00+00:00,5154.12,5170.05,5146.45,5168.1,7659.0
2026-02-24 21:30:00+00:00,5168.585,5173.03,5157.95,5163.97,9224.0
2026-02-24 22:00:00+00:00,5164.12,5165.59,5153.59,5155.3,4165.0
2026-02-24 22:30:00+00:00,5155.71,5155.78,5140.41,5143.74,4798.0
2026-02-25 00:00:00+00:00,5143.26,5143.25,5120.87,5130.82,4904.0
2026-02-25 00:30:00+00:00,5131.05,5151.97,5129.27,5146.49,5622.0
2026-02-25 01:00:00+00:00,5146.78,5149.47,5136.75,5140.16,5533.0
2026-02-25 01:30:00+00:00,5140.49,5156.2,5140.24,5151.98,7863.0
2026-02-25 02:00:00+00:00,5152.55,5188.48,5143.98,5185.24,15460.0
2026-02-25 02:30:00+00:00,5185.41,5189.7,5174.48,5176.68,8352.0
2026-02-25 03:00:00+00:00,5176.91,5193.82,5176.23,5189.5,8004.0
2026-02-25 03:30:00+00:00,5189.86,5190.29,5166.43,5180.57,9512.0
2026-02-25 04:00:00+00:00,5180.78,5189.93,5179.21,5186.22,8603.0
2026-02-25 04:30:00+00:00,5186.51,5188.39,5178.13,5181.94,6515.0
2026-02-25 05:00:00+00:00,5182.285,5185.01,5172.49,5182.7,5287.0
2026-02-25 05:30:00+00:00,5182.93,5184.81,5179.7,5182.54,3158.0
2026-02-25 06:00:00+00:00,5182.86,5196.11,5182.61,5195.15,5018.0
2026-02-25 06:30:00+00:00,5195.51,5210.59,5192.21,5201.64,8771.0
2026-02-25 07:00:00+00:00,5201.93,5201.68,5182.11,5189.36,9015.0
2026-02-25 07:30:00+00:00,5189.665,5194.49,5188.15,5194.49,6069.0
2026-02-25 08:00:00+00:00,5194.78,5194.91,5182.24,5189.26,5588.0
2026-02-25 08:30:00+00:00,5189.53,5190.14,5180.18,5184.45,4651.0
2026-02-25 09:00:00+00:00,5184.59,5193.95,5184.34,5193.26,6065.0
2026-02-25 09:30:00+00:00,5193.57,5196.99,5183.97,5185.2,5918.0
2026-02-25 10:00:00+00:00,5185.355,5188.26,5176.43,5186.49,7635.0
2026-02-25 10:30:00+00:00,5186.95,5194.32,5185.7,5193.05,5560.0
2026-02-25 11:00:00+00:00,5193.395,5195.0,5172.21,5175.07,7156.0
2026-02-25 11:30:00+00:00,5175.18,5180.82,5169.77,5174.95,5865.0
2026-02-25 12:00:00+00:00,5175.125,5175.8,5155.05,5168.46,8421.0
2026-02-25 12:30:00+00:00,5168.855,5182.49,5166.45,5181.41,5668.0
2026-02-25 13:00:00+00:00,5181.55,5187.2,5177.98,5183.41,5652.0
2026-02-25 13:30:00+00:00,5183.57,5186.3,5177.21,5182.72,5786.0
2026-02-25 14:00:00+00:00,5182.86,5191.3,5180.96,5187.88,9087.0
2026-02-25 14:30:00+00:00,5188.11,5191.23,5181.91,5185.07,8532.0
2026-02-25 15:00:00+00:00,5185.2,5191.03,5174.56,5177.59,8837.0
2026-02-25 15:30:00+00:00,5177.76,5193.2,5158.96,5191.05,18386.0
2026-02-25 16:00:00+00:00,5191.335,5202.41,5173.72,5180.14,15105.0
2026-02-25 16:30:00+00:00,5180.28,5198.22,5172.45,5194.62,11821.0
2026-02-25 17:00:00+00:00,5194.895,5206.13,5189.48,5202.89,9811.0
2026-02-25 17:30:00+00:00,5203.11,5213.8,5198.84,5212.03,8880.0
2026-02-25 18:00:00+00:00,5212.405,5217.43,5207.69,5212.97,8497.0
2026-02-25 18:30:00+00:00,5213.335,5214.36,5203.41,5206.7,7564.0
2026-02-25 19:00:00+00:00,5207.005,5207.66,5206.58,5206.97,3074.0
2026-02-25 19:30:00+00:00,5207.24,5207.49,5200.48,5201.93,3220.0
2026-02-25 20:00:00+00:00,5202.165,5207.65,5191.55,5202.29,7008.0
2026-02-25 20:30:00+00:00,5202.625,5208.36,5199.46,5204.8,11552.0
2026-02-25 21:00:00+00:00,5205.11,5206.03,5182.74,5185.79,10960.0
2026-02-25 21:30:00+00:00,5186.26,5190.39,5145.85,5151.8,15877.0
2026-02-25 22:00:00+00:00,5152.26,5173.13,5150.13,5168.82,9556.0
2026-02-25 22:30:00+00:00,5169.09,5173.36,5162.79,5164.61,6874.0
2026-02-26 00:00:00+00:00,5159.5,5181.84,5158.6,5169.79,6345.0
2026-02-26 00:30:00+00:00,5170.2,5178.96,5161.2,5162.95,8841.0
2026-02-26 01:00:00+00:00,5163.22,5186.09,5155.31,5185.09,10548.0
2026-02-26 01:30:00+00:00,5185.51,5191.91,5180.77,5188.08,8739.0
2026-02-26 02:00:00+00:00,5188.43,5198.07,5178.74,5180.44,14801.0
2026-02-26 02:30:00+00:00,5180.7,5194.02,5178.57,5191.27,11757.0
2026-02-26 03:00:00+00:00,5191.555,5195.52,5180.43,5180.5,7750.0
2026-02-26 03:30:00+00:00,5180.89,5186.3,5173.98,5184.18,10702.0
2026-02-26 04:00:00+00:00,5184.47,5193.59,5182.83,5188.04,7978.0
2026-02-26 04:30:00+00:00,5188.41,5192.8,5184.2,5192.49,4603.0
2026-02-26 05:00:00+00:00,5192.605,5199.08,5191.25,5194.07,4548.0
2026-02-26 05:30:00+00:00,5194.22,5195.66,5190.36,5192.54,3820.0
2026-02-26 06:00:00+00:00,5192.81,5205.55,5189.84,5200.25,5679.0
2026-02-26 06:30:00+00:00,5200.545,5203.3,5191.18,5198.16,7596.0
2026-02-26 07:00:00+00:00,5198.43,5199.47,5192.98,5193.65,6169.0
2026-02-26 07:30:00+00:00,5193.89,5198.55,5190.02,5192.95,6682.0
2026-02-26 08:00:00+00:00,5193.335,5194.65,5182.08,5184.93,7030.0
2026-02-26 08:30:00+00:00,5185.265,5189.72,5179.45,5185.86,5924.0
2026-02-26 09:00:00+00:00,5186.105,5190.64,5175.14,5176.74,9611.0
2026-02-26 09:30:00+00:00,5177.07,5182.03,5167.46,5179.16,11312.0
2026-02-26 10:00:00+00:00,5179.415,5182.18,5173.75,5180.97,7472.0
2026-02-26 10:30:00+00:00,5181.2,5189.34,5179.13,5186.26,5597.0
2026-02-26 11:00:00+00:00,5186.49,5190.01,5178.74,5178.98,4919.0
2026-02-26 11:30:00+00:00,5179.3,5179.22,5165.68,5171.2,8085.0
2026-02-26 12:00:00+00:00,5171.43,5178.22,5169.18,5171.8,6830.0
2026-02-26 12:30:00+00:00,5172.03,5175.3,5160.9,5164.51,5781.0
2026-02-26 13:00:00+00:00,5164.84,5180.03,5157.8,5178.32,9118.0
2026-02-26 13:30:00+00:00,5178.64,5187.8,5177.46,5183.57,6697.0
2026-02-26 14:00:00+00:00,5183.8,5185.35,5168.22,5174.43,12350.0
2026-02-26 14:30:00+00:00,5174.895,5177.18,5164.09,5165.72,10794.0
2026-02-26 15:00:00+00:00,5166.07,5172.23,5160.0,5170.26,10360.0
2026-02-26 15:30:00+00:00,5170.49,5175.97,5139.61,5164.65,28480.0
2026-02-26 16:00:00+00:00,5164.825,5172.23,5130.2,5141.34,24125.0
2026-02-26 16:30:00+00:00,5141.415,5192.72,5140.34,5185.55,20520.0
2026-02-26 17:00:00+00:00,5185.82,5187.06,5172.54,5180.22,14594.0
2026-02-26 17:30:00+00:00,5180.32,5186.07,5175.23,5179.45,12189.0
2026-02-26 18:00:00+00:00,5179.72,5190.22,5173.42,5174.11,10167.0
2026-02-26 18:30:00+00:00,5174.49,5177.6,5161.61,5167.0,12163.0
2026-02-26 19:00:00+00:00,5167.47,5178.24,5163.36,5177.01,11076.0
2026-02-26 19:30:00+00:00,5177.28,5185.87,5160.29,5180.3,11666.0
2026-02-26 20:00:00+00:00,5180.69,5189.05,5179.6,5185.46,7874.0
2026-02-26 20:30:00+00:00,5185.73,5193.95,5183.28,5186.82,7396.0
2026-02-26 21:00:00+00:00,5186.95,5197.89,5186.57,5193.51,7379.0
2026-02-26 21:30:00+00:00,5193.8,5200.8,5189.35,5196.21,8724.0
2026-02-26 22:00:00+00:00,5196.45,5200.49,5184.61,5185.74,4604.0
2026-02-26 22:30:00+00:00,5186.07,5191.19,5182.7,5184.97,3469.0
2026-02-27 00:00:00+00:00,5185.21,5189.19,5175.86,5183.83,3668.0
2026-02-27 00:30:00+00:00,5184.305,5189.05,5181.41,5184.43,4468.0
2026-02-27 01:00:00+00:00,5184.67,5194.84,5178.72,5187.78,6545.0
2026-02-27 01:30:00+00:00,5188.05,5189.61,5169.98,5174.82,8532.0
2026-02-27 02:00:00+00:00,5175.05,5179.82,5166.7,5174.64,11376.0
2026-02-27 02:30:00+00:00,5174.86,5194.3,5172.82,5193.88,9171.0
2026-02-27 03:00:00+00:00,5194.11,5199.68,5183.99,5184.24,9150.0
2026-02-27 03:30:00+00:00,5184.57,5186.18,5173.3,5183.34,9655.0
2026-02-27 04:00:00+00:00,5183.55,5187.97,5180.96,5186.5,7308.0
2026-02-27 04:30:00+00:00,5186.95,5190.46,5183.25,5183.85,4900.0
2026-02-27 05:00:00+00:00,5184.165,5188.57,5181.51,5187.03,3960.0
2026-02-27 05:30:00+00:00,5187.27,5188.45,5180.71,5181.45,3833.0
2026-02-27 06:00:00+00:00,5181.72,5194.59,5181.25,5194.57,4455.0
2026-02-27 06:30:00+00:00,5194.74,5200.43,5189.96,5197.54,7709.0
2026-02-27 07:00:00+00:00,5197.82,5199.07,5192.19,5193.3,7710.0
2026-02-27 07:30:00+00:00,5193.54,5196.26,5184.87,5185.51,8012.0
2026-02-27 08:00:00+00:00,5185.8,5189.53,5177.19,5178.53,8025.0
2026-02-27 08:30:00+00:00,5178.895,5182.68,5175.46,5175.77,5912.0
2026-02-27 09:00:00+00:00,5176.14,5182.14,5173.98,5177.34,7142.0
2026-02-27 09:30:00+00:00,5177.57,5182.05,5176.27,5178.55,5420.0
2026-02-27 10:00:00+00:00,5178.89,5181.97,5174.8,5178.82,5799.0
2026-02-27 10:30:00+00:00,5179.03,5182.47,5171.98,5175.71,5933.0
2026-02-27 11:00:00+00:00,5176.165,5180.78,5168.43,5173.32,6412.0
2026-02-27 11:30:00+00:00,5173.36,5178.65,5168.99,5177.41,5434.0
2026-02-27 12:00:00+00:00,5177.65,5178.59,5172.29,5177.23,4399.0
2026-02-27 12:30:00+00:00,5177.61,5185.47,5176.48,5185.45,4981.0
2026-02-27 13:00:00+00:00,5185.72,5190.36,5185.0,5186.54,6583.0
2026-02-27 13:30:00+00:00,5187.01,5188.73,5182.75,5187.22,6109.0
2026-02-27 14:00:00+00:00,5187.49,5240.51,5186.74,5235.52,19421.0
2026-02-27 14:30:00+00:00,5235.79,5236.03,5207.49,5222.85,18591.0
2026-02-27 15:00:00+00:00,5223.025,5236.35,5217.21,5231.16,12777.0
2026-02-27 15:30:00+00:00,5231.42,5233.7,5213.62,5223.57,20016.0
2026-02-27 16:00:00+00:00,5223.76,5239.99,5214.54,5231.32,16977.0
2026-02-27 16:30:00+00:00,5231.45,5246.36,5226.77,5239.27,14224.0
2026-02-27 17:00:00+00:00,5239.765,5257.72,5221.77,5234.02,17829.0
2026-02-27 17:30:00+00:00,5234.2,5238.26,5228.54,5228.93,14618.0
2026-02-27 18:00:00+00:00,5229.32,5235.8,5223.46,5228.64,12467.0
2026-02-27 18:30:00+00:00,5228.8,5236.82,5220.62,5234.55,12138.0
2026-02-27 19:00:00+00:00,5234.84,5238.3,5222.36,5230.43,11564.0
2026-02-27 19:30:00+00:00,5230.76,5246.75,5226.46,5245.0,9855.0
2026-02-27 20:00:00+00:00,5245.34,5252.16,5240.0,5247.86,8436.0
2026-02-27 20:30:00+00:00,5248.165,5251.16,5243.5,5249.71,8096.0
2026-02-27 21:00:00+00:00,5250.05,5262.07,5248.43,5256.8,7828.0
2026-02-27 21:30:00+00:00,5256.95,5265.32,5254.47,5263.07,10248.0
2026-02-27 22:00:00+00:00,5263.345,5264.09,5257.0,5262.0,4480.0
2026-02-27 22:30:00+00:00,5262.36,5280.93,5260.16,5278.97,5965.0
2026-03-02 00:00:00+00:00,5376.055,5380.2,5303.85,5355.6,10580.0
2026-03-02 00:30:00+00:00,5355.645,5393.11,5353.23,5386.76,14325.0
2026-03-02 01:00:00+00:00,5387.09,5387.99,5349.21,5364.61,17983.0
2026-03-02 01:30:00+00:00,5364.84,5373.3,5340.75,5347.18,13681.0
2026-03-02 02:00:00+00:00,5347.545,5347.25,5302.96,5307.43,29278.0
2026-03-02 02:30:00+00:00,5307.835,5338.91,5305.1,5324.68,20173.0
2026-03-02 03:00:00+00:00,5324.91,5336.34,5316.71,5331.36,14192.0
2026-03-02 03:30:00+00:00,5331.53,5351.66,5328.57,5346.43,12243.0
2026-03-02 04:00:00+00:00,5346.75,5359.37,5344.25,5355.49,10685.0
2026-03-02 04:30:00+00:00,5355.72,5366.59,5353.5,5366.09,7005.0
2026-03-02 05:00:00+00:00,5366.32,5367.05,5355.41,5363.34,6716.0
2026-03-02 05:30:00+00:00,5363.605,5364.44,5345.19,5355.82,7563.0
2026-03-02 06:00:00+00:00,5356.06,5355.84,5340.67,5350.65,7947.0
2026-03-02 06:30:00+00:00,5350.94,5366.22,5348.69,5365.75,9039.0
2026-03-02 07:00:00+00:00,5366.105,5382.07,5363.51,5380.53,9097.0
2026-03-02 07:30:00+00:00,5380.835,5389.57,5373.96,5387.36,10196.0
2026-03-02 08:00:00+00:00,5387.605,5419.07,5384.82,5408.31,13766.0
2026-03-02 08:30:00+00:00,5408.6,5414.33,5401.93,5408.15,12384.0
2026-03-02 09:00:00+00:00,5408.31,5415.98,5402.16,5415.59,14327.0
2026-03-02 09:30:00+00:00,5416.01,5416.68,5391.17,5393.95,12310.0
2026-03-02 10:00:00+00:00,5394.165,5399.95,5385.86,5394.45,11669.0
2026-03-02 10:30:00+00:00,5394.68,5402.7,5387.2,5391.95,9405.0
2026-03-02 11:00:00+00:00,5392.31,5394.36,5378.84,5389.91,10866.0
2026-03-02 11:30:00+00:00,5390.165,5400.82,5381.29,5388.9,10239.0
2026-03-02 12:00:00+00:00,5389.335,5397.1,5382.1,5390.3,8626.0
2026-03-02 12:30:00+00:00,5390.51,5399.89,5375.06,5385.24,11610.0
2026-03-02 13:00:00+00:00,5385.68,5398.2,5378.71,5393.99,11891.0
2026-03-02 13:30:00+00:00,5394.33,5398.68,5385.42,5396.81,9527.0
2026-03-02 14:00:00+00:00,5397.235,5410.03,5381.52,5401.49,22339.0
2026-03-02 14:30:00+00:00,5401.82,5416.59,5389.08,5393.66,18323.0
2026-03-02 15:00:00+00:00,5393.945,5394.95,5306.5,5333.02,31185.0
2026-03-02 15:30:00+00:00,5333.575,5355.79,5306.25,5333.05,39424.0
2026-03-02 16:00:00+00:00,5332.865,5346.72,5310.97,5330.8,31341.0
2026-03-02 16:30:00+00:00,5330.875,5348.82,5308.2,5315.2,22126.0
2026-03-02 17:00:00+00:00,5315.36,5315.11,5260.17,5309.6,33525.0
2026-03-02 17:30:00+00:00,5310.045,5311.76,5282.08,5290.01,22125.0
2026-03-02 18:00:00+00:00,5290.165,5312.05,5286.7,5304.71,18127.0
2026-03-02 18:30:00+00:00,5305.03,5320.19,5297.95,5306.53,14000.0
2026-03-02 19:00:00+00:00,5306.89,5308.09,5289.66,5297.49,13860.0
2026-03-02 19:30:00+00:00,5297.8,5316.52,5290.8,5315.4,10353.0
2026-03-02 20:00:00+00:00,5315.69,5333.18,5313.73,5330.63,11094.0
2026-03-02 20:30:00+00:00,5331.025,5334.28,5322.71,5330.19,8239.0
2026-03-02 21:00:00+00:00,5330.47,5346.32,5328.06,5333.43,16205.0
2026-03-02 21:30:00+00:00,5333.8,5344.74,5330.98,5332.04,13508.0
2026-03-02 22:00:00+00:00,5332.49,5340.08,5331.04,5332.34,6893.0
2026-03-02 22:30:00+00:00,5332.58,5332.59,5321.52,5321.9,5991.0
2026-03-03 00:00:00+00:00,5315.700000000001,5346.93,5298.56,5336.5,5454.0
2026-03-03 00:30:00+00:00,5336.71,5346.53,5329.86,5345.83,5460.0
2026-03-03 01:00:00+00:00,5346.09,5358.68,5336.82,5357.76,7343.0
2026-03-03 01:30:00+00:00,5357.99,5362.06,5346.11,5350.18,8230.0
2026-03-03 02:00:00+00:00,5350.46,5379.8,5346.91,5377.09,13552.0
2026-03-03 02:30:00+00:00,5377.32,5378.16,5337.86,5339.23,17288.0
2026-03-03 03:00:00+00:00,5339.7,5359.45,5332.77,5358.76,15682.0
2026-03-03 03:30:00+00:00,5359.03,5368.11,5355.44,5366.74,11732.0
2026-03-03 04:00:00+00:00,5367.03,5373.43,5364.05,5367.26,9333.0
2026-03-03 04:30:00+00:00,5367.54,5370.61,5358.76,5367.25,6781.0
2026-03-03 05:00:00+00:00,5367.49,5375.45,5359.24,5371.8,6881.0
2026-03-03 05:30:00+00:00,5372.06,5375.47,5360.97,5361.14,7371.0
2026-03-03 06:00:00+00:00,5361.31,5367.05,5352.9,5358.62,9470.0
2026-03-03 06:30:00+00:00,5358.88,5359.25,5305.01,5318.8,19758.0
2026-03-03 07:00:00+00:00,5319.07,5322.82,5278.88,5316.66,19389.0
2026-03-03 07:30:00+00:00,5316.82,5319.14,5290.59,5310.39,15874.0
2026-03-03 08:00:00+00:00,5310.59,5319.84,5305.82,5313.2,11182.0
2026-03-03 08:30:00+00:00,5313.53,5331.07,5313.28,5327.51,10601.0
2026-03-03 09:00:00+00:00,5327.625,5335.8,5310.93,5312.05,12710.0
2026-03-03 09:30:00+00:00,5312.27,5313.22,5290.18,5295.57,14886.0
2026-03-03 10:00:00+00:00,5295.8,5303.68,5225.51,5242.3,22933.0
2026-03-03 10:30:00+00:00,5242.45,5280.7,5240.36,5274.73,19406.0
2026-03-03 11:00:00+00:00,5275.03,5287.99,5265.53,5276.48,13549.0
2026-03-03 11:30:00+00:00,5276.78,5276.85,5237.96,5248.13,20606.0
2026-03-03 12:00:00+00:00,5248.4,5263.91,5113.27,5126.35,32326.0
2026-03-03 12:30:00+00:00,5126.75,5157.68,5073.48,5144.32,31951.0
2026-03-03 13:00:00+00:00,5144.55,5208.84,5138.18,5204.32,24517.0
2026-03-03 13:30:00+00:00,5204.55,5226.47,5188.39,5224.24,17839.0
2026-03-03 14:00:00+00:00,5224.53,5224.46,5146.23,5177.71,35526.0
2026-03-03 14:30:00+00:00,5177.72,5186.14,5127.3,5156.43,26434.0
2026-03-03 15:00:00+00:00,5156.625,5175.32,5124.96,5145.76,26071.0
2026-03-03 15:30:00+00:00,5145.97,5145.72,5015.93,5038.39,50277.0
2026-03-03 16:00:00+00:00,5038.66,5069.74,4995.54,5043.8,40965.0
2026-03-03 16:30:00+00:00,5044.065,5096.78,5036.79,5095.24,27537.0
2026-03-03 17:00:00+00:00,5095.415,5125.82,5090.21,5112.64,23933.0
2026-03-03 17:30:00+00:00,5112.95,5134.49,5097.96,5107.28,24655.0
2026-03-03 18:00:00+00:00,5107.625,5109.51,5080.84,5082.76,20922.0
2026-03-03 18:30:00+00:00,5083.085,5085.76,5065.01,5079.06,19537.0
2026-03-03 19:00:00+00:00,5079.33,5116.96,5078.83,5112.26,17325.0
2026-03-03 19:30:00+00:00,5112.66,5138.18,5106.9,5135.76,15988.0
2026-03-03 20:00:00+00:00,5135.93,5149.02,5101.79,5106.41,15704.0
2026-03-03 20:30:00+00:00,5106.78,5128.08,5098.75,5113.0,17904.0
2026-03-03 21:00:00+00:00,5113.49,5130.33,5111.68,5122.47,15787.0
2026-03-03 21:30:00+00:00,5122.915,5126.34,5085.74,5097.23,16821.0
2026-03-03 22:00:00+00:00,5097.32,5110.26,5089.2,5089.23,8360.0
2026-03-03 22:30:00+00:00,5089.585,5096.26,5083.25,5088.3,6539.0
2026-03-04 00:00:00+00:00,5101.799999999999,5127.95,5083.76,5125.97,9410.0
2026-03-04 00:30:00+00:00,5126.47,5129.65,5116.68,5125.1,7555.0
2026-03-04 01:00:00+00:00,5125.42,5128.8,5105.8,5125.03,10190.0
2026-03-04 01:30:00+00:00,5125.32,5140.24,5122.41,5138.51,9747.0
2026-03-04 02:00:00+00:00,5138.7,5164.39,5138.45,5146.32,18465.0
2026-03-04 02:30:00+00:00,5146.36,5178.74,5142.02,5174.95,16904.0
2026-03-04 03:00:00+00:00,5175.09,5190.9,5168.11,5177.56,13067.0
2026-03-04 03:30:00+00:00,5177.78,5180.7,5153.64,5156.07,14459.0
2026-03-04 04:00:00+00:00,5156.375,5167.99,5140.84,5162.34,12710.0
2026-03-04 04:30:00+00:00,5162.57,5177.37,5153.64,5174.3,11883.0
2026-03-04 05:00:00+00:00,5174.415,5180.78,5162.76,5167.86,9631.0
2026-03-04 05:30:00+00:00,5168.19,5170.56,5152.0,5156.67,10271.0
2026-03-04 06:00:00+00:00,5156.94,5166.09,5151.84,5156.39,10883.0
2026-03-04 06:30:00+00:00,5156.68,5168.15,5153.93,5160.01,12772.0
2026-03-04 07:00:00+00:00,5160.125,5159.78,5118.25,5134.26,15548.0
2026-03-04 07:30:00+00:00,5134.55,5160.68,5132.46,5160.47,12280.0
2026-03-04 08:00:00+00:00,5160.68,5175.98,5158.27,5167.53,11152.0
2026-03-04 08:30:00+00:00,5167.82,5175.76,5163.48,5168.11,7849.0
2026-03-04 09:00:00+00:00,5168.45,5172.07,5147.52,5162.51,11700.0
2026-03-04 09:30:00+00:00,5162.78,5182.07,5161.78,5167.47,9512.0
2026-03-04 10:00:00+00:00,5167.625,5178.39,5158.95,5170.76,10240.0
2026-03-04 10:30:00+00:00,5170.93,5184.84,5168.71,5182.18,7864.0
2026-03-04 11:00:00+00:00,5182.45,5202.35,5182.2,5188.2,11312.0
2026-03-04 11:30:00+00:00,5188.43,5193.59,5179.23,5189.7,8838.0
2026-03-04 12:00:00+00:00,5189.97,5197.47,5187.5,5194.8,7234.0
2026-03-04 12:30:00+00:00,5195.085,5200.65,5187.31,5191.92,7649.0
2026-03-04 13:00:00+00:00,5192.19,5205.86,5174.0,5178.09,11246.0
2026-03-04 13:30:00+00:00,5178.41,5178.28,5156.11,5170.99,12415.0
2026-03-04 14:00:00+00:00,5171.375,5196.09,5170.75,5192.18,14268.0
2026-03-04 14:30:00+00:00,5192.625,5192.78,5167.46,5167.8,13579.0
2026-03-04 15:00:00+00:00,5168.09,5180.49,5159.82,5166.14,15547.0
2026-03-04 15:30:00+00:00,5166.47,5184.91,5138.49,5144.96,30046.0
2026-03-04 16:00:00+00:00,5144.52,5162.61,5130.93,5156.05,25843.0
2026-03-04 16:30:00+00:00,5156.375,5167.01,5133.04,5151.3,18399.0
2026-03-04 17:00:00+00:00,5151.57,5162.45,5138.14,5146.05,16352.0
2026-03-04 17:30:00+00:00,5146.395,5159.05,5142.71,5149.7,12842.0
2026-03-04 18:00:00+00:00,5149.915,5152.95,5119.77,5133.27,13785.0
2026-03-04 18:30:00+00:00,5133.72,5147.35,5127.98,5140.75,13517.0
2026-03-04 19:00:00+00:00,5141.14,5143.22,5111.05,5123.7,15463.0
2026-03-04 19:30:00+00:00,5123.78,5134.72,5108.72,5133.93,10582.0
2026-03-04 20:00:00+00:00,5134.105,5136.64,5124.43,5124.49,7808.0
2026-03-04 20:30:00+00:00,5124.695,5139.5,5123.21,5137.65,8714.0
2026-03-04 21:00:00+00:00,5137.93,5138.72,5123.48,5137.18,9199.0
2026-03-04 21:30:00+00:00,5137.415,5146.53,5132.79,5134.69,8801.0
2026-03-04 22:00:00+00:00,5135.05,5143.95,5133.61,5141.11,4674.0
2026-03-04 22:30:00+00:00,5141.45,5142.13,5129.47,5141.05,3787.0
2026-03-05 00:00:00+00:00,5146.49,5156.26,5144.62,5154.36,3058.0
2026-03-05 00:30:00+00:00,5154.625,5165.91,5148.49,5165.03,4819.0
2026-03-05 01:00:00+00:00,5165.3,5179.57,5159.36,5173.33,6489.0
2026-03-05 01:30:00+00:00,5173.59,5177.03,5166.11,5172.47,6479.0
2026-03-05 02:00:00+00:00,5172.915,5186.53,5169.48,5177.21,11697.0
2026-03-05 02:30:00+00:00,5177.66,5179.82,5167.0,5172.59,11924.0
2026-03-05 03:00:00+00:00,5172.68,5187.91,5171.41,5184.02,9056.0
2026-03-05 03:30:00+00:00,5184.29,5192.32,5174.19,5191.91,9791.0
2026-03-05 04:00:00+00:00,5192.24,5195.08,5183.59,5184.94,8283.0
2026-03-05 04:30:00+00:00,5185.21,5190.89,5178.15,5180.13,6491.0
2026-03-05 05:00:00+00:00,5180.33,5186.51,5174.69,5178.32,5573.0
2026-03-05 05:30:00+00:00,5178.55,5180.09,5166.01,5171.51,5556.0
2026-03-05 06:00:00+00:00,5171.84,5176.7,5169.02,5172.27,5712.0
2026-03-05 06:30:00+00:00,5172.6,5174.49,5148.2,5148.45,9701.0
2026-03-05 07:00:00+00:00,5148.74,5155.11,5120.45,5142.88,15269.0
2026-03-05 07:30:00+00:00,5143.12,5168.66,5139.71,5167.51,10099.0
2026-03-05 08:00:00+00:00,5167.68,5172.48,5159.88,5166.02,8292.0
2026-03-05 08:30:00+00:00,5166.375,5166.99,5158.61,5162.11,7819.0
2026-03-05 09:00:00+00:00,5162.32,5162.61,5137.29,5144.39,10880.0
2026-03-05 09:30:00+00:00,5144.585,5170.06,5143.45,5165.57,8400.0
2026-03-05 10:00:00+00:00,5165.8,5180.41,5161.21,5169.53,12810.0
2026-03-05 10:30:00+00:00,5169.66,5169.5,5153.58,5160.86,10064.0
2026-03-05 11:00:00+00:00,5161.09,5160.84,5146.14,5156.05,9097.0
2026-03-05 11:30:00+00:00,5156.19,5167.39,5147.34,5164.56,8624.0
2026-03-05 12:00:00+00:00,5164.84,5167.82,5160.77,5162.93,6579.0
2026-03-05 12:30:00+00:00,5163.165,5164.91,5156.71,5163.47,6503.0
2026-03-05 13:00:00+00:00,5163.74,5171.32,5161.56,5161.8,8259.0
2026-03-05 13:30:00+00:00,5161.93,5167.59,5160.5,5162.39,7256.0
2026-03-05 14:00:00+00:00,5162.61,5163.8,5081.21,5121.96,25952.0
2026-03-05 14:30:00+00:00,5122.495,5137.7,5109.46,5117.89,17703.0
2026-03-05 15:00:00+00:00,5118.125,5129.74,5102.52,5120.18,19523.0
2026-03-05 15:30:00+00:00,5120.415,5123.49,5090.46,5102.07,70566.0
2026-03-05 16:00:00+00:00,5102.2,5119.7,5059.92,5086.22,34711.0
2026-03-05 16:30:00+00:00,5086.53,5102.94,5077.5,5102.41,22995.0
2026-03-05 17:00:00+00:00,5102.68,5104.39,5059.95,5063.48,19936.0
2026-03-05 17:30:00+00:00,5064.005,5081.16,5053.84,5077.53,20369.0
2026-03-05 18:00:00+00:00,5077.855,5089.42,5073.57,5075.09,15449.0
2026-03-05 18:30:00+00:00,5075.26,5077.14,5054.78,5062.74,20572.0
2026-03-05 19:00:00+00:00,5062.95,5075.89,5050.54,5071.03,20503.0
2026-03-05 19:30:00+00:00,5071.36,5085.32,5067.14,5069.3,14397.0
2026-03-05 20:00:00+00:00,5069.43,5081.22,5061.97,5066.74,14311.0
2026-03-05 20:30:00+00:00,5066.95,5070.43,5055.53,5065.91,14594.0
2026-03-05 21:00:00+00:00,5066.07,5094.64,5061.5,5080.55,16749.0
2026-03-05 21:30:00+00:00,5080.82,5082.38,5072.72,5076.46,15138.0
2026-03-05 22:00:00+00:00,5076.76,5084.14,5071.95,5080.58,5060.0
2026-03-05 22:30:00+00:00,5080.95,5084.81,5072.4,5081.32,4047.0
2026-03-06 00:00:00+00:00,5086.74,5096.51,5081.79,5090.77,4599.0
2026-03-06 00:30:00+00:00,5091.04,5101.67,5084.48,5085.98,6239.0
2026-03-06 01:00:00+00:00,5086.26,5092.03,5073.92,5090.43,7876.0
2026-03-06 01:30:00+00:00,5090.665,5092.01,5075.04,5084.29,7457.0
2026-03-06 02:00:00+00:00,5084.68,5088.77,5066.39,5085.57,14258.0
2026-03-06 02:30:00+00:00,5085.895,5143.78,5085.47,5134.7,15148.0
2026-03-06 03:00:00+00:00,5134.855,5138.41,5125.49,5128.64,10676.0
2026-03-06 03:30:00+00:00,5128.9,5131.75,5121.91,5126.18,8980.0
2026-03-06 04:00:00+00:00,5126.415,5141.38,5124.32,5136.45,8035.0
2026-03-06 04:30:00+00:00,5136.68,5137.72,5128.95,5131.05,4734.0
2026-03-06 05:00:00+00:00,5131.31,5136.3,5127.42,5129.5,4432.0
2026-03-06 05:30:00+00:00,5129.78,5135.64,5126.26,5127.34,4371.0
2026-03-06 06:00:00+00:00,5127.57,5129.8,5122.7,5129.55,5657.0
2026-03-06 06:30:00+00:00,5129.82,5129.78,5113.96,5117.02,9567.0
2026-03-06 07:00:00+00:00,5117.45,5122.78,5109.04,5120.04,7866.0
2026-03-06 07:30:00+00:00,5120.27,5122.68,5114.95,5115.57,6667.0
2026-03-06 08:00:00+00:00,5115.915,5119.52,5105.68,5114.57,7167.0
2026-03-06 08:30:00+00:00,5114.84,5120.57,5107.67,5119.35,6843.0
2026-03-06 09:00:00+00:00,5119.775,5123.11,5099.04,5100.43,9532.0
2026-03-06 09:30:00+00:00,5100.625,5113.38,5096.0,5108.45,6752.0
2026-03-06 10:00:00+00:00,5108.8,5109.34,5091.7,5098.86,9090.0
2026-03-06 10:30:00+00:00,5099.03,5103.57,5083.29,5085.5,10076.0
2026-03-06 11:00:00+00:00,5085.99,5092.74,5075.7,5087.21,9913.0
2026-03-06 11:30:00+00:00,5087.545,5092.84,5080.68,5091.01,8347.0
2026-03-06 12:00:00+00:00,5091.36,5098.07,5080.21,5094.29,8881.0
2026-03-06 12:30:00+00:00,5094.68,5099.69,5062.54,5076.78,10688.0
2026-03-06 13:00:00+00:00,5077.05,5096.43,5075.98,5088.3,10594.0
2026-03-06 13:30:00+00:00,5088.53,5096.53,5081.06,5083.07,9101.0
2026-03-06 14:00:00+00:00,5083.24,5088.61,5065.3,5083.05,16372.0
2026-03-06 14:30:00+00:00,5083.665,5130.6,5073.78,5084.95,30782.0
2026-03-06 15:00:00+00:00,5085.22,5109.2,5080.78,5104.25,18746.0
2026-03-06 15:30:00+00:00,5104.47,5131.74,5084.1,5130.0,34193.0
2026-03-06 16:00:00+00:00,5130.395,5171.55,5127.95,5161.47,32972.0
2026-03-06 16:30:00+00:00,5161.93,5166.49,5134.39,5141.61,20251.0
2026-03-06 17:00:00+00:00,5141.78,5152.86,5135.69,5142.02,16756.0
2026-03-06 17:30:00+00:00,5142.32,5147.95,5125.77,5139.78,16450.0
2026-03-06 18:00:00+00:00,5140.0,5145.25,5128.67,5141.85,15921.0
2026-03-06 18:30:00+00:00,5142.23,5152.24,5132.6,5140.58,12759.0
2026-03-06 19:00:00+00:00,5140.81,5150.93,5138.53,5150.15,13029.0
2026-03-06 19:30:00+00:00,5150.41,5167.55,5148.48,5160.98,10578.0
2026-03-06 20:00:00+00:00,5161.22,5174.46,5160.21,5165.09,10449.0
2026-03-06 20:30:00+00:00,5165.18,5167.77,5156.46,5159.65,9490.0
2026-03-06 21:00:00+00:00,5159.86,5162.37,5152.45,5153.6,9662.0
2026-03-06 21:30:00+00:00,5153.83,5161.29,5149.14,5153.18,10963.0
2026-03-06 22:00:00+00:00,5153.27,5170.36,5150.73,5168.13,5634.0
2026-03-06 22:30:00+00:00,5168.37,5176.81,5166.29,5171.25,3494.0
2026-03-08 23:00:00+00:00,5179.370000000001,5200.92,5117.45,5155.82,11323.0
2026-03-08 23:30:00+00:00,5155.49,5164.42,5103.8,5129.9,10286.0
2026-03-09 00:00:00+00:00,5130.07,5135.5,5093.2,5104.45,17486.0
2026-03-09 00:30:00+00:00,5104.76,5104.93,5044.27,5075.97,24021.0
2026-03-09 01:00:00+00:00,5076.24,5081.07,5028.43,5045.94,25495.0
2026-03-09 01:30:00+00:00,5046.24,5060.14,5033.39,5049.88,21333.0
2026-03-09 02:00:00+00:00,5050.03,5087.57,5014.5,5071.8,36179.0
2026-03-09 02:30:00+00:00,5071.97,5086.18,5064.81,5070.0,19660.0
2026-03-09 03:00:00+00:00,5070.38,5095.4,5055.4,5077.6,18371.0
2026-03-09 03:30:00+00:00,5077.77,5099.05,5075.95,5094.49,17790.0
2026-03-09 04:00:00+00:00,5094.67,5102.24,5083.94,5083.94,13439.0
2026-03-09 04:30:00+00:00,5084.22,5094.01,5081.39,5091.28,9543.0
2026-03-09 05:00:00+00:00,5091.54,5097.22,5086.71,5089.33,7578.0
2026-03-09 05:30:00+00:00,5089.86,5093.04,5085.12,5090.16,6967.0
2026-03-09 06:00:00+00:00,5090.4,5104.0,5080.77,5095.57,13107.0
2026-03-09 06:30:00+00:00,5095.79,5140.35,5091.94,5124.16,18844.0
2026-03-09 07:00:00+00:00,5124.31,5134.04,5118.99,5126.29,16265.0
2026-03-09 07:30:00+00:00,5126.83,5129.63,5096.8,5097.54,14439.0
2026-03-09 08:00:00+00:00,5097.7,5106.86,5088.41,5106.52,13941.0
2026-03-09 08:30:00+00:00,5106.78,5107.6,5093.29,5098.75,12024.0
2026-03-09 09:00:00+00:00,5099.09,5110.66,5090.57,5091.38,15237.0
2026-03-09 09:30:00+00:00,5091.55,5102.33,5086.83,5096.52,12359.0
2026-03-09 10:00:00+00:00,5096.5,5126.69,5094.88,5125.07,12652.0
2026-03-09 10:30:00+00:00,5125.33,5132.47,5096.27,5105.12,13848.0
2026-03-09 11:00:00+00:00,5105.36,5111.04,5098.09,5099.53,9546.0
2026-03-09 11:30:00+00:00,5099.67,5100.05,5083.7,5087.06,13106.0
2026-03-09 12:00:00+00:00,5087.29,5097.18,5079.48,5085.62,12156.0
2026-03-09 12:30:00+00:00,5085.88,5094.5,5082.06,5087.92,10610.0
2026-03-09 13:00:00+00:00,5088.26,5109.9,5088.01,5109.31,11049.0
2026-03-09 13:30:00+00:00,5109.57,5112.04,5093.23,5094.84,10950.0
2026-03-09 14:00:00+00:00,5095.1,5099.15,5084.39,5094.58,16113.0
2026-03-09 14:30:00+00:00,5094.81,5111.43,5067.02,5073.92,31492.0
2026-03-09 15:00:00+00:00,5074.09,5088.32,5060.53,5081.59,28521.0
2026-03-09 15:30:00+00:00,5081.7,5116.04,5079.75,5093.71,21249.0
2026-03-09 16:00:00+00:00,5093.88,5100.11,5079.37,5099.39,18233.0
2026-03-09 16:30:00+00:00,5099.59,5103.35,5092.89,5099.49,13064.0
2026-03-09 17:00:00+00:00,5099.77,5109.25,5094.6,5103.63,12849.0
2026-03-09 17:30:00+00:00,5103.945,5110.55,5102.5,5104.49,10463.0
2026-03-09 18:00:00+00:00,5104.81,5106.7,5090.91,5094.86,11419.0
2026-03-09 18:30:00+00:00,5095.18,5099.49,5088.96,5096.02,11689.0
2026-03-09 19:00:00+00:00,5096.19,5107.02,5092.4,5105.12,9473.0
2026-03-09 19:30:00+00:00,5105.32,5126.32,5104.26,5123.16,9546.0
2026-03-09 20:00:00+00:00,5123.54,5143.84,5118.2,5139.75,13606.0
2026-03-09 20:30:00+00:00,5140.03,5143.83,5124.91,5140.74,16590.0
2026-03-09 21:00:00+00:00,5141.15,5147.92,5134.09,5139.21,7114.0
2026-03-09 21:30:00+00:00,5139.29,5140.51,5134.08,5136.67,5300.0
2026-03-09 23:00:00+00:00,5140.77,5150.85,5117.48,5132.14,7384.0
2026-03-09 23:30:00+00:00,5132.31,5153.01,5128.12,5152.87,8707.0
2026-03-10 00:00:00+00:00,5153.17,5155.94,5138.53,5144.71,9064.0
2026-03-10 00:30:00+00:00,5144.95,5149.41,5135.7,5139.45,7268.0
2026-03-10 01:00:00+00:00,5139.53,5141.11,5128.63,5130.31,9737.0
2026-03-10 01:30:00+00:00,5130.53,5139.0,5124.53,5130.89,10236.0
2026-03-10 02:00:00+00:00,5131.15,5167.66,5124.4,5157.59,19297.0
2026-03-10 02:30:00+00:00,5157.9,5186.11,5152.76,5184.21,15745.0
2026-03-10 03:00:00+00:00,5184.44,5186.99,5170.43,5179.85,10942.0
2026-03-10 03:30:00+00:00,5180.085,5185.67,5163.73,5165.85,11632.0
2026-03-10 04:00:00+00:00,5166.06,5173.37,5161.69,5166.64,9902.0
2026-03-10 04:30:00+00:00,5166.85,5167.84,5155.67,5157.44,7567.0
2026-03-10 05:00:00+00:00,5157.62,5166.37,5154.29,5162.25,7249.0
2026-03-10 05:30:00+00:00,5162.53,5165.36,5161.3,5163.73,4595.0
2026-03-10 06:00:00+00:00,5163.97,5174.01,5163.72,5171.5,5964.0
2026-03-10 06:30:00+00:00,5171.66,5179.11,5166.76,5177.84,7900.0
2026-03-10 07:00:00+00:00,5178.13,5180.72,5171.76,5175.99,7942.0
2026-03-10 07:30:00+00:00,5176.28,5178.98,5173.17,5175.18,7897.0
2026-03-10 08:00:00+00:00,5175.42,5178.82,5158.41,5169.24,9977.0
2026-03-10 08:30:00+00:00,5169.44,5181.22,5165.4,5180.84,8730.0
2026-03-10 09:00:00+00:00,5181.02,5185.18,5174.89,5183.85,10708.0
2026-03-10 09:30:00+00:00,5184.09,5194.96,5182.7,5183.26,10230.0
2026-03-10 10:00:00+00:00,5183.55,5189.11,5180.5,5186.65,7795.0
2026-03-10 10:30:00+00:00,5186.84,5189.0,5181.81,5182.42,7152.0
2026-03-10 11:00:00+00:00,5182.68,5183.84,5172.91,5173.64,9530.0
2026-03-10 11:30:00+00:00,5173.94,5178.04,5156.34,5177.04,11884.0
2026-03-10 12:00:00+00:00,5177.36,5191.78,5176.43,5182.83,12059.0
2026-03-10 12:30:00+00:00,5183.09,5184.85,5171.67,5174.94,9841.0
2026-03-10 13:00:00+00:00,5175.37,5180.49,5162.26,5179.53,12688.0
2026-03-10 13:30:00+00:00,5179.85,5189.3,5178.43,5186.79,9928.0
2026-03-10 14:00:00+00:00,5187.05,5228.56,5185.88,5221.46,17805.0
2026-03-10 14:30:00+00:00,5221.84,5222.19,5196.09,5205.45,23631.0
2026-03-10 15:00:00+00:00,5205.84,5214.16,5185.21,5208.86,18708.0
2026-03-10 15:30:00+00:00,5209.12,5213.31,5202.69,5206.62,13460.0
2026-03-10 16:00:00+00:00,5206.83,5228.51,5203.1,5225.41,12425.0
2026-03-10 16:30:00+00:00,5225.65,5238.41,5225.01,5228.46,12308.0
2026-03-10 17:00:00+00:00,5228.78,5235.37,5222.5,5232.28,10303.0
2026-03-10 17:30:00+00:00,5232.57,5234.37,5225.74,5227.52,8464.0
2026-03-10 18:00:00+00:00,5227.7,5235.24,5223.48,5233.04,11248.0
2026-03-10 18:30:00+00:00,5233.3,5234.61,5226.28,5227.44,10394.0
2026-03-10 19:00:00+00:00,5227.71,5227.87,5160.02,5202.78,25861.0
2026-03-10 19:30:00+00:00,5203.07,5207.89,5189.82,5191.62,18794.0
2026-03-10 20:00:00+00:00,5191.78,5207.51,5184.09,5200.68,12757.0
2026-03-10 20:30:00+00:00,5200.86,5200.74,5179.76,5198.65,16636.0
2026-03-10 21:00:00+00:00,5198.91,5198.92,5191.65,5194.9,5224.0
2026-03-10 21:30:00+00:00,5195.07,5198.96,5192.27,5192.62,3826.0
2026-03-10 23:00:00+00:00,5187.21,5197.55,5183.2,5190.53,4502.0
2026-03-10 23:30:00+00:00,5190.79,5195.36,5185.42,5189.1,6175.0
2026-03-11 00:00:00+00:00,5189.38,5197.3,5187.57,5193.61,4785.0
2026-03-11 00:30:00+00:00,5193.87,5197.14,5187.79,5196.98,4312.0
2026-03-11 01:00:00+00:00,5197.26,5215.42,5186.71,5212.33,9708.0
2026-03-11 01:30:00+00:00,5212.56,5219.24,5205.9,5215.32,7315.0
2026-03-11 02:00:00+00:00,5215.49,5223.22,5210.58,5214.68,12335.0
2026-03-11 02:30:00+00:00,5214.89,5219.87,5208.27,5208.39,9329.0
2026-03-11 03:00:00+00:00,5208.65,5209.49,5193.97,5204.1,10115.0
2026-03-11 03:30:00+00:00,5204.31,5220.35,5201.86,5217.23,8568.0
2026-03-11 04:00:00+00:00,5217.51,5220.28,5204.45,5204.57,7283.0
2026-03-11 04:30:00+00:00,5204.8,5209.39,5199.14,5203.14,5542.0
2026-03-11 05:00:00+00:00,5203.4,5208.29,5199.42,5207.23,4566.0
2026-03-11 05:30:00+00:00,5207.49,5208.23,5201.73,5204.36,4358.0
2026-03-11 06:00:00+00:00,5204.59,5208.0,5200.08,5200.3,5716.0
2026-03-11 06:30:00+00:00,5200.61,5204.61,5190.46,5199.52,10074.0
2026-03-11 07:00:00+00:00,5199.78,5210.63,5196.2,5206.4,8228.0
2026-03-11 07:30:00+00:00,5206.67,5206.61,5191.43,5197.43,7975.0
2026-03-11 08:00:00+00:00,5197.6,5202.04,5195.18,5197.81,8057.0
2026-03-11 08:30:00+00:00,5198.07,5198.31,5184.44,5195.6,9435.0
2026-03-11 09:00:00+00:00,5195.7,5198.49,5180.99,5184.72,9288.0
2026-03-11 09:30:00+00:00,5184.87,5188.51,5175.14,5187.42,9593.0
2026-03-11 10:00:00+00:00,5187.65,5190.41,5179.48,5187.47,8960.0
2026-03-11 10:30:00+00:00,5187.7,5197.06,5186.5,5187.63,7737.0
2026-03-11 11:00:00+00:00,5187.83,5195.15,5186.32,5191.69,6626.0
2026-03-11 11:30:00+00:00,5191.9,5191.83,5177.11,5185.96,8870.0
2026-03-11 12:00:00+00:00,5186.29,5193.37,5179.51,5180.94,7357.0
2026-03-11 12:30:00+00:00,5181.21,5190.55,5175.34,5181.01,10103.0
2026-03-11 13:00:00+00:00,5181.17,5195.11,5177.41,5190.81,10471.0
2026-03-11 13:30:00+00:00,5191.13,5196.46,5166.6,5167.48,18034.0
2026-03-11 14:00:00+00:00,5167.71,5182.96,5162.0,5181.42,15892.0
2026-03-11 14:30:00+00:00,5181.74,5181.49,5149.0,5176.76,19838.0
2026-03-11 15:00:00+00:00,5176.94,5195.35,5174.91,5194.04,19167.0
2026-03-11 15:30:00+00:00,5194.31,5196.06,5174.41,5183.05,14920.0
2026-03-11 16:00:00+00:00,5183.22,5185.57,5168.3,5172.45,15054.0
2026-03-11 16:30:00+00:00,5172.78,5175.09,5163.92,5166.2,12959.0
2026-03-11 17:00:00+00:00,5166.43,5172.52,5163.45,5166.84,12324.0
2026-03-11 17:30:00+00:00,5167.1,5177.82,5165.79,5175.47,9143.0
2026-03-11 18:00:00+00:00,5175.79,5180.81,5169.66,5171.98,9022.0
2026-03-11 18:30:00+00:00,5172.34,5172.45,5154.27,5169.71,11215.0
2026-03-11 19:00:00+00:00,5169.86,5178.29,5169.11,5177.56,8002.0
2026-03-11 19:30:00+00:00,5177.79,5178.16,5170.17,5172.4,6588.0
2026-03-11 20:00:00+00:00,5172.64,5177.62,5169.09,5177.04,5979.0
2026-03-11 20:30:00+00:00,5177.3,5183.33,5175.99,5183.14,6302.0
2026-03-11 21:00:00+00:00,5183.25,5183.46,5175.02,5177.7,3226.0
2026-03-11 21:30:00+00:00,5177.88,5178.27,5175.43,5175.95,2516.0
2026-03-11 23:00:00+00:00,5179.1,5183.29,5165.35,5169.86,3384.0
2026-03-11 23:30:00+00:00,5170.13,5169.92,5129.46,5138.86,9373.0
2026-03-12 00:00:00+00:00,5139.005,5156.88,5135.13,5155.89,7855.0
2026-03-12 00:30:00+00:00,5156.12,5157.83,5132.98,5134.13,8119.0
2026-03-12 01:00:00+00:00,5134.36,5158.0,5125.42,5152.6,11699.0
2026-03-12 01:30:00+00:00,5152.84,5161.36,5149.93,5152.72,8116.0
2026-03-12 02:00:00+00:00,5153.03,5166.61,5151.44,5157.34,13876.0
2026-03-12 02:30:00+00:00,5157.62,5172.87,5154.56,5168.47,10310.0
2026-03-12 03:00:00+00:00,5168.65,5175.05,5167.12,5168.03,7373.0
2026-03-12 03:30:00+00:00,5168.3,5171.42,5145.53,5150.47,12261.0
2026-03-12 04:00:00+00:00,5150.71,5155.45,5147.16,5151.63,8952.0
2026-03-12 04:30:00+00:00,5151.91,5154.44,5148.01,5153.06,5398.0
2026-03-12 05:00:00+00:00,5153.3,5153.81,5149.87,5152.48,3512.0
2026-03-12 05:30:00+00:00,5152.68,5152.43,5140.39,5142.43,5837.0
2026-03-12 06:00:00+00:00,5142.69,5148.73,5137.06,5142.79,6989.0
2026-03-12 06:30:00+00:00,5143.05,5157.58,5141.04,5154.42,8000.0
2026-03-12 07:00:00+00:00,5154.68,5157.65,5147.17,5156.33,7137.0
2026-03-12 07:30:00+00:00,5156.65,5170.17,5155.93,5166.11,7484.0
2026-03-12 08:00:00+00:00,5166.38,5170.41,5164.42,5168.9,5396.0
2026-03-12 08:30:00+00:00,5169.11,5185.1,5167.96,5182.28,6928.0
2026-03-12 09:00:00+00:00,5182.44,5189.48,5176.99,5177.27,8719.0
2026-03-12 09:30:00+00:00,5177.43,5182.85,5175.73,5177.91,6409.0
2026-03-12 10:00:00+00:00,5178.25,5181.29,5174.18,5180.05,6714.0
2026-03-12 10:30:00+00:00,5180.34,5190.21,5180.09,5188.13,7594.0
2026-03-12 11:00:00+00:00,5188.34,5191.56,5179.88,5180.1,6681.0
2026-03-12 11:30:00+00:00,5180.49,5183.83,5176.07,5182.23,6878.0
2026-03-12 12:00:00+00:00,5182.49,5183.71,5172.43,5176.27,5739.0
2026-03-12 12:30:00+00:00,5176.56,5181.32,5175.27,5178.9,7188.0
2026-03-12 13:00:00+00:00,5179.18,5180.44,5163.69,5172.11,11601.0
2026-03-12 13:30:00+00:00,5172.37,5185.82,5168.35,5181.26,10878.0
2026-03-12 14:00:00+00:00,5181.42,5186.0,5159.09,5171.22,17154.0
2026-03-12 14:30:00+00:00,5171.35,5171.21,5146.02,5151.03,23271.0
2026-03-12 15:00:00+00:00,5151.19,5163.5,5149.57,5151.9,16428.0
2026-03-12 15:30:00+00:00,5152.16,5153.67,5138.18,5142.69,18488.0
2026-03-12 16:00:00+00:00,5142.83,5144.85,5109.63,5129.17,19776.0
2026-03-12 16:30:00+00:00,5129.43,5135.12,5118.2,5132.26,16035.0
2026-03-12 17:00:00+00:00,5132.52,5137.91,5121.08,5131.68,13015.0
2026-03-12 17:30:00+00:00,5131.92,5137.41,5121.47,5123.29,13167.0
2026-03-12 18:00:00+00:00,5123.44,5129.53,5113.33,5118.7,12339.0
2026-03-12 18:30:00+00:00,5119.07,5119.98,5102.15,5105.26,12664.0
2026-03-12 19:00:00+00:00,5105.5,5112.4,5100.99,5104.4,11567.0
2026-03-12 19:30:00+00:00,5104.58,5104.33,5090.38,5094.27,10346.0
2026-03-12 20:00:00+00:00,5094.51,5095.43,5079.23,5093.5,12630.0
2026-03-12 20:30:00+00:00,5093.76,5096.67,5081.21,5084.63,9429.0
2026-03-12 21:00:00+00:00,5084.93,5090.58,5071.07,5071.63,7734.0
2026-03-12 21:30:00+00:00,5071.86,5081.43,5054.82,5078.86,10057.0
2026-03-12 23:00:00+00:00,5080.51,5095.08,5072.38,5092.46,6174.0
2026-03-12 23:30:00+00:00,5092.7,5096.14,5085.27,5095.81,3507.0
2026-03-13 00:00:00+00:00,5096.08,5099.42,5088.98,5093.99,5677.0
2026-03-13 00:30:00+00:00,5094.22,5101.16,5091.91,5098.02,5542.0
2026-03-13 01:00:00+00:00,5098.23,5108.26,5097.3,5106.16,5908.0
2026-03-13 01:30:00+00:00,5106.4,5115.19,5105.83,5113.59,5015.0
2026-03-13 02:00:00+00:00,5113.8,5120.75,5113.4,5118.93,9185.0
2026-03-13 02:30:00+00:00,5119.19,5124.25,5108.73,5124.09,9859.0
2026-03-13 03:00:00+00:00,5124.31,5128.54,5114.69,5121.35,7750.0
2026-03-13 03:30:00+00:00,5121.51,5121.66,5110.32,5111.84,6997.0
2026-03-13 04:00:00+00:00,5112.11,5115.68,5108.07,5110.23,7269.0
2026-03-13 04:30:00+00:00,5110.44,5116.79,5106.01,5115.4,4438.0
2026-03-13 05:00:00+00:00,5115.58,5117.72,5103.59,5105.42,4624.0
2026-03-13 05:30:00+00:00,5105.75,5106.97,5102.54,5104.13,4593.0
2026-03-13 06:00:00+00:00,5104.46,5110.02,5102.49,5105.82,4563.0
2026-03-13 06:30:00+00:00,5106.14,5111.18,5098.05,5103.1,9705.0
2026-03-13 07:00:00+00:00,5103.38,5107.68,5088.73,5095.44,9426.0
2026-03-13 07:30:00+00:00,5095.6,5098.22,5085.65,5088.17,11129.0
2026-03-13 08:00:00+00:00,5088.34,5093.98,5071.61,5084.7,11434.0
2026-03-13 08:30:00+00:00,5084.94,5092.85,5082.14,5085.0,8076.0
2026-03-13 09:00:00+00:00,5085.27,5085.02,5061.34,5070.59,12425.0
2026-03-13 09:30:00+00:00,5070.79,5087.75,5070.24,5087.22,9188.0
2026-03-13 10:00:00+00:00,5087.46,5096.89,5084.02,5091.55,8848.0
2026-03-13 10:30:00+00:00,5091.79,5094.06,5083.13,5089.46,7171.0
2026-03-13 11:00:00+00:00,5089.72,5096.55,5085.86,5089.15,7304.0
2026-03-13 11:30:00+00:00,5089.38,5098.29,5079.82,5094.71,8454.0
2026-03-13 12:00:00+00:00,5094.89,5097.48,5086.13,5095.25,8469.0
2026-03-13 12:30:00+00:00,5095.49,5107.52,5091.83,5107.41,7994.0
2026-03-13 13:00:00+00:00,5107.62,5118.68,5104.17,5113.59,11726.0
2026-03-13 13:30:00+00:00,5113.98,5121.68,5108.01,5118.09,13630.0
2026-03-13 14:00:00+00:00,5118.37,5121.23,5107.2,5108.62,14325.0
2026-03-13 14:30:00+00:00,5108.79,5116.73,5096.3,5101.46,16868.0
2026-03-13 15:00:00+00:00,5101.81,5107.82,5082.54,5088.9,17395.0
2026-03-13 15:30:00+00:00,5089.06,5091.77,5035.54,5041.39,23475.0
2026-03-13 16:00:00+00:00,5041.67,5071.24,5038.13,5063.09,21090.0
2026-03-13 16:30:00+00:00,5063.32,5068.12,5031.91,5034.67,24010.0
2026-03-13 17:00:00+00:00,5034.91,5041.77,5018.77,5040.88,23174.0
2026-03-13 17:30:00+00:00,5041.08,5052.89,5040.06,5045.82,15295.0
2026-03-13 18:00:00+00:00,5046.08,5061.85,5043.35,5056.23,13737.0
2026-03-13 18:30:00+00:00,5056.58,5063.74,5043.35,5046.31,12803.0
2026-03-13 19:00:00+00:00,5046.48,5051.58,5035.75,5041.59,13068.0
2026-03-13 19:30:00+00:00,5041.83,5049.25,5040.27,5046.31,9494.0
2026-03-13 20:00:00+00:00,5046.57,5049.64,5032.1,5034.78,10847.0
2026-03-13 20:30:00+00:00,5035.02,5036.69,5009.49,5016.45,14026.0
2026-03-13 21:00:00+00:00,5016.83,5021.26,5011.98,5013.76,7341.0
2026-03-13 21:30:00+00:00,5014.12,5025.25,5012.9,5019.59,6575.0
2026-03-15 23:00:00+00:00,5006.09,5030.32,4997.08,5013.13,9469.0
2026-03-15 23:30:00+00:00,5013.36,5025.82,5008.29,5024.87,8868.0
2026-03-16 00:00:00+00:00,5024.99,5026.08,4967.25,4989.39,15728.0
2026-03-16 00:30:00+00:00,4989.58,4998.6,4971.84,4997.41,15438.0
2026-03-16 01:00:00+00:00,4997.65,5028.61,4996.66,5016.64,13623.0
2026-03-16 01:30:00+00:00,5016.9,5030.79,5014.76,5025.57,10032.0
2026-03-16 02:00:00+00:00,5025.9,5026.4,4983.35,4987.9,24644.0
2026-03-16 02:30:00+00:00,4988.08,5016.33,4982.62,5015.88,15456.0
2026-03-16 03:00:00+00:00,5016.08,5018.72,5010.25,5012.87,10438.0
2026-03-16 03:30:00+00:00,5013.02,5014.47,4997.94,5003.43,11849.0
2026-03-16 04:00:00+00:00,5003.66,5011.5,4998.03,5011.09,9605.0
2026-03-16 04:30:00+00:00,5011.27,5020.59,5010.14,5019.07,6362.0
2026-03-16 05:00:00+00:00,5019.29,5026.1,5018.93,5021.32,5330.0
2026-03-16 05:30:00+00:00,5021.61,5024.64,5012.13,5012.63,4606.0
2026-03-16 06:00:00+00:00,5012.85,5015.65,5007.66,5010.71,5569.0
2026-03-16 06:30:00+00:00,5010.97,5019.88,5003.06,5017.2,8997.0
2026-03-16 07:00:00+00:00,5017.36,5036.03,5012.89,5027.58,9674.0
2026-03-16 07:30:00+00:00,5027.97,5029.42,5005.24,5012.01,10430.0
2026-03-16 08:00:00+00:00,5012.25,5016.21,4998.12,5002.21,10149.0
2026-03-16 08:30:00+00:00,5002.47,5007.17,4991.6,4995.37,10373.0
2026-03-16 09:00:00+00:00,4995.42,5003.32,4987.54,4996.73,13020.0
2026-03-16 09:30:00+00:00,4996.88,4998.33,4984.81,4990.92,10502.0
2026-03-16 10:00:00+00:00,4991.055,4991.2,4979.89,4988.84,11158.0
2026-03-16 10:30:00+00:00,4989.1,4991.53,4972.3,4975.18,11009.0
2026-03-16 11:00:00+00:00,4975.44,4990.91,4969.88,4986.6,10546.0
2026-03-16 11:30:00+00:00,4986.93,4999.28,4980.2,4998.57,9257.0
2026-03-16 12:00:00+00:00,4998.78,5022.42,4995.48,5018.99,8636.0
2026-03-16 12:30:00+00:00,5019.3,5019.87,4992.23,4996.86,9803.0
2026-03-16 13:00:00+00:00,4997.12,5024.64,4994.04,5022.69,11719.0
2026-03-16 13:30:00+00:00,5023.1,5025.56,5012.08,5019.71,10816.0
2026-03-16 14:00:00+00:00,5019.98,5030.12,5013.62,5021.14,12968.0
2026-03-16 14:30:00+00:00,5021.31,5034.62,5017.91,5029.6,18235.0
2026-03-16 15:00:00+00:00,5029.82,5037.91,5014.48,5014.64,15978.0
2026-03-16 15:30:00+00:00,5014.86,5014.87,4987.88,4995.89,17884.0
2026-03-16 16:00:00+00:00,4996.09,5005.53,4984.1,4991.71,14993.0
2026-03-16 16:30:00+00:00,4992.03,5003.09,4983.75,4986.84,11371.0
2026-03-16 17:00:00+00:00,4987.19,4998.68,4977.84,4979.68,11962.0
2026-03-16 17:30:00+00:00,4979.91,4992.72,4973.94,4990.4,12343.0
2026-03-16 18:00:00+00:00,4990.67,5003.74,4990.24,4995.85,11443.0
2026-03-16 18:30:00+00:00,4996.12,4996.41,4983.82,4991.14,10067.0
2026-03-16 19:00:00+00:00,4991.48,5007.86,4989.91,5006.29,9639.0
2026-03-16 19:30:00+00:00,5006.53,5017.7,5005.25,5012.56,8870.0
2026-03-16 20:00:00+00:00,5012.8,5020.04,5008.61,5010.2,10178.0
2026-03-16 20:30:00+00:00,5010.41,5015.92,5007.92,5012.8,8889.0
2026-03-16 21:00:00+00:00,5012.99,5021.48,5007.87,5013.99,4231.0
2026-03-16 21:30:00+00:00,5014.25,5014.02,5004.52,5006.23,4277.0
2026-03-16 23:00:00+00:00,5007.73,5016.07,4998.78,5001.59,5388.0
2026-03-16 23:30:00+00:00,5001.88,5005.92,4998.31,5002.1,4663.0
2026-03-17 00:00:00+00:00,5002.34,5009.74,5001.71,5009.27,3543.0
2026-03-17 00:30:00+00:00,5009.49,5015.41,5006.61,5012.75,5396.0
2026-03-17 01:00:00+00:00,5013.01,5013.94,5000.01,5003.31,7547.0
2026-03-17 01:30:00+00:00,5003.53,5006.82,4997.96,5002.88,7450.0
2026-03-17 02:00:00+00:00,5003.14,5014.43,4994.48,5013.33,12168.0
2026-03-17 02:30:00+00:00,5013.62,5027.85,5011.15,5027.72,9012.0
2026-03-17 03:00:00+00:00,5027.89,5029.54,5019.75,5025.19,6843.0
2026-03-17 03:30:00+00:00,5025.42,5029.24,5021.43,5022.53,6939.0
2026-03-17 04:00:00+00:00,5022.71,5032.62,5020.48,5032.39,5774.0
2026-03-17 04:30:00+00:00,5032.65,5033.37,5025.8,5027.44,5457.0
2026-03-17 05:00:00+00:00,5027.71,5032.6,5026.11,5032.38,4506.0
2026-03-17 05:30:00+00:00,5032.66,5041.8,5031.95,5037.78,6151.0
2026-03-17 06:00:00+00:00,5038.01,5044.34,5032.22,5035.25,6497.0
2026-03-17 06:30:00+00:00,5035.43,5039.21,5019.96,5020.61,9701.0
2026-03-17 07:00:00+00:00,5020.96,5022.68,5004.96,5011.67,13154.0
2026-03-17 07:30:00+00:00,5011.84,5016.93,5008.27,5009.83,7803.0
2026-03-17 08:00:00+00:00,5010.01,5018.56,5008.83,5015.78,7476.0
2026-03-17 08:30:00+00:00,5016.02,5027.8,5015.77,5021.04,7087.0
2026-03-17 09:00:00+00:00,5021.3,5029.44,5018.83,5021.0,9334.0
2026-03-17 09:30:00+00:00,5021.28,5025.26,5018.23,5024.56,7307.0
2026-03-17 10:00:00+00:00,5024.715,5025.71,5012.69,5017.55,9002.0
2026-03-17 10:30:00+00:00,5017.78,5018.09,5009.89,5010.43,6965.0
2026-03-17 11:00:00+00:00,5010.54,5016.25,5000.92,5003.52,9165.0
2026-03-17 11:30:00+00:00,5003.82,5009.27,4991.79,5000.08,9969.0
2026-03-17 12:00:00+00:00,5000.32,5009.97,4996.57,5006.85,7461.0
2026-03-17 12:30:00+00:00,5007.15,5011.38,5001.9,5003.13,6451.0
2026-03-17 13:00:00+00:00,5003.28,5020.29,4999.21,5019.88,8840.0
2026-03-17 13:30:00+00:00,5020.16,5023.69,5009.56,5011.47,9788.0
2026-03-17 14:00:00+00:00,5011.73,5019.39,5009.85,5012.57,11781.0
2026-03-17 14:30:00+00:00,5012.79,5031.38,5005.23,5016.46,18890.0
2026-03-17 15:00:00+00:00,5016.6,5020.49,5006.61,5008.13,16121.0
2026-03-17 15:30:00+00:00,5008.39,5019.36,5002.72,5007.46,13459.0
2026-03-17 16:00:00+00:00,5007.68,5017.36,4993.62,4994.66,14627.0
2026-03-17 16:30:00+00:00,4994.84,5000.36,4973.45,4997.66,17574.0
2026-03-17 17:00:00+00:00,4998.09,5005.32,4991.42,5003.99,13360.0
2026-03-17 17:30:00+00:00,5004.16,5005.68,4997.43,5001.87,10586.0
2026-03-17 18:00:00+00:00,5002.04,5008.52,5001.12,5002.55,10100.0
2026-03-17 18:30:00+00:00,5002.77,5006.33,4996.18,5002.33,7585.0
2026-03-17 19:00:00+00:00,5002.59,5008.91,5000.55,5003.71,7416.0
2026-03-17 19:30:00+00:00,5003.99,5008.25,4999.51,5003.58,6772.0
2026-03-17 20:00:00+00:00,5003.88,5005.42,4997.9,4999.66,6638.0
2026-03-17 20:30:00+00:00,4999.99,5003.54,4996.28,5000.11,8211.0
2026-03-17 21:00:00+00:00,5000.41,5006.35,4999.78,5003.68,2876.0
2026-03-17 21:30:00+00:00,5003.91,5005.7,5001.36,5005.45,5187.0
2026-03-17 23:00:00+00:00,5006.09,5006.79,4997.28,5001.73,1870.0
2026-03-17 23:30:00+00:00,5001.95,5003.3,4993.14,4999.65,2658.0
2026-03-18 00:00:00+00:00,4999.74,5002.71,4998.64,5000.0,2062.0
2026-03-18 00:30:00+00:00,5000.31,5003.53,4999.84,5002.89,1852.0
2026-03-18 01:00:00+00:00,5003.04,5012.2,5001.09,5002.65,4433.0
2026-03-18 01:30:00+00:00,5002.92,5007.98,5000.04,5004.06,4658.0
2026-03-18 02:00:00+00:00,5004.29,5015.98,4997.75,5007.83,8837.0
2026-03-18 02:30:00+00:00,5008.1,5009.29,4991.19,4998.47,10104.0
2026-03-18 03:00:00+00:00,4998.73,5006.96,4996.36,5002.25,6734.0
2026-03-18 03:30:00+00:00,5002.48,5004.0,4990.37,4991.76,7521.0
2026-03-18 04:00:00+00:00,4991.98,4996.81,4986.13,4996.12,7509.0
2026-03-18 04:30:00+00:00,4996.38,4997.53,4989.56,4991.11,4618.0
2026-03-18 05:00:00+00:00,4991.37,4993.33,4989.48,4990.5,3751.0
2026-03-18 05:30:00+00:00,4990.73,4990.85,4981.6,4986.99,5277.0
2026-03-18 06:00:00+00:00,4987.22,4992.77,4984.59,4990.69,5169.0
2026-03-18 06:30:00+00:00,4991.0,5002.48,4987.4,4997.44,8327.0
2026-03-18 07:00:00+00:00,4997.67,5010.86,4996.17,5008.61,7656.0
2026-03-18 07:30:00+00:00,5008.9,5016.22,5008.33,5009.27,6813.0
2026-03-18 08:00:00+00:00,5009.53,5014.75,5006.07,5008.88,5360.0
2026-03-18 08:30:00+00:00,5009.21,5009.48,4990.23,4994.84,7168.0
2026-03-18 09:00:00+00:00,4995.1,4996.8,4983.38,4988.9,8457.0
2026-03-18 09:30:00+00:00,4989.17,4991.89,4977.25,4987.45,7955.0
2026-03-18 10:00:00+00:00,4987.62,4994.26,4984.76,4992.21,6306.0
2026-03-18 10:30:00+00:00,4992.43,4995.54,4990.66,4991.98,5008.0
2026-03-18 11:00:00+00:00,4992.24,4991.99,4980.7,4982.31,5810.0
2026-03-18 11:30:00+00:00,4982.54,4987.19,4958.96,4967.73,12311.0
2026-03-18 12:00:00+00:00,4967.96,4973.79,4946.23,4948.31,13758.0
2026-03-18 12:30:00+00:00,4948.52,4961.86,4924.73,4930.0,18795.0
2026-03-18 13:00:00+00:00,4930.28,4932.28,4895.37,4901.07,23834.0
2026-03-18 13:30:00+00:00,4901.4,4901.81,4870.5,4881.33,25554.0
2026-03-18 14:00:00+00:00,4881.49,4881.24,4834.06,4861.15,29391.0
2026-03-18 14:30:00+00:00,4861.47,4885.37,4850.04,4878.14,30105.0
2026-03-18 15:00:00+00:00,4878.12,4894.44,4859.23,4860.62,22106.0
2026-03-18 15:30:00+00:00,4860.89,4872.41,4856.32,4869.41,16750.0
2026-03-18 16:00:00+00:00,4869.67,4879.95,4865.57,4871.93,15054.0
2026-03-18 16:30:00+00:00,4872.07,4875.27,4860.94,4862.32,11973.0
2026-03-18 17:00:00+00:00,4862.56,4882.92,4860.74,4882.2,11646.0
2026-03-18 17:30:00+00:00,4882.44,4890.17,4873.08,4886.71,12877.0
2026-03-18 18:00:00+00:00,4886.98,4897.89,4883.69,4890.87,11951.0
2026-03-18 18:30:00+00:00,4891.18,4898.84,4887.05,4890.34,10487.0
2026-03-18 19:00:00+00:00,4890.83,4899.26,4876.76,4885.59,18172.0
2026-03-18 19:30:00+00:00,4885.81,4887.91,4852.26,4852.89,21022.0
2026-03-18 20:00:00+00:00,4853.12,4865.05,4843.28,4848.71,17871.0
2026-03-18 20:30:00+00:00,4849.01,4860.03,4838.08,4842.95,15743.0
2026-03-18 21:00:00+00:00,4843.08,4848.45,4808.75,4811.04,12656.0
2026-03-18 21:30:00+00:00,4811.27,4826.77,4806.58,4818.58,9668.0
2026-03-18 23:00:00+00:00,4824.58,4837.58,4804.9,4815.54,10695.0
2026-03-18 23:30:00+00:00,4815.85,4838.92,4808.83,4834.48,10364.0
2026-03-19 00:00:00+00:00,4834.75,4840.66,4828.09,4836.83,7950.0
2026-03-19 00:30:00+00:00,4837.07,4842.41,4829.93,4836.59,7847.0
2026-03-19 01:00:00+00:00,4836.89,4848.16,4835.27,4842.06,8439.0
2026-03-19 01:30:00+00:00,4842.32,4848.53,4837.53,4841.05,9335.0
2026-03-19 02:00:00+00:00,4841.25,4853.13,4832.65,4845.28,16105.0
2026-03-19 02:30:00+00:00,4845.55,4866.95,4842.72,4849.86,12415.0
2026-03-19 03:00:00+00:00,4850.14,4857.99,4841.45,4857.02,9562.0
2026-03-19 03:30:00+00:00,4857.24,4861.91,4853.51,4858.54,9809.0
2026-03-19 04:00:00+00:00,4858.8,4865.86,4855.01,4859.88,7858.0
2026-03-19 04:30:00+00:00,4860.23,4860.17,4850.72,4850.73,5865.0
2026-03-19 05:00:00+00:00,4850.92,4853.55,4847.2,4850.25,5214.0
2026-03-19 05:30:00+00:00,4850.48,4852.55,4845.66,4849.72,5060.0
2026-03-19 06:00:00+00:00,4849.96,4853.72,4846.41,4846.58,6331.0
2026-03-19 06:30:00+00:00,4846.88,4846.63,4827.02,4827.38,12624.0
2026-03-19 07:00:00+00:00,4827.55,4841.96,4813.34,4813.6,14310.0
2026-03-19 07:30:00+00:00,4813.91,4819.71,4747.54,4763.7,29447.0
2026-03-19 08:00:00+00:00,4763.98,4783.98,4756.9,4770.6,19032.0
2026-03-19 08:30:00+00:00,4770.83,4771.41,4727.23,4727.7,17381.0
2026-03-19 09:00:00+00:00,4728.04,4740.31,4701.35,4718.36,26551.0
2026-03-19 09:30:00+00:00,4718.79,4722.06,4686.62,4709.08,25968.0
2026-03-19 10:00:00+00:00,4709.26,4722.29,4687.68,4708.79,24671.0
2026-03-19 10:30:00+00:00,4709.06,4725.7,4695.99,4698.66,22110.0
2026-03-19 11:00:00+00:00,4698.81,4719.83,4670.94,4683.52,18080.0
2026-03-19 11:30:00+00:00,4683.63,4700.31,4666.34,4678.77,19411.0
2026-03-19 12:00:00+00:00,4679.09,4699.49,4676.21,4686.1,17878.0
2026-03-19 12:30:00+00:00,4686.3,4695.33,4650.65,4651.78,18710.0
2026-03-19 13:00:00+00:00,4651.98,4653.78,4602.78,4606.91,26570.0
2026-03-19 13:30:00+00:00,4607.13,4617.52,4531.44,4574.21,34575.0
2026-03-19 14:00:00+00:00,4574.38,4580.87,4502.38,4576.27,47540.0
2026-03-19 14:30:00+00:00,4576.58,4621.47,4538.44,4621.01,50578.0
2026-03-19 15:00:00+00:00,4621.14,4649.08,4584.13,4584.87,41910.0
2026-03-19 15:30:00+00:00,4585.05,4627.59,4580.95,4601.48,31348.0
2026-03-19 16:00:00+00:00,4601.78,4638.9,4593.22,4602.85,26507.0
2026-03-19 16:30:00+00:00,4603.23,4611.25,4566.09,4596.34,27554.0
2026-03-19 17:00:00+00:00,4596.46,4626.47,4592.85,4599.29,25033.0
2026-03-19 17:30:00+00:00,4599.63,4608.33,4576.64,4584.63,22395.0
2026-03-19 18:00:00+00:00,4584.93,4613.55,4573.83,4603.37,20788.0
2026-03-19 18:30:00+00:00,4603.77,4629.63,4599.54,4615.82,18609.0
2026-03-19 19:00:00+00:00,4616.13,4618.83,4600.85,4609.18,16694.0
2026-03-19 19:30:00+00:00,4609.33,4622.87,4595.99,4622.85,13319.0
2026-03-19 20:00:00+00:00,4623.11,4663.13,4622.7,4643.98,31137.0
2026-03-19 20:30:00+00:00,4644.35,4649.78,4631.68,4643.62,19530.0
2026-03-19 21:00:00+00:00,4643.97,4660.72,4642.61,4657.14,9268.0
2026-03-19 21:30:00+00:00,4657.7,4661.75,4651.56,4653.81,6215.0
2026-03-19 23:00:00+00:00,4651.21,4676.89,4650.31,4666.23,7265.0
2026-03-19 23:30:00+00:00,4666.44,4666.19,4636.09,4636.29,8725.0
2026-03-20 00:00:00+00:00,4636.55,4647.61,4636.28,4643.8,6974.0
2026-03-20 00:30:00+00:00,4644.13,4647.71,4634.02,4643.49,7137.0
2026-03-20 01:00:00+00:00,4643.73,4664.9,4642.17,4649.26,10191.0
2026-03-20 01:30:00+00:00,4649.5,4660.35,4644.64,4648.64,8275.0
2026-03-20 02:00:00+00:00,4648.8,4680.15,4639.19,4661.84,20262.0
2026-03-20 02:30:00+00:00,4662.08,4699.06,4661.06,4677.22,16003.0
2026-03-20 03:00:00+00:00,4677.53,4690.0,4670.04,4683.54,10771.0
2026-03-20 03:30:00+00:00,4683.82,4703.44,4679.01,4698.22,12123.0
2026-03-20 04:00:00+00:00,4698.41,4735.75,4693.0,4733.5,14182.0
2026-03-20 04:30:00+00:00,4733.78,4735.81,4721.45,4725.5,8553.0
2026-03-20 05:00:00+00:00,4725.76,4727.41,4716.65,4723.31,6597.0
2026-03-20 05:30:00+00:00,4723.53,4726.7,4715.13,4721.43,5799.0
2026-03-20 06:00:00+00:00,4721.67,4723.62,4710.46,4719.65,8005.0
2026-03-20 06:30:00+00:00,4719.89,4720.23,4685.74,4688.35,15629.0
2026-03-20 07:00:00+00:00,4688.58,4701.05,4679.8,4687.83,14554.0
2026-03-20 07:30:00+00:00,4688.09,4689.5,4661.3,4669.18,15056.0
2026-03-20 08:00:00+00:00,4669.42,4688.58,4667.83,4688.21,10627.0
2026-03-20 08:30:00+00:00,4688.38,4707.73,4685.16,4706.17,8047.0
2026-03-20 09:00:00+00:00,4706.49,4734.73,4701.93,4722.66,11327.0
2026-03-20 09:30:00+00:00,4722.9,4722.83,4684.52,4693.46,13886.0
2026-03-20 10:00:00+00:00,4693.64,4700.21,4684.0,4691.72,10240.0
2026-03-20 10:30:00+00:00,4692.04,4692.22,4659.84,4667.46,12670.0
2026-03-20 11:00:00+00:00,4667.78,4669.89,4645.8,4657.97,14750.0
2026-03-20 11:30:00+00:00,4658.15,4669.58,4638.06,4645.25,13742.0
2026-03-20 12:00:00+00:00,4645.44,4668.39,4637.0,4665.12,14108.0
2026-03-20 12:30:00+00:00,4665.38,4674.08,4657.44,4671.48,11733.0
2026-03-20 13:00:00+00:00,4671.8,4695.28,4671.55,4678.04,16763.0
2026-03-20 13:30:00+00:00,4678.3,4682.08,4661.84,4678.22,16627.0
2026-03-20 14:00:00+00:00,4678.44,4679.52,4653.52,4659.98,22277.0
2026-03-20 14:30:00+00:00,4660.16,4665.8,4612.47,4616.21,39187.0
2026-03-20 15:00:00+00:00,4616.36,4622.41,4551.23,4558.13,38490.0
2026-03-20 15:30:00+00:00,4558.32,4585.19,4547.79,4563.75,32645.0
2026-03-20 16:00:00+00:00,4563.94,4579.82,4540.38,4562.65,30509.0
2026-03-20 16:30:00+00:00,4563.015,4575.52,4544.09,4553.21,25574.0
2026-03-20 17:00:00+00:00,4553.29,4613.69,4551.77,4584.58,22816.0
2026-03-20 17:30:00+00:00,4584.91,4592.47,4567.47,4583.13,20649.0
2026-03-20 18:00:00+00:00,4583.26,4600.57,4568.43,4571.9,24744.0
2026-03-20 18:30:00+00:00,4572.24,4576.96,4554.25,4573.2,18766.0
2026-03-20 19:00:00+00:00,4573.53,4578.21,4536.21,4554.27,21262.0
2026-03-20 19:30:00+00:00,4554.57,4556.98,4477.14,4499.55,25607.0
2026-03-20 20:00:00+00:00,4499.82,4516.14,4485.43,4498.37,27793.0
2026-03-20 20:30:00+00:00,4498.54,4516.6,4491.96,4501.42,24104.0
2026-03-20 21:00:00+00:00,4501.65,4514.3,4493.2,4501.23,12081.0
2026-03-20 21:30:00+00:00,4501.59,4504.4,4492.71,4494.16,9375.0
2026-03-22 23:00:00+00:00,4470.139999999999,4536.2,4448.42,4524.34,14266.0
2026-03-22 23:30:00+00:00,4524.62,4526.5,4490.0,4497.97,12538.0
2026-03-23 00:00:00+00:00,4498.34,4510.53,4482.35,4485.23,16960.0
2026-03-23 00:30:00+00:00,4485.45,4493.49,4452.36,4464.75,19041.0
2026-03-23 01:00:00+00:00,4465.01,4473.19,4404.33,4427.05,28934.0
2026-03-23 01:30:00+00:00,4427.39,4436.55,4319.92,4354.11,37728.0
2026-03-23 02:00:00+00:00,4354.34,4443.72,4329.92,4422.1,42100.0
2026-03-23 02:30:00+00:00,4422.21,4453.92,4380.99,4387.48,31973.0
2026-03-23 03:00:00+00:00,4387.91,4421.9,4382.93,4399.08,25778.0
2026-03-23 03:30:00+00:00,4399.31,4400.61,4354.71,4360.34,27921.0
2026-03-23 04:00:00+00:00,4360.66,4377.85,4347.05,4351.03,21840.0
2026-03-23 04:30:00+00:00,4351.29,4364.46,4334.87,4352.75,16490.0
2026-03-23 05:00:00+00:00,4353.03,4370.58,4352.78,4368.42,13151.0
2026-03-23 05:30:00+00:00,4368.66,4381.55,4350.09,4367.32,14050.0
2026-03-23 06:00:00+00:00,4367.58,4379.86,4351.58,4356.0,13853.0
2026-03-23 06:30:00+00:00,4356.23,4356.04,4302.17,4310.17,28988.0
2026-03-23 07:00:00+00:00,4310.39,4310.23,4238.82,4243.48,30923.0
2026-03-23 07:30:00+00:00,4243.77,4249.75,4162.83,4220.08,50756.0
2026-03-23 08:00:00+00:00,4220.31,4222.05,4098.04,4135.64,49565.0
2026-03-23 08:30:00+00:00,4135.95,4232.43,4129.34,4204.0,40856.0
2026-03-23 09:00:00+00:00,4204.16,4256.01,4202.42,4226.72,39105.0
2026-03-23 09:30:00+00:00,4226.73,4270.69,4219.41,4251.23,30418.0
2026-03-23 10:00:00+00:00,4251.55,4303.84,4245.73,4303.77,28241.0
2026-03-23 10:30:00+00:00,4304.05,4308.21,4223.52,4253.64,31941.0
2026-03-23 11:00:00+00:00,4253.92,4274.64,4243.62,4268.71,23609.0
2026-03-23 11:30:00+00:00,4269.18,4281.84,4240.91,4268.86,25719.0
2026-03-23 12:00:00+00:00,4269.19,4463.27,4268.94,4399.55,50770.0
2026-03-23 12:30:00+00:00,4399.88,4432.1,4361.35,4378.76,35624.0
2026-03-23 13:00:00+00:00,4379.06,4405.04,4336.8,4389.75,44100.0
2026-03-23 13:30:00+00:00,4390.06,4492.38,4373.55,4478.44,47947.0
2026-03-23 14:00:00+00:00,4478.77,4485.43,4404.72,4409.5,40864.0
2026-03-23 14:30:00+00:00,4409.73,4466.86,4401.33,4454.31,58497.0
2026-03-23 15:00:00+00:00,4454.63,4512.6,4453.36,4486.21,45091.0
2026-03-23 15:30:00+00:00,4486.37,4504.22,4456.66,4461.52,41742.0
2026-03-23 16:00:00+00:00,4461.83,4486.77,4427.69,4447.31,39048.0
2026-03-23 16:30:00+00:00,4447.46,4455.74,4350.79,4363.62,42086.0
2026-03-23 17:00:00+00:00,4363.79,4389.98,4352.35,4354.75,42423.0
2026-03-23 17:30:00+00:00,4355.26,4391.39,4353.44,4375.21,33930.0
2026-03-23 18:00:00+00:00,4375.56,4413.66,4370.56,4405.03,27587.0
2026-03-23 18:30:00+00:00,4405.37,4438.91,4403.98,4426.11,22038.0
2026-03-23 19:00:00+00:00,4426.44,4430.73,4401.99,4425.8,23295.0
2026-03-23 19:30:00+00:00,4426.0,4466.82,4425.48,4448.87,20179.0
2026-03-23 20:00:00+00:00,4449.01,4450.39,4392.83,4410.49,21669.0
2026-03-23 20:30:00+00:00,4410.64,4427.53,4397.13,4397.46,19815.0
2026-03-23 21:00:00+00:00,4398.105,4412.97,4382.89,4407.07,10615.0
2026-03-23 21:30:00+00:00,4407.34,4412.77,4395.96,4406.53,6104.0
2026-03-23 23:00:00+00:00,4414.09,4420.63,4360.81,4414.4,10426.0
2026-03-23 23:30:00+00:00,4414.53,4431.36,4398.34,4426.77,10844.0
2026-03-24 00:00:00+00:00,4426.95,4448.27,4423.44,4441.85,9770.0
2026-03-24 00:30:00+00:00,4442.09,4445.91,4421.67,4440.86,10969.0
2026-03-24 01:00:00+00:00,4441.0,4446.46,4368.77,4378.15,20443.0
2026-03-24 01:30:00+00:00,4378.48,4387.23,4331.25,4364.26,27040.0
2026-03-24 02:00:00+00:00,4364.49,4374.03,4328.31,4354.77,36529.0
2026-03-24 02:30:00+00:00,4354.94,4368.05,4307.91,4322.19,28426.0
2026-03-24 03:00:00+00:00,4322.48,4353.54,4305.45,4351.78,25224.0
2026-03-24 03:30:00+00:00,4352.0,4379.21,4344.54,4366.02,24333.0
2026-03-24 04:00:00+00:00,4366.3,4368.26,4350.06,4364.53,17165.0
2026-03-24 04:30:00+00:00,4364.59,4364.97,4334.94,4347.13,14587.0
2026-03-24 05:00:00+00:00,4347.33,4356.96,4326.56,4339.31,13408.0
2026-03-24 05:30:00+00:00,4339.48,4349.34,4332.1,4333.35,10660.0
2026-03-24 06:00:00+00:00,4333.56,4346.81,4319.6,4334.92,16630.0
2026-03-24 06:30:00+00:00,4335.2,4373.96,4321.06,4347.23,25482.0
2026-03-24 07:00:00+00:00,4347.44,4396.72,4343.06,4386.43,20113.0
2026-03-24 07:30:00+00:00,4386.59,4404.84,4373.04,4401.89,22095.0
2026-03-24 08:00:00+00:00,4402.05,4425.49,4399.29,4412.36,20531.0
2026-03-24 08:30:00+00:00,4412.54,4432.64,4399.66,4417.11,19172.0
2026-03-24 09:00:00+00:00,4417.32,4420.74,4390.89,4396.27,23173.0
2026-03-24 09:30:00+00:00,4396.345,4414.39,4391.46,4411.94,17403.0
2026-03-24 10:00:00+00:00,4412.335,4419.01,4395.78,4407.05,15644.0
2026-03-24 10:30:00+00:00,4407.21,4430.74,4404.85,4426.29,12980.0
2026-03-24 11:00:00+00:00,4426.68,4432.59,4415.0,4422.0,13125.0
2026-03-24 11:30:00+00:00,4422.12,4441.66,4414.5,4438.6,13235.0
2026-03-24 12:00:00+00:00,4438.89,4441.9,4374.6,4412.97,25707.0
2026-03-24 12:30:00+00:00,4413.12,4431.43,4390.34,4407.72,19443.0
2026-03-24 13:00:00+00:00,4408.04,4427.3,4395.78,4402.25,20844.0
2026-03-24 13:30:00+00:00,4402.42,4406.31,4362.07,4378.95,25094.0
2026-03-24 14:00:00+00:00,4379.23,4389.9,4356.5,4356.6,29525.0
2026-03-24 14:30:00+00:00,4356.74,4383.52,4350.98,4381.38,38859.0
2026-03-24 15:00:00+00:00,4381.53,4414.91,4380.47,4408.89,28356.0
2026-03-24 15:30:00+00:00,4409.17,4433.86,4400.29,4415.87,31253.0
2026-03-24 16:00:00+00:00,4416.05,4420.61,4396.22,4412.75,27971.0
2026-03-24 16:30:00+00:00,4412.99,4430.78,4409.13,4411.42,19664.0
2026-03-24 17:00:00+00:00,4411.8,4425.51,4402.32,4420.98,17926.0
2026-03-24 17:30:00+00:00,4421.26,4427.5,4408.56,4421.11,16151.0
2026-03-24 18:00:00+00:00,4421.37,4426.22,4388.06,4399.75,51542.0
2026-03-24 18:30:00+00:00,4399.9,4399.65,4372.17,4388.39,47102.0
2026-03-24 19:00:00+00:00,4388.61,4409.87,4383.73,4407.13,17662.0
2026-03-24 19:30:00+00:00,4407.42,4423.43,4383.98,4389.3,17713.0
2026-03-24 20:00:00+00:00,4389.39,4411.18,4388.23,4407.28,11772.0
2026-03-24 20:30:00+00:00,4407.64,4407.39,4394.82,4400.2,12838.0
2026-03-24 21:00:00+00:00,4400.49,4483.95,4397.2,4455.46,16082.0
2026-03-24 21:30:00+00:00,4455.7,4481.63,4447.08,4474.27,22629.0
2026-03-24 23:00:00+00:00,4472.200000000001,4485.99,4467.86,4470.05,8314.0
2026-03-24 23:30:00+00:00,4470.31,4484.5,4455.72,4484.38,10558.0
2026-03-25 00:00:00+00:00,4484.54,4509.96,4472.25,4509.87,11414.0
2026-03-25 00:30:00+00:00,4510.13,4551.44,4504.22,4546.53,16212.0
2026-03-25 01:00:00+00:00,4546.7,4556.83,4537.27,4553.34,17654.0
2026-03-25 01:30:00+00:00,4553.625,4571.82,4546.47,4563.08,12316.0
2026-03-25 02:00:00+00:00,4563.32,4578.76,4552.1,4575.52,18065.0
2026-03-25 02:30:00+00:00,4575.74,4601.0,4574.23,4594.77,12978.0
2026-03-25 03:00:00+00:00,4595.0,4596.1,4579.83,4587.0,11851.0
2026-03-25 03:30:00+00:00,4587.24,4602.43,4581.34,4583.66,11284.0
2026-03-25 04:00:00+00:00,4583.9,4586.25,4571.94,4575.38,10862.0
2026-03-25 04:30:00+00:00,4575.6,4577.93,4567.67,4570.16,7584.0
2026-03-25 05:00:00+00:00,4570.34,4574.46,4565.58,4574.15,6117.0
2026-03-25 05:30:00+00:00,4574.42,4574.38,4566.1,4572.88,5388.0
2026-03-25 06:00:00+00:00,4573.1,4573.42,4553.9,4554.55,7921.0
2026-03-25 06:30:00+00:00,4554.92,4566.75,4549.42,4555.58,13012.0
2026-03-25 07:00:00+00:00,4555.79,4556.75,4533.21,4550.26,12519.0
2026-03-25 07:30:00+00:00,4550.54,4556.64,4542.96,4545.27,9635.0
2026-03-25 08:00:00+00:00,4545.51,4563.13,4544.67,4560.99,9239.0
2026-03-25 08:30:00+00:00,4561.29,4561.04,4536.9,4539.28,11331.0
2026-03-25 09:00:00+00:00,4539.65,4567.64,4535.68,4565.36,14433.0
2026-03-25 09:30:00+00:00,4565.5,4567.41,4553.07,4555.93,14209.0
2026-03-25 10:00:00+00:00,4556.16,4567.49,4554.04,4558.32,11200.0
2026-03-25 10:30:00+00:00,4558.36,4560.28,4527.65,4551.77,14414.0
2026-03-25 11:00:00+00:00,4552.0,4560.84,4551.15,4555.18,11187.0
2026-03-25 11:30:00+00:00,4555.395,4562.32,4551.01,4558.74,9784.0
2026-03-25 12:00:00+00:00,4558.96,4582.68,4556.02,4579.72,9520.0
2026-03-25 12:30:00+00:00,4580.03,4585.57,4572.39,4578.67,12500.0
2026-03-25 13:00:00+00:00,4579.02,4583.63,4540.06,4544.64,19917.0
2026-03-25 13:30:00+00:00,4544.65,4554.48,4521.85,4543.75,19793.0
2026-03-25 14:00:00+00:00,4544.08,4570.98,4541.06,4568.95,37956.0
2026-03-25 14:30:00+00:00,4569.26,4576.25,4540.73,4544.71,28699.0
2026-03-25 15:00:00+00:00,4545.06,4562.51,4533.02,4562.51,25478.0
2026-03-25 15:30:00+00:00,4562.77,4579.18,4557.25,4566.98,17541.0
2026-03-25 16:00:00+00:00,4567.24,4569.0,4524.82,4560.52,21881.0
2026-03-25 16:30:00+00:00,4560.78,4565.71,4553.51,4558.82,15389.0
2026-03-25 17:00:00+00:00,4559.08,4564.81,4545.03,4555.35,18080.0
2026-03-25 17:30:00+00:00,4555.51,4560.7,4549.57,4555.17,13467.0
2026-03-25 18:00:00+00:00,4555.28,4558.18,4542.54,4553.31,13391.0
2026-03-25 18:30:00+00:00,4553.54,4563.8,4545.48,4550.56,12300.0
2026-03-25 19:00:00+00:00,4550.73,4568.93,4545.15,4551.87,15449.0
2026-03-25 19:30:00+00:00,4552.09,4557.69,4530.61,4538.07,12028.0
2026-03-25 20:00:00+00:00,4538.44,4539.4,4486.93,4512.8,19881.0
2026-03-25 20:30:00+00:00,4512.95,4533.53,4505.85,4530.72,13619.0
2026-03-25 21:00:00+00:00,4530.89,4541.88,4522.23,4523.33,8285.0
2026-03-25 21:30:00+00:00,4523.675,4524.77,4494.68,4506.56,8786.0
2026-03-25 23:00:00+00:00,4510.9400000000005,4532.19,4505.66,4511.71,6219.0
2026-03-25 23:30:00+00:00,4511.94,4534.66,4508.2,4517.51,8384.0
2026-03-26 00:00:00+00:00,4517.8,4518.48,4497.12,4505.44,9837.0
2026-03-26 00:30:00+00:00,4505.66,4511.13,4488.89,4498.22,9327.0
2026-03-26 01:00:00+00:00,4498.44,4535.44,4498.17,4525.4,13676.0
2026-03-26 01:30:00+00:00,4525.66,4539.09,4524.65,4535.51,10681.0
2026-03-26 02:00:00+00:00,4535.6,4544.14,4526.65,4534.27,16816.0
2026-03-26 02:30:00+00:00,4534.5,4537.73,4522.3,4535.46,12650.0
2026-03-26 03:00:00+00:00,4535.67,4535.67,4524.84,4528.14,10494.0
2026-03-26 03:30:00+00:00,4528.18,4530.46,4505.62,4508.77,12038.0
2026-03-26 04:00:00+00:00,4508.95,4513.55,4499.84,4506.59,11462.0
2026-03-26 04:30:00+00:00,4506.8,4518.66,4506.38,4516.64,7459.0
2026-03-26 05:00:00+00:00,4516.96,4521.97,4511.52,4520.72,6105.0
2026-03-26 05:30:00+00:00,4521.06,4524.15,4516.49,4520.37,5825.0
2026-03-26 06:00:00+00:00,4520.69,4522.14,4489.04,4493.37,9470.0
2026-03-26 06:30:00+00:00,4493.61,4495.48,4438.94,4438.99,20384.0
2026-03-26 07:00:00+00:00,4439.31,4450.55,4415.77,4440.19,24212.0
2026-03-26 07:30:00+00:00,4440.31,4459.29,4430.48,4456.36,15554.0
2026-03-26 08:00:00+00:00,4456.53,4460.44,4438.71,4448.18,14972.0
2026-03-26 08:30:00+00:00,4448.39,4463.61,4447.59,4452.46,13574.0
2026-03-26 09:00:00+00:00,4452.61,4459.13,4425.35,4428.39,19797.0
2026-03-26 09:30:00+00:00,4428.6,4439.88,4412.71,4427.6,19528.0
2026-03-26 10:00:00+00:00,4427.75,4436.84,4418.15,4432.09,15648.0
2026-03-26 10:30:00+00:00,4432.21,4431.96,4414.41,4423.52,15389.0
2026-03-26 11:00:00+00:00,4423.8,4447.89,4416.98,4441.8,12501.0
2026-03-26 11:30:00+00:00,4441.9,4447.3,4423.43,4443.47,14544.0
2026-03-26 12:00:00+00:00,4443.78,4456.48,4439.42,4443.18,12352.0
2026-03-26 12:30:00+00:00,4443.44,4451.85,4419.0,4423.03,14089.0
2026-03-26 13:00:00+00:00,4423.47,4445.59,4416.39,4438.22,15842.0
2026-03-26 13:30:00+00:00,4438.67,4444.87,4428.17,4429.14,16027.0
2026-03-26 14:00:00+00:00,4429.31,4453.73,4420.02,4447.97,19447.0
2026-03-26 14:30:00+00:00,4448.065,4460.48,4429.04,4452.53,29278.0
2026-03-26 15:00:00+00:00,4452.98,4469.45,4437.07,4459.02,24199.0
2026-03-26 15:30:00+00:00,4459.29,4479.41,4445.57,4464.91,27422.0
2026-03-26 16:00:00+00:00,4465.21,4469.05,4448.64,4454.27,20129.0
2026-03-26 16:30:00+00:00,4454.42,4454.17,4433.79,4438.14,19924.0
2026-03-26 17:00:00+00:00,4438.28,4442.5,4386.67,4396.27,21559.0
2026-03-26 17:30:00+00:00,4396.53,4396.28,4366.78,4389.15,28288.0
2026-03-26 18:00:00+00:00,4389.33,4402.43,4377.23,4383.08,21909.0
2026-03-26 18:30:00+00:00,4383.46,4392.89,4377.46,4381.31,16553.0
2026-03-26 19:00:00+00:00,4381.54,4390.69,4367.56,4374.0,16195.0
2026-03-26 19:30:00+00:00,4374.3,4397.69,4373.22,4394.39,13238.0
2026-03-26 20:00:00+00:00,4394.63,4399.17,4378.31,4380.64,13007.0
2026-03-26 20:30:00+00:00,4380.97,4388.25,4359.16,4363.85,15961.0
2026-03-26 21:00:00+00:00,4364.16,4416.01,4350.91,4404.44,28918.0
2026-03-26 21:30:00+00:00,4404.63,4420.6,4372.69,4378.39,19377.0
2026-03-26 23:00:00+00:00,4377.76,4408.26,4366.31,4398.35,6301.0
2026-03-26 23:30:00+00:00,4398.64,4415.2,4395.04,4411.36,3784.0
2026-03-27 00:00:00+00:00,4411.54,4414.25,4390.05,4399.31,5242.0
2026-03-27 00:30:00+00:00,4399.58,4408.17,4396.09,4405.05,7152.0
2026-03-27 01:00:00+00:00,4405.33,4410.96,4382.66,4391.08,9266.0
2026-03-27 01:30:00+00:00,4391.34,4396.3,4375.22,4378.3,11850.0
2026-03-27 02:00:00+00:00,4378.56,4406.3,4376.98,4406.21,15037.0
2026-03-27 02:30:00+00:00,4406.49,4420.44,4403.5,4417.34,11539.0
2026-03-27 03:00:00+00:00,4417.71,4439.46,4417.13,4430.79,11162.0
2026-03-27 03:30:00+00:00,4431.14,4440.4,4424.7,4431.81,11613.0
2026-03-27 04:00:00+00:00,4432.08,4436.81,4420.96,4435.07,10622.0
2026-03-27 04:30:00+00:00,4435.19,4445.95,4430.78,4437.35,8325.0
2026-03-27 05:00:00+00:00,4437.72,4439.77,4431.37,4433.99,5723.0
2026-03-27 05:30:00+00:00,4434.22,4449.32,4433.9,4445.68,5463.0
2026-03-27 06:00:00+00:00,4445.89,4447.59,4440.2,4443.11,7362.0
2026-03-27 06:30:00+00:00,4443.32,4475.17,4442.4,4454.31,15149.0
2026-03-27 07:00:00+00:00,4454.58,4472.93,4451.66,4463.24,12762.0
2026-03-27 07:30:00+00:00,4463.47,4468.35,4454.38,4459.23,10060.0
2026-03-27 08:00:00+00:00,4459.545,4462.8,4447.5,4452.08,10834.0
2026-03-27 08:30:00+00:00,4452.32,4455.92,4442.77,4447.59,9261.0
2026-03-27 09:00:00+00:00,4447.75,4450.9,4430.65,4433.79,12238.0
2026-03-27 09:30:00+00:00,4434.03,4439.72,4423.67,4424.01,10849.0
2026-03-27 10:00:00+00:00,4424.34,4436.02,4420.63,4434.2,11420.0
2026-03-27 10:30:00+00:00,4434.62,4438.07,4426.99,4428.65,8957.0
2026-03-27 11:00:00+00:00,4428.89,4432.78,4423.65,4428.87,9297.0
2026-03-27 11:30:00+00:00,4429.13,4430.25,4410.77,4414.71,11228.0
2026-03-27 12:00:00+00:00,4415.07,4417.25,4404.19,4415.07,11936.0
2026-03-27 12:30:00+00:00,4415.46,4426.1,4413.51,4419.86,9998.0
2026-03-27 13:00:00+00:00,4420.19,4434.25,4412.46,4429.45,13090.0
2026-03-27 13:30:00+00:00,4429.68,4445.11,4424.61,4437.82,11964.0
2026-03-27 14:00:00+00:00,4438.06,4443.7,4418.5,4422.14,17336.0
2026-03-27 14:30:00+00:00,4422.4,4441.63,4413.54,4431.39,22662.0
2026-03-27 15:00:00+00:00,4431.56,4469.82,4430.69,4455.25,25036.0
2026-03-27 15:30:00+00:00,4455.46,4514.7,4451.71,4509.58,24353.0
2026-03-27 16:00:00+00:00,4509.95,4554.96,4501.71,4543.48,31917.0
2026-03-27 16:30:00+00:00,4543.83,4552.48,4520.5,4523.91,21478.0
2026-03-27 17:00:00+00:00,4524.23,4533.56,4517.95,4528.23,16444.0
2026-03-27 17:30:00+00:00,4528.51,4528.66,4505.42,4516.0,16233.0
2026-03-27 18:00:00+00:00,4516.32,4521.98,4486.6,4493.94,18298.0
2026-03-27 18:30:00+00:00,4493.93,4499.94,4486.13,4486.38,14801.0
2026-03-27 19:00:00+00:00,4486.7,4511.21,4486.4,4509.2,15544.0
2026-03-27 19:30:00+00:00,4509.36,4528.72,4508.53,4516.76,13246.0
2026-03-27 20:00:00+00:00,4516.93,4524.0,4507.18,4522.88,12486.0
2026-03-27 20:30:00+00:00,4523.16,4526.11,4500.58,4514.24,14134.0
2026-03-27 21:00:00+00:00,4514.59,4520.26,4504.02,4506.51,7954.0
2026-03-27 21:30:00+00:00,4506.7,4512.58,4490.9,4493.14,7167.0
2026-03-30 00:00:00+00:00,4493.299999999999,4513.54,4465.87,4509.03,11312.0
2026-03-30 00:30:00+00:00,4509.42,4512.96,4480.24,4484.91,8758.0
2026-03-30 01:00:00+00:00,4485.19,4492.87,4465.03,4472.2,9869.0
2026-03-30 01:30:00+00:00,4472.47,4472.22,4443.82,4448.66,14979.0
2026-03-30 02:00:00+00:00,4449.0,4466.59,4419.14,4449.04,24455.0
2026-03-30 02:30:00+00:00,4449.36,4458.92,4430.33,4432.09,17074.0
2026-03-30 03:00:00+00:00,4432.32,4466.26,4431.66,4448.33,25221.0
2026-03-30 03:30:00+00:00,4448.69,4475.52,4444.86,4469.25,17905.0
2026-03-30 04:00:00+00:00,4469.54,4474.23,4465.1,4472.59,12260.0
2026-03-30 04:30:00+00:00,4472.88,4499.19,4458.73,4480.94,16032.0
2026-03-30 05:00:00+00:00,4481.22,4517.24,4478.65,4506.86,14478.0
2026-03-30 05:30:00+00:00,4507.1,4507.49,4494.37,4495.82,8719.0
2026-03-30 06:00:00+00:00,4496.08,4498.5,4486.48,4490.41,8145.0
2026-03-30 06:30:00+00:00,4490.69,4498.47,4485.98,4496.61,6894.0
2026-03-30 07:00:00+00:00,4496.88,4515.66,4496.63,4505.2,9209.0
2026-03-30 07:30:00+00:00,4505.56,4528.34,4503.08,4522.26,13525.0
2026-03-30 08:00:00+00:00,4522.57,4535.21,4516.88,4528.35,14358.0
2026-03-30 08:30:00+00:00,4528.75,4550.55,4526.06,4532.26,12527.0
2026-03-30 09:00:00+00:00,4532.48,4534.76,4520.53,4522.56,12960.0
2026-03-30 09:30:00+00:00,4522.71,4527.89,4515.91,4527.24,12003.0
2026-03-30 10:00:00+00:00,4527.43,4536.94,4524.78,4528.71,11345.0
2026-03-30 10:30:00+00:00,4528.93,4540.4,4528.46,4538.17,8459.0
2026-03-30 11:00:00+00:00,4538.4,4540.66,4523.42,4527.5,11186.0
2026-03-30 11:30:00+00:00,4527.54,4538.39,4523.62,4532.54,9968.0
2026-03-30 12:00:00+00:00,4532.83,4539.93,4527.61,4531.2,8938.0
2026-03-30 12:30:00+00:00,4531.44,4535.43,4527.92,4532.18,8013.0
2026-03-30 13:00:00+00:00,4532.44,4547.82,4525.26,4543.49,16182.0
2026-03-30 13:30:00+00:00,4543.81,4580.68,4538.47,4559.4,18384.0
2026-03-30 14:00:00+00:00,4559.67,4568.08,4545.23,4565.96,14330.0
2026-03-30 14:30:00+00:00,4566.18,4578.03,4563.62,4569.29,13223.0
2026-03-30 15:00:00+00:00,4569.68,4578.55,4558.94,4567.29,17561.0
2026-03-30 15:30:00+00:00,4567.62,4573.61,4516.6,4523.09,32193.0
2026-03-30 16:00:00+00:00,4523.35,4535.69,4512.16,4518.75,24562.0
2026-03-30 16:30:00+00:00,4519.02,4541.28,4517.08,4538.51,24815.0
2026-03-30 17:00:00+00:00,4538.84,4543.31,4524.66,4531.35,18029.0
2026-03-30 17:30:00+00:00,4531.57,4556.64,4527.57,4548.14,15636.0
2026-03-30 18:00:00+00:00,4548.3,4549.53,4536.5,4536.63,13665.0
2026-03-30 18:30:00+00:00,4536.78,4548.67,4532.11,4539.61,11978.0
2026-03-30 19:00:00+00:00,4539.72,4542.03,4519.5,4527.49,14248.0
2026-03-30 19:30:00+00:00,4527.7,4528.4,4511.16,4514.88,14804.0
2026-03-30 20:00:00+00:00,4515.11,4523.02,4511.14,4513.67,12213.0
2026-03-30 20:30:00+00:00,4514.02,4519.36,4498.18,4498.79,11098.0
2026-03-30 21:00:00+00:00,4498.97,4504.82,4492.85,4501.56,17110.0
2026-03-30 21:30:00+00:00,4501.79,4518.23,4497.94,4513.29,13902.0
2026-03-30 22:00:00+00:00,4513.65,4516.36,4501.89,4505.84,6920.0
2026-03-30 22:30:00+00:00,4506.1,4511.19,4500.81,4510.87,4253.0
2026-03-31 00:00:00+00:00,4513.610000000001,4523.69,4501.72,4514.3,5463.0
2026-03-31 00:30:00+00:00,4514.85,4519.0,4507.95,4510.57,4470.0
2026-03-31 01:00:00+00:00,4510.72,4510.47,4492.27,4505.17,9046.0
2026-03-31 01:30:00+00:00,4505.41,4521.07,4503.55,4513.61,7535.0
2026-03-31 02:00:00+00:00,4513.85,4528.08,4482.7,4512.14,16637.0
2026-03-31 02:30:00+00:00,4512.48,4548.16,4506.39,4547.64,20743.0
2026-03-31 03:00:00+00:00,4547.92,4585.61,4531.91,4581.35,21260.0
2026-03-31 03:30:00+00:00,4581.69,4619.29,4577.51,4604.94,25851.0
2026-03-31 04:00:00+00:00,4605.21,4607.14,4578.54,4582.5,15610.0
2026-03-31 04:30:00+00:00,4582.68,4588.26,4565.68,4567.75,15574.0
2026-03-31 05:00:00+00:00,4567.97,4576.76,4555.69,4561.48,13179.0
2026-03-31 05:30:00+00:00,4561.77,4565.66,4550.1,4556.89,9102.0
2026-03-31 06:00:00+00:00,4557.22,4569.59,4556.93,4561.28,8320.0
2026-03-31 06:30:00+00:00,4561.51,4569.08,4559.98,4564.65,7869.0
2026-03-31 07:00:00+00:00,4564.85,4570.52,4547.68,4561.27,9842.0
2026-03-31 07:30:00+00:00,4561.44,4581.67,4558.63,4568.75,13645.0
2026-03-31 08:00:00+00:00,4569.09,4568.94,4553.16,4560.59,13754.0
2026-03-31 08:30:00+00:00,4560.78,4565.59,4554.08,4557.02,10685.0
2026-03-31 09:00:00+00:00,4557.23,4563.69,4543.02,4551.96,12372.0
2026-03-31 09:30:00+00:00,4552.14,4565.57,4551.77,4564.33,9921.0
2026-03-31 10:00:00+00:00,4564.57,4573.15,4560.27,4572.18,11942.0
2026-03-31 10:30:00+00:00,4572.42,4575.06,4566.91,4568.4,10145.0
2026-03-31 11:00:00+00:00,4568.63,4572.23,4561.09,4561.89,9708.0
2026-03-31 11:30:00+00:00,4562.2,4562.27,4550.09,4555.43,11685.0
2026-03-31 12:00:00+00:00,4555.63,4561.64,4555.0,4560.32,8700.0
2026-03-31 12:30:00+00:00,4560.56,4560.61,4529.46,4546.79,14323.0
2026-03-31 13:00:00+00:00,4547.14,4583.13,4540.8,4574.99,24612.0
2026-03-31 13:30:00+00:00,4575.26,4593.04,4568.64,4582.1,18604.0
2026-03-31 14:00:00+00:00,4582.43,4597.39,4571.18,4579.19,23710.0
2026-03-31 14:30:00+00:00,4579.52,4589.86,4569.13,4574.59,14873.0
2026-03-31 15:00:00+00:00,4574.97,4587.75,4567.69,4573.05,16316.0
2026-03-31 15:30:00+00:00,4573.23,4609.58,4568.22,4607.09,23365.0
2026-03-31 16:00:00+00:00,4607.35,4625.13,4602.79,4618.95,28288.0
2026-03-31 16:30:00+00:00,4619.24,4630.15,4594.7,4598.94,26009.0
2026-03-31 17:00:00+00:00,4599.29,4625.31,4598.98,4610.08,21628.0
2026-03-31 17:30:00+00:00,4610.3,4623.54,4607.0,4609.35,17395.0
2026-03-31 18:00:00+00:00,4609.56,4619.78,4606.88,4617.59,14623.0
2026-03-31 18:30:00+00:00,4617.87,4651.4,4614.96,4638.03,39139.0
2026-03-31 19:00:00+00:00,4638.25,4658.03,4636.15,4648.54,26779.0
2026-03-31 19:30:00+00:00,4648.7,4667.18,4645.25,4654.42,23590.0
2026-03-31 20:00:00+00:00,4654.56,4668.79,4653.41,4664.32,15363.0
2026-03-31 20:30:00+00:00,4664.59,4670.92,4659.82,4667.31,12668.0
2026-03-31 21:00:00+00:00,4667.4,4681.03,4661.57,4672.6,15033.0
2026-03-31 21:30:00+00:00,4672.96,4685.52,4672.1,4682.51,12936.0
2026-03-31 22:00:00+00:00,4682.68,4687.08,4668.86,4669.38,8287.0
2026-03-31 22:30:00+00:00,4669.65,4675.34,4664.56,4667.09,5469.0
2026-04-01 00:00:00+00:00,4671.6,4686.64,4662.76,4674.38,8067.0
2026-04-01 00:30:00+00:00,4674.64,4696.28,4661.57,4681.13,14448.0
2026-04-01 01:00:00+00:00,4681.45,4684.26,4671.98,4682.23,8378.0
2026-04-01 01:30:00+00:00,4682.47,4699.86,4681.71,4696.13,8981.0
2026-04-01 02:00:00+00:00,4696.34,4721.67,4693.3,4721.5,14648.0
2026-04-01 02:30:00+00:00,4721.82,4722.19,4699.91,4710.72,12395.0
2026-04-01 03:00:00+00:00,4710.99,4724.06,4689.39,4708.12,22876.0
2026-04-01 03:30:00+00:00,4708.36,4708.11,4681.33,4692.58,15788.0
2026-04-01 04:00:00+00:00,4692.86,4700.25,4683.15,4687.13,12338.0
2026-04-01 04:30:00+00:00,4687.36,4690.16,4678.12,4684.32,11274.0
2026-04-01 05:00:00+00:00,4684.53,4694.1,4682.53,4687.25,8824.0
2026-04-01 05:30:00+00:00,4687.44,4688.59,4679.46,4681.78,6731.0
2026-04-01 06:00:00+00:00,4682.04,4681.88,4666.94,4672.29,7316.0
2026-04-01 06:30:00+00:00,4672.56,4681.57,4668.92,4676.31,6340.0
2026-04-01 07:00:00+00:00,4676.58,4690.13,4674.72,4686.13,8513.0
2026-04-01 07:30:00+00:00,4686.37,4703.36,4683.61,4684.05,11745.0
2026-04-01 08:00:00+00:00,4684.29,4711.21,4682.45,4709.12,13647.0
2026-04-01 08:30:00+00:00,4709.34,4732.97,4702.06,4730.45,15885.0
2026-04-01 09:00:00+00:00,4730.74,4732.53,4712.95,4722.86,15234.0
2026-04-01 09:30:00+00:00,4723.13,4747.57,4709.46,4712.78,17944.0
2026-04-01 10:00:00+00:00,4713.0,4735.63,4710.34,4730.46,15189.0
2026-04-01 10:30:00+00:00,4730.78,4740.27,4726.21,4728.47,11507.0
2026-04-01 11:00:00+00:00,4728.76,4730.07,4713.76,4719.26,9905.0
2026-04-01 11:30:00+00:00,4719.48,4727.56,4712.98,4723.0,10228.0
2026-04-01 12:00:00+00:00,4723.28,4729.14,4714.98,4728.23,8748.0
2026-04-01 12:30:00+00:00,4728.39,4738.68,4726.01,4731.32,8251.0
2026-04-01 13:00:00+00:00,4731.54,4746.12,4728.11,4744.88,9148.0
2026-04-01 13:30:00+00:00,4745.14,4762.82,4744.68,4752.35,11399.0
2026-04-01 14:00:00+00:00,4752.54,4753.62,4724.36,4735.81,12889.0
2026-04-01 14:30:00+00:00,4735.96,4753.52,4724.35,4724.64,25500.0
2026-04-01 15:00:00+00:00,4724.98,4742.08,4715.98,4736.03,18256.0
2026-04-01 15:30:00+00:00,4736.22,4749.41,4730.63,4737.96,25650.0
2026-04-01 16:00:00+00:00,4738.004999999999,4754.71,4723.95,4741.81,24788.0
2026-04-01 16:30:00+00:00,4742.13,4768.65,4734.7,4760.58,19611.0
2026-04-01 17:00:00+00:00,4760.97,4776.24,4758.36,4772.69,17194.0
2026-04-01 17:30:00+00:00,4773.02,4788.04,4769.72,4786.46,16099.0
2026-04-01 18:00:00+00:00,4786.63,4790.61,4774.31,4776.45,12569.0
2026-04-01 18:30:00+00:00,4776.76,4788.45,4775.18,4786.91,8536.0
2026-04-01 19:00:00+00:00,4787.355,4792.77,4782.23,4784.82,9690.0
2026-04-01 19:30:00+00:00,4785.18,4785.89,4773.51,4774.21,9747.0
2026-04-01 20:00:00+00:00,4774.43,4775.09,4753.02,4753.82,15606.0
2026-04-01 20:30:00+00:00,4754.09,4765.97,4741.96,4752.93,15224.0
2026-04-01 21:00:00+00:00,4753.28,4768.84,4750.82,4765.47,12958.0
2026-04-01 21:30:00+00:00,4765.73,4778.05,4758.05,4765.9,12382.0
2026-04-01 22:00:00+00:00,4766.14,4771.08,4760.89,4762.08,5028.0
2026-04-01 22:30:00+00:00,4762.3,4763.64,4754.04,4758.68,4511.0
2026-04-02 00:00:00+00:00,4761.129999999999,4777.81,4745.92,4772.68,4158.0
2026-04-02 00:30:00+00:00,4772.84,4782.74,4770.93,4776.31,5527.0
2026-04-02 01:00:00+00:00,4776.55,4798.85,4773.48,4794.86,7574.0
2026-04-02 01:30:00+00:00,4795.13,4799.99,4778.09,4783.96,7171.0
2026-04-02 02:00:00+00:00,4784.2,4798.72,4774.94,4789.64,11190.0
2026-04-02 02:30:00+00:00,4789.9,4795.99,4783.3,4784.5,10348.0
2026-04-02 03:00:00+00:00,4784.74,4786.25,4686.88,4696.52,36000.0
2026-04-02 03:30:00+00:00,4696.66,4711.59,4649.64,4696.39,28690.0
2026-04-02 04:00:00+00:00,4696.55,4704.01,4678.56,4689.46,19508.0
2026-04-02 04:30:00+00:00,4689.95,4690.82,4655.13,4686.65,19000.0
2026-04-02 05:00:00+00:00,4686.87,4699.11,4677.36,4691.27,11708.0
2026-04-02 05:30:00+00:00,4691.51,4692.42,4675.45,4675.96,8737.0
2026-04-02 06:00:00+00:00,4676.24,4681.28,4662.13,4665.93,10019.0
2026-04-02 06:30:00+00:00,4666.3,4672.94,4657.12,4672.45,8571.0
2026-04-02 07:00:00+00:00,4672.69,4680.4,4666.13,4677.17,8461.0
2026-04-02 07:30:00+00:00,4677.43,4679.1,4585.95,4593.99,27670.0
2026-04-02 08:00:00+00:00,4594.38,4598.41,4553.81,4591.06,27623.0
2026-04-02 08:30:00+00:00,4591.29,4608.52,4581.42,4598.7,20460.0
2026-04-02 09:00:00+00:00,4598.795,4627.21,4596.98,4620.51,15158.0
2026-04-02 09:30:00+00:00,4620.85,4650.82,4619.23,4642.6,12364.0
2026-04-02 10:00:00+00:00,4642.835,4648.72,4628.77,4634.23,13680.0
2026-04-02 10:30:00+00:00,4634.46,4643.58,4617.0,4620.64,11894.0
2026-04-02 11:00:00+00:00,4620.86,4631.71,4612.77,4620.71,10952.0
2026-04-02 11:30:00+00:00,4621.07,4628.23,4615.38,4621.66,10567.0
2026-04-02 12:00:00+00:00,4622.1,4635.07,4603.77,4618.45,10858.0
2026-04-02 12:30:00+00:00,4618.69,4631.34,4613.43,4620.36,10478.0
2026-04-02 13:00:00+00:00,4620.57,4630.5,4613.98,4614.67,10718.0
2026-04-02 13:30:00+00:00,4614.91,4617.44,4592.69,4599.94,13619.0
2026-04-02 14:00:00+00:00,4600.2,4630.1,4594.47,4626.26,15381.0
2026-04-02 14:30:00+00:00,4626.48,4626.73,4600.18,4601.77,14411.0
2026-04-02 15:00:00+00:00,4602.01,4613.79,4580.37,4597.41,26541.0
2026-04-02 15:30:00+00:00,4597.73,4651.38,4585.75,4646.07,30400.0
2026-04-02 16:00:00+00:00,4646.335,4675.74,4631.54,4665.07,25435.0
2026-04-02 16:30:00+00:00,4665.2,4699.6,4658.89,4681.32,77866.0
2026-04-02 17:00:00+00:00,4681.77,4683.88,4658.01,4672.44,24537.0
2026-04-02 17:30:00+00:00,4672.73,4675.99,4652.38,4660.88,17720.0
2026-04-02 18:00:00+00:00,4661.11,4668.2,4642.68,4650.57,16035.0
2026-04-02 18:30:00+00:00,4650.79,4670.41,4650.33,4658.93,15024.0
2026-04-02 19:00:00+00:00,4659.19,4668.16,4650.89,4651.75,12950.0
2026-04-02 19:30:00+00:00,4651.835,4658.44,4645.55,4648.39,12877.0
2026-04-02 20:00:00+00:00,4648.71,4658.73,4647.17,4651.41,10672.0
2026-04-02 20:30:00+00:00,4651.67,4671.84,4651.25,4668.33,9506.0
2026-04-02 21:00:00+00:00,4668.6,4681.68,4664.14,4665.06,11426.0
2026-04-02 21:30:00+00:00,4665.29,4676.32,4661.22,4671.98,10384.0
2026-04-02 22:00:00+00:00,4672.35,4676.55,4664.24,4667.67,5022.0
2026-04-02 22:30:00+00:00,4667.93,4677.88,4666.42,4676.08,4942.0
2026-04-06 00:00:00+00:00,4648.6,4687.97,4609.35,4636.24,12726.0
2026-04-06 00:30:00+00:00,4636.54,4653.75,4607.73,4645.55,14552.0
2026-04-06 01:00:00+00:00,4645.79,4650.89,4609.22,4609.68,10655.0
2026-04-06 01:30:00+00:00,4609.94,4619.48,4605.0,4610.37,9773.0
2026-04-06 02:00:00+00:00,4610.63,4629.34,4600.61,4603.23,14100.0
2026-04-06 02:30:00+00:00,4603.36,4626.07,4602.83,4622.24,9755.0
2026-04-06 03:00:00+00:00,4622.53,4642.99,4620.45,4641.11,10068.0
2026-04-06 03:30:00+00:00,4641.35,4641.31,4621.36,4625.74,8865.0
2026-04-06 04:00:00+00:00,4626.08,4671.8,4623.52,4661.01,12762.0
2026-04-06 04:30:00+00:00,4661.24,4666.49,4644.23,4647.88,10100.0
2026-04-06 05:00:00+00:00,4648.11,4647.98,4625.2,4630.2,10528.0
2026-04-06 05:30:00+00:00,4630.47,4641.99,4625.29,4640.38,7318.0
2026-04-06 06:00:00+00:00,4640.64,4648.43,4639.79,4646.55,6356.0
2026-04-06 06:30:00+00:00,4646.82,4659.77,4642.79,4658.94,5492.0
2026-04-06 07:00:00+00:00,4659.16,4678.67,4657.83,4667.2,7954.0
2026-04-06 07:30:00+00:00,4667.5,4668.78,4651.24,4652.49,6580.0
2026-04-06 08:00:00+00:00,4652.71,4662.14,4643.1,4657.21,8287.0
2026-04-06 08:30:00+00:00,4657.47,4667.65,4651.68,4665.9,8878.0
2026-04-06 09:00:00+00:00,4666.07,4666.57,4644.73,4650.63,8973.0
2026-04-06 09:30:00+00:00,4650.89,4688.48,4650.05,4684.72,10098.0
2026-04-06 10:00:00+00:00,4684.95,4695.67,4680.3,4691.12,11070.0
2026-04-06 10:30:00+00:00,4691.26,4698.08,4689.76,4695.65,7620.0
2026-04-06 11:00:00+00:00,4695.91,4703.6,4695.66,4702.27,8435.0
2026-04-06 11:30:00+00:00,4702.51,4706.44,4690.72,4693.43,8286.0
2026-04-06 12:00:00+00:00,4693.75,4697.45,4685.94,4689.61,7646.0
2026-04-06 12:30:00+00:00,4689.92,4696.71,4684.73,4689.61,8361.0
2026-04-06 13:00:00+00:00,4689.97,4696.63,4685.18,4688.26,7530.0
2026-04-06 13:30:00+00:00,4688.6,4694.39,4676.82,4677.77,7549.0
2026-04-06 14:00:00+00:00,4677.94,4686.62,4659.56,4665.87,9766.0
2026-04-06 14:30:00+00:00,4666.17,4681.05,4665.35,4675.73,8649.0
2026-04-06 15:00:00+00:00,4676.12,4677.48,4659.48,4668.51,10857.0
2026-04-06 15:30:00+00:00,4668.84,4681.71,4660.98,4679.88,22807.0
2026-04-06 16:00:00+00:00,4680.14,4690.8,4660.16,4686.06,19475.0
2026-04-06 16:30:00+00:00,4686.39,4697.53,4674.81,4682.66,19647.0
2026-04-06 17:00:00+00:00,4682.93,4683.79,4654.96,4667.05,15812.0
2026-04-06 17:30:00+00:00,4667.515,4670.92,4651.89,4668.03,11527.0
2026-04-06 18:00:00+00:00,4668.39,4672.48,4662.32,4665.47,9273.0
2026-04-06 18:30:00+00:00,4665.71,4670.95,4657.76,4660.22,8822.0
2026-04-06 19:00:00+00:00,4660.53,4661.08,4645.75,4656.06,12562.0
2026-04-06 19:30:00+00:00,4656.35,4660.31,4651.43,4653.57,8705.0
2026-04-06 20:00:00+00:00,4653.8,4666.4,4650.58,4659.99,10209.0
2026-04-06 20:30:00+00:00,4660.25,4663.23,4648.62,4658.07,8547.0
2026-04-06 21:00:00+00:00,4658.36,4659.19,4645.21,4649.99,6751.0
2026-04-06 21:30:00+00:00,4650.21,4657.88,4648.35,4655.14,5846.0
2026-04-06 22:00:00+00:00,4655.6,4657.85,4652.03,4655.75,2804.0
2026-04-06 22:30:00+00:00,4656.04,4658.21,4648.96,4650.31,2756.0
2026-04-07 00:00:00+00:00,4651.389999999999,4667.77,4647.54,4662.08,5317.0
2026-04-07 00:30:00+00:00,4662.29,4662.93,4656.55,4658.26,3371.0
2026-04-07 01:00:00+00:00,4658.52,4660.97,4653.07,4654.37,3616.0
2026-04-07 01:30:00+00:00,4654.52,4660.32,4651.23,4658.69,4451.0
2026-04-07 02:00:00+00:00,4658.93,4660.93,4648.97,4658.94,8823.0
2026-04-07 02:30:00+00:00,4659.18,4661.41,4654.25,4654.69,6250.0
2026-04-07 03:00:00+00:00,4654.89,4664.26,4627.53,4654.75,22601.0
2026-04-07 03:30:00+00:00,4655.12,4662.27,4616.38,4626.82,20207.0
2026-04-07 04:00:00+00:00,4627.17,4635.28,4619.68,4634.52,9687.0
2026-04-07 04:30:00+00:00,4634.76,4653.82,4633.82,4650.37,9775.0
2026-04-07 05:00:00+00:00,4650.8,4653.99,4639.5,4642.4,9266.0
2026-04-07 05:30:00+00:00,4642.66,4651.07,4641.89,4649.67,5105.0
2026-04-07 06:00:00+00:00,4649.85,4651.2,4645.51,4649.99,5434.0
2026-04-07 06:30:00+00:00,4650.29,4663.96,4649.54,4660.18,6689.0
2026-04-07 07:00:00+00:00,4660.49,4661.38,4630.19,4632.2,6931.0
2026-04-07 07:30:00+00:00,4632.415,4646.3,4622.71,4642.71,13718.0
2026-04-07 08:00:00+00:00,4643.02,4649.07,4637.71,4640.58,12426.0
2026-04-07 08:30:00+00:00,4641.075,4656.53,4640.7,4653.33,9943.0
2026-04-07 09:00:00+00:00,4653.57,4656.97,4638.63,4639.45,10075.0
2026-04-07 09:30:00+00:00,4639.68,4646.99,4636.4,4645.93,7618.0
2026-04-07 10:00:00+00:00,4646.19,4690.79,4644.12,4678.4,19186.0
2026-04-07 10:30:00+00:00,4678.58,4687.43,4676.86,4682.7,12029.0
2026-04-07 11:00:00+00:00,4682.94,4694.33,4680.63,4686.43,10907.0
2026-04-07 11:30:00+00:00,4686.795,4686.8,4658.48,4670.78,11197.0
2026-04-07 12:00:00+00:00,4671.12,4680.51,4657.8,4668.02,16613.0
2026-04-07 12:30:00+00:00,4668.25,4671.87,4649.1,4651.9,14189.0
2026-04-07 13:00:00+00:00,4652.2,4656.04,4628.75,4647.74,13025.0
2026-04-07 13:30:00+00:00,4647.88,4664.0,4646.99,4659.62,9691.0
2026-04-07 14:00:00+00:00,4659.88,4670.94,4651.12,4665.83,14205.0
2026-04-07 14:30:00+00:00,4666.21,4667.51,4646.69,4651.48,11734.0
2026-04-07 15:00:00+00:00,4651.74,4662.88,4648.15,4657.91,13248.0
2026-04-07 15:30:00+00:00,4658.17,4663.07,4635.29,4643.96,19438.0
2026-04-07 16:00:00+00:00,4644.11,4649.28,4607.23,4645.01,25929.0
2026-04-07 16:30:00+00:00,4645.3,4661.28,4629.75,4632.94,17942.0
2026-04-07 17:00:00+00:00,4633.14,4653.23,4624.75,4652.93,18721.0
2026-04-07 17:30:00+00:00,4653.2,4659.48,4640.34,4655.39,13686.0
2026-04-07 18:00:00+00:00,4655.68,4668.52,4652.43,4662.71,16252.0
2026-04-07 18:30:00+00:00,4662.975,4663.95,4655.79,4656.92,10556.0
2026-04-07 19:00:00+00:00,4657.18,4672.99,4653.73,4660.07,10951.0
2026-04-07 19:30:00+00:00,4660.41,4686.34,4660.16,4675.74,12457.0
2026-04-07 20:00:00+00:00,4675.94,4685.87,4675.56,4680.41,9552.0
2026-04-07 20:30:00+00:00,4680.8,4686.17,4657.35,4661.94,11332.0
2026-04-07 21:00:00+00:00,4662.21,4702.43,4660.68,4687.42,32702.0
2026-04-07 21:30:00+00:00,4687.76,4718.51,4681.67,4700.55,23862.0
2026-04-07 22:00:00+00:00,4700.97,4713.18,4697.08,4710.3,9428.0
2026-04-07 22:30:00+00:00,4710.62,4716.92,4703.27,4706.23,8257.0
2026-04-08 00:00:00+00:00,4719.84,4751.83,4718.88,4735.21,10747.0
2026-04-08 00:30:00+00:00,4735.575,4819.64,4713.16,4818.03,26597.0
2026-04-08 01:00:00+00:00,4818.335,4828.87,4801.84,4814.48,20930.0
2026-04-08 01:30:00+00:00,4814.71,4836.03,4803.91,4833.26,15596.0
2026-04-08 02:00:00+00:00,4833.55,4857.6,4818.79,4822.65,24334.0
2026-04-08 02:30:00+00:00,4822.83,4826.67,4808.51,4817.74,13994.0
2026-04-08 03:00:00+00:00,4818.08,4825.18,4791.71,4793.63,22394.0
2026-04-08 03:30:00+00:00,4793.81,4814.08,4788.03,4810.06,13635.0
2026-04-08 04:00:00+00:00,4810.3,4825.04,4807.77,4811.49,8874.0
2026-04-08 04:30:00+00:00,4811.75,4820.51,4798.4,4803.7,8756.0
2026-04-08 05:00:00+00:00,4804.03,4805.67,4796.3,4802.86,8323.0
2026-04-08 05:30:00+00:00,4803.03,4804.81,4794.91,4797.34,7094.0
2026-04-08 06:00:00+00:00,4797.58,4803.79,4790.06,4802.18,8006.0
2026-04-08 06:30:00+00:00,4802.42,4806.39,4797.54,4803.46,6081.0
2026-04-08 07:00:00+00:00,4803.72,4816.36,4800.11,4815.43,7051.0
2026-04-08 07:30:00+00:00,4815.7,4843.7,4813.49,4827.33,11088.0
2026-04-08 08:00:00+00:00,4827.46,4836.57,4820.93,4836.32,12585.0
2026-04-08 08:30:00+00:00,4836.585,4839.49,4819.79,4819.88,10412.0
2026-04-08 09:00:00+00:00,4820.12,4821.01,4809.16,4818.3,10192.0
2026-04-08 09:30:00+00:00,4818.49,4820.28,4805.02,4813.27,8792.0
2026-04-08 10:00:00+00:00,4813.63,4819.78,4798.4,4808.21,9276.0
2026-04-08 10:30:00+00:00,4808.55,4808.3,4790.26,4793.7,10265.0
2026-04-08 11:00:00+00:00,4793.94,4806.55,4792.99,4798.32,7307.0
2026-04-08 11:30:00+00:00,4798.48,4803.56,4776.21,4783.07,10302.0
2026-04-08 12:00:00+00:00,4783.33,4790.21,4771.1,4782.55,8068.0
2026-04-08 12:30:00+00:00,4782.76,4795.97,4780.05,4782.47,7364.0
2026-04-08 13:00:00+00:00,4782.74,4796.85,4779.56,4789.66,9205.0
2026-04-08 13:30:00+00:00,4789.96,4802.59,4777.9,4798.2,10946.0
2026-04-08 14:00:00+00:00,4798.715,4806.99,4768.39,4783.82,18776.0
2026-04-08 14:30:00+00:00,4784.205,4802.44,4783.24,4799.54,11372.0
2026-04-08 15:00:00+00:00,4799.73,4806.52,4789.16,4790.38,13006.0
2026-04-08 15:30:00+00:00,4790.58,4794.75,4768.11,4777.51,23160.0
2026-04-08 16:00:00+00:00,4777.59,4791.82,4761.17,4767.68,20927.0
2026-04-08 16:30:00+00:00,4768.09,4770.15,4732.12,4735.94,23975.0
2026-04-08 17:00:00+00:00,4736.17,4757.39,4734.21,4750.67,17332.0
2026-04-08 17:30:00+00:00,4750.86,4762.98,4750.25,4756.35,11129.0
2026-04-08 18:00:00+00:00,4756.45,4762.45,4745.31,4749.97,11383.0
2026-04-08 18:30:00+00:00,4750.23,4765.47,4747.8,4760.4,9787.0
2026-04-08 19:00:00+00:00,4760.64,4764.24,4745.52,4750.84,10746.0
2026-04-08 19:30:00+00:00,4751.13,4754.26,4731.43,4733.79,12700.0
2026-04-08 20:00:00+00:00,4734.375,4744.32,4716.72,4722.29,20198.0
2026-04-08 20:30:00+00:00,4722.64,4724.82,4703.45,4704.96,16773.0
2026-04-08 21:00:00+00:00,4705.25,4718.49,4699.42,4708.44,15883.0
2026-04-08 21:30:00+00:00,4708.59,4731.67,4707.91,4730.49,11402.0
2026-04-08 22:00:00+00:00,4730.72,4732.12,4721.75,4723.11,4959.0
2026-04-08 22:30:00+00:00,4723.34,4724.46,4717.0,4719.04,3793.0
2026-04-09 00:00:00+00:00,4722.01,4733.81,4704.7,4713.69,7599.0
2026-04-09 00:30:00+00:00,4713.96,4719.93,4705.71,4717.56,6446.0
2026-04-09 01:00:00+00:00,4717.71,4717.5,4705.13,4709.77,6975.0
2026-04-09 01:30:00+00:00,4710.18,4719.84,4706.98,4715.64,5471.0
2026-04-09 02:00:00+00:00,4715.87,4715.83,4698.29,4706.29,10578.0
2026-04-09 02:30:00+00:00,4706.56,4718.99,4705.44,4706.62,8774.0
2026-04-09 03:00:00+00:00,4706.77,4723.36,4699.46,4704.71,17104.0
2026-04-09 03:30:00+00:00,4704.98,4728.03,4703.86,4727.15,10537.0
2026-04-09 04:00:00+00:00,4727.415,4728.62,4720.96,4725.21,7756.0
2026-04-09 04:30:00+00:00,4725.51,4732.78,4717.46,4718.79,8142.0
2026-04-09 05:00:00+00:00,4719.085,4720.08,4705.0,4712.31,8634.0
2026-04-09 05:30:00+00:00,4712.715,4714.71,4706.48,4711.37,6246.0
2026-04-09 06:00:00+00:00,4711.7,4723.21,4709.59,4716.91,5013.0
2026-04-09 06:30:00+00:00,4717.06,4725.23,4714.25,4720.76,5089.0
2026-04-09 07:00:00+00:00,4720.96,4726.46,4710.54,4726.16,6589.0
2026-04-09 07:30:00+00:00,4726.375,4726.36,4705.77,4712.91,10196.0
2026-04-09 08:00:00+00:00,4713.265,4725.29,4711.22,4718.23,9065.0
2026-04-09 08:30:00+00:00,4718.56,4722.9,4703.27,4712.48,10657.0
2026-04-09 09:00:00+00:00,4712.65,4730.35,4705.48,4708.16,11492.0
2026-04-09 09:30:00+00:00,4708.525,4731.41,4708.15,4724.28,11533.0
2026-04-09 10:00:00+00:00,4724.55,4727.7,4719.77,4721.04,8323.0
2026-04-09 10:30:00+00:00,4721.45,4733.17,4720.12,4726.12,7857.0
2026-04-09 11:00:00+00:00,4726.35,4733.33,4722.73,4729.54,7088.0
2026-04-09 11:30:00+00:00,4729.74,4732.42,4723.27,4729.09,6903.0
2026-04-09 12:00:00+00:00,4729.44,4739.66,4723.5,4737.84,7563.0
2026-04-09 12:30:00+00:00,4738.25,4746.61,4736.32,4740.94,7744.0
2026-04-09 13:00:00+00:00,4741.01,4747.33,4738.27,4745.61,7003.0
2026-04-09 13:30:00+00:00,4745.82,4757.39,4742.89,4756.43,7601.0
2026-04-09 14:00:00+00:00,4756.66,4759.45,4734.7,4737.27,9716.0
2026-04-09 14:30:00+00:00,4737.695,4748.1,4735.08,4745.9,11881.0
2026-04-09 15:00:00+00:00,4746.07,4758.47,4738.58,4752.63,13376.0
2026-04-09 15:30:00+00:00,4752.92,4777.03,4750.45,4764.24,17954.0
2026-04-09 16:00:00+00:00,4764.51,4776.04,4760.08,4765.35,15749.0
2026-04-09 16:30:00+00:00,4765.575,4768.73,4747.83,4768.46,14248.0
2026-04-09 17:00:00+00:00,4768.8,4786.27,4761.1,4778.79,14393.0
2026-04-09 17:30:00+00:00,4779.13,4797.82,4777.96,4792.48,18138.0
2026-04-09 18:00:00+00:00,4792.99,4800.92,4787.5,4792.69,12069.0
2026-04-09 18:30:00+00:00,4793.08,4795.37,4784.36,4788.71,10094.0
2026-04-09 19:00:00+00:00,4789.05,4798.22,4786.54,4792.68,9110.0
2026-04-09 19:30:00+00:00,4793.28,4801.2,4787.45,4797.7,8935.0
2026-04-09 20:00:00+00:00,4798.02,4797.99,4777.55,4781.98,13086.0
2026-04-09 20:30:00+00:00,4782.09,4782.11,4767.7,4771.99,10907.0
2026-04-09 21:00:00+00:00,4772.26,4782.32,4768.77,4773.51,9386.0
2026-04-09 21:30:00+00:00,4773.71,4777.91,4766.75,4768.69,10083.0
2026-04-09 22:00:00+00:00,4768.93,4773.26,4766.26,4769.89,4098.0
2026-04-09 22:30:00+00:00,4770.16,4771.53,4760.69,4765.34,4123.0
2026-04-10 00:00:00+00:00,4767.120000000001,4781.38,4763.69,4764.34,5136.0
2026-04-10 00:30:00+00:00,4764.72,4767.22,4758.62,4764.11,4953.0
2026-04-10 01:00:00+00:00,4764.31,4764.12,4756.76,4758.16,4076.0
2026-04-10 01:30:00+00:00,4758.44,4764.13,4758.02,4763.58,4256.0
2026-04-10 02:00:00+00:00,4763.82,4763.62,4750.59,4753.59,8883.0
2026-04-10 02:30:00+00:00,4753.9,4762.96,4753.61,4762.75,6152.0
2026-04-10 03:00:00+00:00,4762.99,4766.95,4757.78,4762.3,10399.0
2026-04-10 03:30:00+00:00,4762.58,4777.01,4760.08,4764.38,9876.0
2026-04-10 04:00:00+00:00,4764.74,4765.27,4741.98,4744.36,10075.0
2026-04-10 04:30:00+00:00,4744.73,4753.44,4737.82,4752.89,8413.0
2026-04-10 05:00:00+00:00,4753.12,4762.04,4752.72,4755.91,7045.0
2026-04-10 05:30:00+00:00,4756.14,4769.53,4755.75,4766.55,5530.0
2026-04-10 06:00:00+00:00,4766.78,4770.62,4764.46,4765.4,3814.0
2026-04-10 06:30:00+00:00,4765.645,4765.5,4757.75,4758.4,4307.0
2026-04-10 07:00:00+00:00,4758.66,4763.76,4757.27,4759.61,4975.0
2026-04-10 07:30:00+00:00,4759.77,4769.02,4759.15,4765.69,7316.0
2026-04-10 08:00:00+00:00,4765.95,4765.7,4751.43,4755.27,8741.0
2026-04-10 08:30:00+00:00,4755.58,4758.33,4742.76,4746.01,9370.0
2026-04-10 09:00:00+00:00,4746.24,4755.93,4741.1,4753.47,8117.0
2026-04-10 09:30:00+00:00,4753.75,4757.4,4747.96,4749.44,6630.0
2026-04-10 10:00:00+00:00,4749.75,4753.13,4742.2,4746.62,8225.0
2026-04-10 10:30:00+00:00,4746.86,4752.09,4730.52,4740.61,9384.0
2026-04-10 11:00:00+00:00,4740.91,4760.72,4740.49,4748.61,11488.0
2026-04-10 11:30:00+00:00,4748.975,4753.07,4746.21,4751.41,7315.0
2026-04-10 12:00:00+00:00,4751.63,4760.7,4742.03,4758.08,7240.0
2026-04-10 12:30:00+00:00,4758.3,4759.69,4753.6,4757.17,6172.0
2026-04-10 13:00:00+00:00,4757.35,4762.32,4753.23,4761.55,6398.0
2026-04-10 13:30:00+00:00,4761.88,4768.62,4758.31,4767.96,7024.0
2026-04-10 14:00:00+00:00,4768.2,4771.32,4759.65,4762.43,9239.0
2026-04-10 14:30:00+00:00,4762.53,4782.32,4760.98,4771.7,14399.0
2026-04-10 15:00:00+00:00,4771.98,4780.07,4766.0,4775.57,12828.0
2026-04-10 15:30:00+00:00,4775.93,4778.42,4764.77,4774.97,16591.0
2026-04-10 16:00:00+00:00,4775.19,4792.59,4767.23,4790.5,14933.0
2026-04-10 16:30:00+00:00,4790.815,4794.86,4770.69,4774.64,14605.0
2026-04-10 17:00:00+00:00,4774.87,4787.24,4769.47,4775.84,11224.0
2026-04-10 17:30:00+00:00,4776.235,4778.33,4755.19,4761.98,14702.0
2026-04-10 18:00:00+00:00,4762.21,4764.96,4747.33,4758.32,11936.0
2026-04-10 18:30:00+00:00,4758.61,4765.99,4756.0,4763.67,9616.0
2026-04-10 19:00:00+00:00,4763.99,4768.52,4757.88,4762.65,8406.0
2026-04-10 19:30:00+00:00,4762.98,4765.58,4758.1,4760.23,7960.0
2026-04-10 20:00:00+00:00,4760.58,4769.27,4750.73,4765.73,8298.0
2026-04-10 20:30:00+00:00,4765.99,4773.04,4762.98,4765.07,7013.0
2026-04-10 21:00:00+00:00,4765.41,4770.29,4762.96,4763.41,6908.0
2026-04-10 21:30:00+00:00,4763.75,4765.27,4758.16,4759.58,7677.0
2026-04-10 22:00:00+00:00,4759.88,4759.78,4740.99,4745.44,5131.0
2026-04-10 22:30:00+00:00,4745.7,4752.33,4744.89,4749.12,4449.0
2026-04-13 00:00:00+00:00,4678.325000000001,4692.5,4644.14,4647.31,11834.0
2026-04-13 00:30:00+00:00,4647.57,4660.38,4645.12,4658.95,9869.0
2026-04-13 01:00:00+00:00,4659.11,4660.54,4644.0,4653.25,8931.0
2026-04-13 01:30:00+00:00,4653.53,4671.76,4650.1,4671.23,7978.0
2026-04-13 02:00:00+00:00,4671.49,4675.95,4664.41,4672.85,10505.0
2026-04-13 02:30:00+00:00,4673.07,4698.36,4670.71,4695.36,9240.0
2026-04-13 03:00:00+00:00,4695.545,4721.25,4693.52,4717.23,16876.0
2026-04-13 03:30:00+00:00,4717.47,4727.84,4709.86,4721.16,11997.0
2026-04-13 04:00:00+00:00,4721.38,4725.69,4718.94,4719.83,8683.0
2026-04-13 04:30:00+00:00,4720.07,4727.74,4710.96,4720.3,9384.0
2026-04-13 05:00:00+00:00,4720.59,4721.58,4712.19,4718.86,7377.0
2026-04-13 05:30:00+00:00,4719.08,4723.81,4717.18,4718.03,5355.0
2026-04-13 06:00:00+00:00,4718.29,4718.38,4708.48,4712.57,5358.0
2026-04-13 06:30:00+00:00,4712.84,4724.87,4708.8,4722.95,5717.0
2026-04-13 07:00:00+00:00,4723.22,4725.99,4716.26,4720.48,5984.0
2026-04-13 07:30:00+00:00,4720.67,4730.57,4717.96,4729.3,8895.0
2026-04-13 08:00:00+00:00,4729.53,4731.76,4723.36,4731.43,9671.0
2026-04-13 08:30:00+00:00,4731.8,4732.63,4720.77,4725.52,8399.0
2026-04-13 09:00:00+00:00,4725.9,4738.54,4724.74,4730.72,9577.0
2026-04-13 09:30:00+00:00,4731.04,4739.98,4727.34,4733.57,8798.0
2026-04-13 10:00:00+00:00,4733.75,4738.49,4729.89,4731.93,8486.0
2026-04-13 10:30:00+00:00,4732.19,4736.15,4719.96,4723.19,8350.0
2026-04-13 11:00:00+00:00,4723.45,4728.39,4714.16,4715.05,8872.0
2026-04-13 11:30:00+00:00,4715.28,4719.8,4710.25,4714.45,7536.0
2026-04-13 12:00:00+00:00,4714.73,4718.74,4708.1,4712.4,7028.0
2026-04-13 12:30:00+00:00,4712.64,4723.7,4711.59,4721.94,7129.0
2026-04-13 13:00:00+00:00,4722.27,4728.79,4718.24,4720.91,8103.0
2026-04-13 13:30:00+00:00,4721.07,4722.3,4703.54,4706.69,10983.0
2026-04-13 14:00:00+00:00,4706.98,4720.18,4703.35,4710.47,11090.0
2026-04-13 14:30:00+00:00,4710.74,4725.01,4708.95,4723.38,10199.0
2026-04-13 15:00:00+00:00,4723.62,4737.26,4722.56,4733.16,12569.0
2026-04-13 15:30:00+00:00,4733.52,4744.39,4721.19,4730.48,21588.0
2026-04-13 16:00:00+00:00,4730.76,4731.03,4709.4,4715.25,17445.0
2026-04-13 16:30:00+00:00,4715.34,4723.26,4708.5,4718.95,12761.0
2026-04-13 17:00:00+00:00,4719.22,4719.56,4700.0,4703.58,14711.0
2026-04-13 17:30:00+00:00,4703.92,4718.12,4702.05,4714.38,10412.0
2026-04-13 18:00:00+00:00,4714.65,4733.91,4708.96,4730.3,13896.0
2026-04-13 18:30:00+00:00,4730.45,4746.21,4728.41,4732.84,16466.0
2026-04-13 19:00:00+00:00,4733.12,4749.84,4725.24,4742.98,11316.0
2026-04-13 19:30:00+00:00,4743.17,4747.3,4727.1,4729.75,8955.0
2026-04-13 20:00:00+00:00,4730.08,4732.78,4722.98,4727.22,7763.0
2026-04-13 20:30:00+00:00,4727.45,4740.65,4726.66,4738.24,8371.0
2026-04-13 21:00:00+00:00,4738.45,4743.89,4730.44,4743.05,7028.0
2026-04-13 21:30:00+00:00,4743.31,4747.3,4738.9,4741.03,8805.0
2026-04-13 22:00:00+00:00,4741.37,4744.01,4738.31,4739.08,3272.0
2026-04-13 22:30:00+00:00,4739.415,4741.63,4738.02,4739.86,2707.0
2026-04-14 00:00:00+00:00,4744.46,4755.52,4743.56,4748.56,4170.0
2026-04-14 00:30:00+00:00,4748.82,4759.4,4746.23,4757.86,4861.0
2026-04-14 01:00:00+00:00,4758.08,4765.73,4754.67,4755.15,5728.0
2026-04-14 01:30:00+00:00,4755.545,4761.58,4754.34,4757.55,4952.0
2026-04-14 02:00:00+00:00,4757.91,4767.46,4751.46,4762.28,9285.0
2026-04-14 02:30:00+00:00,4762.54,4775.55,4761.22,4769.71,7796.0
2026-04-14 03:00:00+00:00,4769.9,4776.81,4762.31,4770.25,12387.0
2026-04-14 03:30:00+00:00,4770.49,4773.51,4761.57,4764.62,9081.0
2026-04-14 04:00:00+00:00,4764.79,4772.29,4762.69,4768.68,6643.0
2026-04-14 04:30:00+00:00,4768.915,4777.08,4761.98,4774.79,7631.0
2026-04-14 05:00:00+00:00,4775.17,4775.43,4765.78,4768.26,6456.0
2026-04-14 05:30:00+00:00,4768.46,4771.87,4765.63,4767.99,4353.0
2026-04-14 06:00:00+00:00,4768.25,4776.78,4766.85,4775.82,3862.0
2026-04-14 06:30:00+00:00,4776.08,4776.19,4771.36,4773.99,3649.0
2026-04-14 07:00:00+00:00,4774.27,4774.05,4761.23,4764.57,5683.0
2026-04-14 07:30:00+00:00,4764.84,4767.24,4757.79,4759.91,8771.0
2026-04-14 08:00:00+00:00,4760.18,4769.57,4759.92,4767.46,7798.0
2026-04-14 08:30:00+00:00,4767.825,4782.87,4764.22,4782.06,8407.0
2026-04-14 09:00:00+00:00,4782.28,4796.35,4767.57,4772.57,13181.0
2026-04-14 09:30:00+00:00,4772.85,4780.39,4772.07,4776.87,5973.0
2026-04-14 10:00:00+00:00,4777.325000000001,4786.38,4773.86,4785.8,6119.0
2026-04-14 10:30:00+00:00,4786.07,4789.81,4781.26,4786.68,7833.0
2026-04-14 11:00:00+00:00,4786.915,4789.16,4778.45,4778.45,7069.0
2026-04-14 11:30:00+00:00,4778.74,4782.11,4771.43,4778.13,8253.0
2026-04-14 12:00:00+00:00,4778.4,4787.89,4778.15,4783.82,6746.0
2026-04-14 12:30:00+00:00,4784.05,4784.35,4751.97,4768.24,9583.0
2026-04-14 13:00:00+00:00,4768.48,4782.82,4766.77,4778.04,7700.0
2026-04-14 13:30:00+00:00,4778.39,4782.82,4770.28,4774.81,9133.0
2026-04-14 14:00:00+00:00,4775.07,4777.56,4762.45,4768.87,10691.0
2026-04-14 14:30:00+00:00,4769.105,4776.09,4762.02,4771.02,11838.0
2026-04-14 15:00:00+00:00,4771.3,4792.29,4770.85,4782.82,12287.0
2026-04-14 15:30:00+00:00,4782.97,4803.3,4780.16,4794.51,17340.0
2026-04-14 16:00:00+00:00,4794.835,4810.48,4792.86,4809.14,15648.0
2026-04-14 16:30:00+00:00,4809.35,4817.75,4795.21,4803.69,13223.0
2026-04-14 17:00:00+00:00,4803.95,4805.6,4790.97,4802.3,12804.0
2026-04-14 17:30:00+00:00,4802.56,4816.07,4802.31,4807.94,10802.0
2026-04-14 18:00:00+00:00,4808.165,4819.21,4804.91,4816.28,9860.0
2026-04-14 18:30:00+00:00,4816.585,4820.1,4808.96,4809.95,8447.0
2026-04-14 19:00:00+00:00,4810.305,4833.46,4809.36,4825.39,10852.0
2026-04-14 19:30:00+00:00,4825.665,4841.23,4824.94,4834.93,8788.0
2026-04-14 20:00:00+00:00,4835.24,4843.12,4833.17,4837.56,10066.0
2026-04-14 20:30:00+00:00,4837.74,4839.03,4830.75,4835.43,8051.0
2026-04-14 21:00:00+00:00,4835.78,4842.3,4835.46,4840.57,7442.0
2026-04-14 21:30:00+00:00,4840.75,4846.1,4838.39,4844.68,9040.0
2026-04-14 22:00:00+00:00,4844.98,4846.1,4839.48,4840.38,3384.0
2026-04-14 22:30:00+00:00,4840.64,4843.16,4839.69,4841.54,2654.0
2026-04-15 00:00:00+00:00,4840.610000000001,4850.78,4836.27,4839.91,5663.0
2026-04-15 00:30:00+00:00,4840.14,4843.1,4833.16,4835.0,4928.0
2026-04-15 01:00:00+00:00,4835.23,4843.86,4833.65,4835.97,5532.0
2026-04-15 01:30:00+00:00,4836.18,4843.89,4835.01,4836.97,6749.0
2026-04-15 02:00:00+00:00,4837.31,4839.84,4828.73,4833.49,7848.0
2026-04-15 02:30:00+00:00,4833.77,4837.32,4826.99,4835.29,6282.0
2026-04-15 03:00:00+00:00,4835.58,4871.19,4827.89,4850.72,16196.0
2026-04-15 03:30:00+00:00,4850.98,4851.3,4839.76,4846.96,10728.0
2026-04-15 04:00:00+00:00,4847.12,4853.31,4832.21,4834.54,8973.0
2026-04-15 04:30:00+00:00,4834.8,4835.31,4820.48,4823.81,12025.0
2026-04-15 05:00:00+00:00,4824.04,4827.84,4816.71,4826.43,8614.0
2026-04-15 05:30:00+00:00,4826.5,4829.43,4823.66,4823.83,4813.0
2026-04-15 06:00:00+00:00,4824.1,4826.45,4820.34,4824.45,4676.0
2026-04-15 06:30:00+00:00,4824.72,4827.57,4821.16,4824.8,3841.0
2026-04-15 07:00:00+00:00,4825.08,4830.24,4822.43,4826.01,7014.0
2026-04-15 07:30:00+00:00,4826.3,4827.77,4812.43,4819.64,10894.0
2026-04-15 08:00:00+00:00,4819.915,4824.8,4813.44,4814.55,8297.0
2026-04-15 08:30:00+00:00,4814.78,4821.84,4811.07,4811.53,8774.0
2026-04-15 09:00:00+00:00,4811.75,4816.8,4803.81,4812.64,9812.0
2026-04-15 09:30:00+00:00,4812.9,4815.61,4805.8,4811.0,8683.0
2026-04-15 10:00:00+00:00,4811.23,4814.03,4804.39,4809.77,8758.0
2026-04-15 10:30:00+00:00,4810.0,4821.26,4805.21,4818.2,7767.0
2026-04-15 11:00:00+00:00,4818.56,4819.4,4792.38,4797.83,12479.0
2026-04-15 11:30:00+00:00,4797.87,4803.56,4786.07,4797.86,9949.0
2026-04-15 12:00:00+00:00,4798.145,4803.03,4790.04,4794.93,10303.0
2026-04-15 12:30:00+00:00,4795.2,4805.05,4792.89,4799.81,8867.0
2026-04-15 13:00:00+00:00,4800.195,4806.89,4795.35,4804.79,7444.0
2026-04-15 13:30:00+00:00,4805.06,4814.93,4802.43,4812.49,8908.0
2026-04-15 14:00:00+00:00,4812.73,4816.03,4806.71,4812.57,9165.0
2026-04-15 14:30:00+00:00,4812.895,4815.94,4808.21,4811.46,7881.0
2026-04-15 15:00:00+00:00,4811.63,4821.84,4808.41,4821.58,11735.0
2026-04-15 15:30:00+00:00,4821.73,4830.03,4815.65,4828.77,15145.0
2026-04-15 16:00:00+00:00,4828.98,4830.57,4820.48,4825.04,12149.0
2026-04-15 16:30:00+00:00,4825.39,4825.52,4813.21,4815.25,11315.0
2026-04-15 17:00:00+00:00,4815.605,4816.04,4797.42,4798.09,13285.0
2026-04-15 17:30:00+00:00,4798.35,4807.32,4786.76,4801.47,12641.0
2026-04-15 18:00:00+00:00,4801.7,4812.52,4800.25,4811.03,9039.0
2026-04-15 18:30:00+00:00,4811.3,4811.81,4800.02,4803.74,10075.0
2026-04-15 19:00:00+00:00,4804.07,4808.59,4797.82,4801.66,8723.0
2026-04-15 19:30:00+00:00,4801.83,4802.53,4790.64,4792.39,8794.0
2026-04-15 20:00:00+00:00,4792.65,4800.67,4789.96,4794.59,11294.0
2026-04-15 20:30:00+00:00,4794.89,4801.95,4794.45,4799.52,7134.0
2026-04-15 21:00:00+00:00,4799.85,4803.31,4797.42,4802.87,6328.0
2026-04-15 21:30:00+00:00,4803.06,4802.81,4794.43,4795.69,8115.0
2026-04-15 22:00:00+00:00,4796.02,4796.49,4792.55,4793.66,3726.0
2026-04-15 22:30:00+00:00,4793.86,4793.61,4787.52,4790.53,3725.0
2026-04-16 00:00:00+00:00,4794.6,4802.07,4790.9,4801.01,4729.0
2026-04-16 00:30:00+00:00,4801.34,4811.83,4799.01,4807.45,4701.0
2026-04-16 01:00:00+00:00,4807.68,4815.61,4807.37,4814.87,3871.0
2026-04-16 01:30:00+00:00,4815.14,4826.6,4814.38,4823.11,5633.0
2026-04-16 02:00:00+00:00,4823.465,4831.11,4822.39,4824.55,6690.0
2026-04-16 02:30:00+00:00,4824.85,4837.47,4820.42,4832.95,6900.0
2026-04-16 03:00:00+00:00,4833.22,4836.26,4822.62,4823.52,9538.0
2026-04-16 03:30:00+00:00,4823.93,4825.53,4811.22,4817.86,8469.0
2026-04-16 04:00:00+00:00,4818.05,4824.84,4817.11,4818.92,6371.0
2026-04-16 04:30:00+00:00,4819.23,4821.33,4812.23,4819.42,7877.0
2026-04-16 05:00:00+00:00,4819.675,4826.96,4818.98,4823.67,6203.0
2026-04-16 05:30:00+00:00,4823.93,4826.56,4818.86,4823.86,4526.0
2026-04-16 06:00:00+00:00,4824.1,4829.89,4822.64,4826.29,4609.0
2026-04-16 06:30:00+00:00,4826.55,4833.31,4824.7,4832.93,3805.0
2026-04-16 07:00:00+00:00,4833.22,4838.07,4831.5,4833.19,5463.0
2026-04-16 07:30:00+00:00,4833.51,4833.7,4820.97,4821.07,8837.0
2026-04-16 08:00:00+00:00,4821.33,4827.8,4814.31,4815.97,9032.0
2026-04-16 08:30:00+00:00,4816.2,4830.32,4814.66,4825.93,9965.0
2026-04-16 09:00:00+00:00,4826.28,4830.81,4816.92,4828.07,10913.0
2026-04-16 09:30:00+00:00,4828.4,4830.02,4819.2,4820.82,7279.0
2026-04-16 10:00:00+00:00,4821.275,4821.83,4807.25,4811.43,10080.0
2026-04-16 10:30:00+00:00,4811.7,4814.59,4806.45,4813.7,7838.0
2026-04-16 11:00:00+00:00,4813.93,4817.97,4810.98,4812.99,6149.0
2026-04-16 11:30:00+00:00,4813.16,4815.33,4806.48,4812.58,8404.0
2026-04-16 12:00:00+00:00,4812.965,4815.43,4804.96,4806.94,6876.0
2026-04-16 12:30:00+00:00,4807.17,4817.15,4804.99,4817.07,7143.0
2026-04-16 13:00:00+00:00,4817.41,4820.5,4815.46,4815.92,6602.0
2026-04-16 13:30:00+00:00,4816.355,4822.36,4815.74,4821.99,7047.0
2026-04-16 14:00:00+00:00,4822.34,4823.05,4811.43,4815.07,8410.0
2026-04-16 14:30:00+00:00,4815.26,4820.53,4811.77,4816.1,9031.0
2026-04-16 15:00:00+00:00,4816.34,4822.77,4813.86,4815.54,10236.0
2026-04-16 15:30:00+00:00,4815.705,4823.8,4784.55,4794.71,22425.0
2026-04-16 16:00:00+00:00,4794.91,4805.13,4785.2,4799.0,21246.0
2026-04-16 16:30:00+00:00,4799.35,4800.57,4772.67,4788.6,18937.0
2026-04-16 17:00:00+00:00,4788.81,4812.78,4788.2,4801.4,13807.0
2026-04-16 17:30:00+00:00,4801.56,4810.96,4797.98,4806.8,14896.0
2026-04-16 18:00:00+00:00,4807.07,4809.89,4796.6,4799.16,9060.0
2026-04-16 18:30:00+00:00,4799.5,4799.79,4784.88,4791.82,14071.0
2026-04-16 19:00:00+00:00,4792.09,4795.25,4784.5,4784.89,11727.0
2026-04-16 19:30:00+00:00,4785.22,4790.7,4781.18,4789.03,11118.0
2026-04-16 20:00:00+00:00,4789.32,4794.04,4785.5,4786.96,12324.0
2026-04-16 20:30:00+00:00,4787.25,4792.54,4786.53,4789.4,8598.0
2026-04-16 21:00:00+00:00,4789.66,4794.94,4789.35,4790.5,7834.0
2026-04-16 21:30:00+00:00,4790.935,4798.45,4790.54,4793.56,7864.0
2026-04-16 22:00:00+00:00,4793.77,4793.7,4788.17,4788.81,3485.0
2026-04-16 22:30:00+00:00,4789.05,4790.5,4786.25,4790.48,2603.0
2026-04-17 00:00:00+00:00,4792.049999999999,4797.92,4790.87,4793.84,4110.0
2026-04-17 00:30:00+00:00,4794.12,4796.7,4790.89,4795.06,3833.0
2026-04-17 01:00:00+00:00,4795.15,4797.63,4792.13,4794.32,3941.0
2026-04-17 01:30:00+00:00,4794.56,4796.62,4791.54,4791.63,4225.0
2026-04-17 02:00:00+00:00,4791.8,4792.86,4785.74,4792.78,6879.0
2026-04-17 02:30:00+00:00,4793.04,4801.11,4792.39,4794.71,5859.0
2026-04-17 03:00:00+00:00,4794.875,4795.42,4767.49,4768.48,12949.0
2026-04-17 03:30:00+00:00,4768.815,4791.28,4767.62,4789.4,9931.0
2026-04-17 04:00:00+00:00,4789.57,4794.32,4788.18,4788.85,6088.0
2026-04-17 04:30:00+00:00,4789.18,4794.64,4784.11,4784.49,6317.0
2026-04-17 05:00:00+00:00,4784.7,4798.03,4784.45,4793.99,7464.0
2026-04-17 05:30:00+00:00,4794.26,4796.57,4791.72,4793.14,3749.0
2026-04-17 06:00:00+00:00,4793.4,4796.08,4792.46,4795.87,3432.0
2026-04-17 06:30:00+00:00,4796.1,4804.36,4795.21,4802.83,3887.0
2026-04-17 07:00:00+00:00,4803.02,4806.24,4799.64,4803.39,5308.0
2026-04-17 07:30:00+00:00,4803.57,4805.26,4793.5,4794.07,8271.0
2026-04-17 08:00:00+00:00,4794.28,4795.03,4783.21,4783.68,8531.0
2026-04-17 08:30:00+00:00,4783.89,4786.98,4778.96,4784.79,7199.0
2026-04-17 09:00:00+00:00,4785.11,4792.76,4784.16,4791.41,6740.0
2026-04-17 09:30:00+00:00,4791.775,4794.58,4778.46,4784.17,7463.0
2026-04-17 10:00:00+00:00,4784.34,4790.85,4780.78,4784.25,7148.0
2026-04-17 10:30:00+00:00,4784.48,4796.65,4784.15,4795.78,6779.0
2026-04-17 11:00:00+00:00,4796.02,4800.71,4791.75,4795.68,6751.0
2026-04-17 11:30:00+00:00,4795.97,4798.78,4789.73,4790.04,6475.0
2026-04-17 12:00:00+00:00,4790.43,4793.78,4786.96,4789.32,6095.0
2026-04-17 12:30:00+00:00,4789.58,4789.65,4782.24,4787.2,6063.0
2026-04-17 13:00:00+00:00,4787.54,4793.08,4783.45,4792.75,5713.0
2026-04-17 13:30:00+00:00,4792.96,4811.36,4789.53,4798.95,8706.0
2026-04-17 14:00:00+00:00,4799.29,4819.27,4797.46,4816.58,10624.0
2026-04-17 14:30:00+00:00,4817.055,4847.63,4815.07,4846.16,22472.0
2026-04-17 15:00:00+00:00,4846.32,4890.19,4834.8,4851.23,29593.0
2026-04-17 15:30:00+00:00,4851.685,4882.03,4848.21,4880.17,29277.0
2026-04-17 16:00:00+00:00,4880.53,4885.2,4860.68,4871.21,18560.0
2026-04-17 16:30:00+00:00,4871.68,4882.92,4869.21,4872.92,15301.0
2026-04-17 17:00:00+00:00,4873.2,4880.26,4862.42,4865.9,17020.0
2026-04-17 17:30:00+00:00,4866.23,4874.0,4854.68,4867.28,13572.0
2026-04-17 18:00:00+00:00,4867.45,4873.26,4863.44,4867.57,10211.0
2026-04-17 18:30:00+00:00,4867.83,4872.82,4864.82,4866.68,8234.0
2026-04-17 19:00:00+00:00,4867.025,4869.34,4853.46,4858.27,13410.0
2026-04-17 19:30:00+00:00,4858.585,4863.3,4853.98,4862.46,9215.0
2026-04-17 20:00:00+00:00,4862.72,4867.84,4858.71,4860.53,9797.0
2026-04-17 20:30:00+00:00,4860.86,4866.44,4855.77,4858.05,8744.0
2026-04-17 21:00:00+00:00,4858.32,4858.76,4853.71,4856.71,7400.0
2026-04-17 21:30:00+00:00,4856.98,4861.09,4852.56,4854.26,9017.0
2026-04-17 22:00:00+00:00,4854.52,4855.04,4844.43,4845.69,6656.0
2026-04-17 22:30:00+00:00,4845.95,4846.84,4830.12,4831.74,7179.0
2026-04-20 00:00:00+00:00,4792.799999999999,4795.07,4758.5,4785.19,10745.0
2026-04-20 00:30:00+00:00,4785.46,4790.74,4777.95,4779.18,7113.0
2026-04-20 01:00:00+00:00,4779.45,4779.31,4767.96,4769.03,7979.0
2026-04-20 01:30:00+00:00,4769.32,4773.25,4736.99,4754.96,13536.0
2026-04-20 02:00:00+00:00,4755.415,4765.63,4744.85,4765.18,13478.0
2026-04-20 02:30:00+00:00,4765.42,4774.26,4759.32,4772.27,8906.0
2026-04-20 03:00:00+00:00,4772.47,4803.67,4771.2,4802.74,15102.0
2026-04-20 03:30:00+00:00,4803.11,4814.2,4801.33,4807.54,10567.0
2026-04-20 04:00:00+00:00,4807.93,4808.99,4798.46,4800.27,8169.0
2026-04-20 04:30:00+00:00,4800.5,4801.79,4792.98,4797.15,8543.0
2026-04-20 05:00:00+00:00,4797.35,4798.24,4788.71,4795.0,7714.0
2026-04-20 05:30:00+00:00,4795.3,4796.65,4789.01,4790.76,5098.0
2026-04-20 06:00:00+00:00,4791.04,4795.56,4790.79,4794.49,4395.0
2026-04-20 06:30:00+00:00,4794.76,4794.55,4786.96,4788.74,5419.0
2026-04-20 07:00:00+00:00,4788.96,4792.83,4784.18,4787.82,6258.0
2026-04-20 07:30:00+00:00,4788.01,4795.87,4779.3,4790.55,11207.0
2026-04-20 08:00:00+00:00,4790.915,4793.8,4783.68,4785.96,10040.0
2026-04-20 08:30:00+00:00,4786.35,4795.28,4785.33,4795.28,9453.0
2026-04-20 09:00:00+00:00,4795.71,4805.59,4793.73,4797.65,10814.0
2026-04-20 09:30:00+00:00,4797.91,4798.53,4786.78,4789.41,10013.0
2026-04-20 10:00:00+00:00,4789.775,4792.36,4785.91,4791.89,8977.0
2026-04-20 10:30:00+00:00,4792.15,4796.09,4788.46,4796.04,7043.0
2026-04-20 11:00:00+00:00,4796.3,4797.75,4791.52,4792.04,7318.0
2026-04-20 11:30:00+00:00,4792.375,4796.95,4783.25,4791.46,8084.0
2026-04-20 12:00:00+00:00,4791.69,4800.8,4789.72,4798.03,7377.0
2026-04-20 12:30:00+00:00,4798.27,4799.96,4794.23,4795.68,5753.0
2026-04-20 13:00:00+00:00,4795.89,4796.07,4786.4,4788.28,7739.0
2026-04-20 13:30:00+00:00,4788.6,4810.75,4787.62,4810.27,9362.0
2026-04-20 14:00:00+00:00,4810.605,4822.03,4802.89,4805.41,12563.0
2026-04-20 14:30:00+00:00,4805.71,4809.3,4799.02,4803.25,9633.0
2026-04-20 15:00:00+00:00,4803.61,4825.55,4799.52,4824.2,14787.0
2026-04-20 15:30:00+00:00,4824.49,4826.2,4815.75,4817.78,16019.0
2026-04-20 16:00:00+00:00,4818.17,4826.68,4806.72,4823.29,15363.0
2026-04-20 16:30:00+00:00,4823.49,4827.4,4792.5,4805.08,16656.0
2026-04-20 17:00:00+00:00,4805.42,4809.32,4792.54,4808.05,15880.0
2026-04-20 17:30:00+00:00,4808.45,4809.0,4795.23,4799.59,11160.0
2026-04-20 18:00:00+00:00,4799.92,4801.71,4792.52,4801.15,8912.0
2026-04-20 18:30:00+00:00,4801.45,4806.26,4798.67,4805.25,8438.0
2026-04-20 19:00:00+00:00,4805.72,4811.18,4803.74,4809.91,8451.0
2026-04-20 19:30:00+00:00,4810.1,4811.99,4804.95,4806.64,8267.0
2026-04-20 20:00:00+00:00,4806.965,4815.73,4806.5,4813.35,8617.0
2026-04-20 20:30:00+00:00,4813.58,4816.41,4810.94,4813.94,6550.0
2026-04-20 21:00:00+00:00,4814.145,4821.26,4813.66,4816.89,5816.0
2026-04-20 21:30:00+00:00,4817.16,4817.12,4810.27,4814.12,6861.0
2026-04-20 22:00:00+00:00,4814.38,4816.9,4812.09,4815.72,2826.0
2026-04-20 22:30:00+00:00,4815.98,4821.8,4812.8,4820.63,3676.0
2026-04-21 00:00:00+00:00,4823.32,4833.07,4820.68,4828.77,6622.0
2026-04-21 00:30:00+00:00,4829.03,4831.58,4824.98,4827.8,5158.0
2026-04-21 01:00:00+00:00,4827.895,4831.64,4823.64,4825.44,4401.0
2026-04-21 01:30:00+00:00,4825.68,4825.43,4819.61,4821.62,3772.0
2026-04-21 02:00:00+00:00,4821.85,4830.7,4819.25,4819.65,7561.0
2026-04-21 02:30:00+00:00,4819.88,4825.94,4816.46,4823.83,7243.0
2026-04-21 03:00:00+00:00,4824.04,4824.31,4812.93,4818.27,9405.0
2026-04-21 03:30:00+00:00,4818.625,4818.85,4805.54,4810.07,7905.0
2026-04-21 04:00:00+00:00,4810.31,4810.29,4803.29,4807.47,5898.0
2026-04-21 04:30:00+00:00,4807.79,4808.04,4802.33,4806.71,7057.0
2026-04-21 05:00:00+00:00,4807.0,4807.53,4793.42,4798.54,7528.0
2026-04-21 05:30:00+00:00,4798.825,4799.78,4792.45,4796.98,4980.0
2026-04-21 06:00:00+00:00,4797.25,4797.71,4790.96,4792.09,5181.0
2026-04-21 06:30:00+00:00,4792.375,4794.16,4788.6,4789.2,4379.0
2026-04-21 07:00:00+00:00,4789.5,4792.82,4785.71,4787.43,6219.0
2026-04-21 07:30:00+00:00,4787.67,4796.91,4783.02,4784.02,9202.0
2026-04-21 08:00:00+00:00,4784.185,4790.49,4775.15,4778.5,10981.0
2026-04-21 08:30:00+00:00,4778.88,4783.11,4774.46,4778.16,8596.0
2026-04-21 09:00:00+00:00,4778.42,4787.43,4772.41,4783.22,8862.0
2026-04-21 09:30:00+00:00,4783.48,4792.51,4780.77,4785.85,7120.0
2026-04-21 10:00:00+00:00,4786.11,4788.98,4774.55,4787.02,9028.0
2026-04-21 10:30:00+00:00,4787.375,4792.87,4784.67,4785.8,6629.0
2026-04-21 11:00:00+00:00,4786.04,4787.81,4781.06,4782.15,6776.0
2026-04-21 11:30:00+00:00,4782.3,4789.46,4781.92,4783.57,6842.0
2026-04-21 12:00:00+00:00,4783.9,4785.83,4780.73,4782.81,5727.0
2026-04-21 12:30:00+00:00,4783.15,4790.26,4782.48,4789.62,4841.0
2026-04-21 13:00:00+00:00,4789.85,4790.08,4775.02,4783.38,8603.0
2026-04-21 13:30:00+00:00,4783.6,4797.91,4783.03,4794.48,7184.0
2026-04-21 14:00:00+00:00,4794.76,4796.8,4778.85,4780.72,9650.0
2026-04-21 14:30:00+00:00,4781.04,4790.2,4766.49,4778.66,14266.0
2026-04-21 15:00:00+00:00,4778.9,4783.66,4760.64,4774.78,15632.0
2026-04-21 15:30:00+00:00,4774.88,4794.18,4769.96,4778.75,16964.0
2026-04-21 16:00:00+00:00,4779.065,4782.37,4769.7,4773.81,13272.0
2026-04-21 16:30:00+00:00,4774.195,4774.85,4723.46,4738.87,31220.0
2026-04-21 17:00:00+00:00,4739.16,4757.37,4727.64,4742.4,23729.0
2026-04-21 17:30:00+00:00,4742.73,4750.06,4736.46,4741.4,15069.0
2026-04-21 18:00:00+00:00,4741.61,4746.78,4719.46,4720.63,14218.0
2026-04-21 18:30:00+00:00,4720.77,4727.28,4707.96,4710.91,13728.0
2026-04-21 19:00:00+00:00,4711.18,4718.56,4697.49,4699.62,35842.0
2026-04-21 19:30:00+00:00,4699.95,4721.98,4696.75,4710.75,16036.0
2026-04-21 20:00:00+00:00,4711.05,4714.45,4692.14,4696.25,15452.0
2026-04-21 20:30:00+00:00,4696.49,4713.69,4696.24,4709.09,16181.0
2026-04-21 21:00:00+00:00,4709.35,4714.92,4704.22,4713.59,14627.0
2026-04-21 21:30:00+00:00,4713.955,4714.6,4668.48,4679.19,23283.0
2026-04-21 22:00:00+00:00,4679.33,4711.02,4668.77,4705.5,18922.0
2026-04-21 22:30:00+00:00,4705.78,4720.03,4705.15,4719.93,7018.0
2026-04-22 00:00:00+00:00,4721.200000000001,4729.43,4716.2,4718.95,6158.0
2026-04-22 00:30:00+00:00,4719.16,4720.0,4715.44,4719.49,4385.0
2026-04-22 01:00:00+00:00,4719.7,4733.03,4717.98,4729.87,5746.0
2026-04-22 01:30:00+00:00,4730.13,4740.44,4728.82,4737.96,5993.0
2026-04-22 02:00:00+00:00,4738.29,4747.32,4738.04,4742.35,8131.0
2026-04-22 02:30:00+00:00,4742.59,4746.98,4738.39,4739.7,6812.0
2026-04-22 03:00:00+00:00,4739.92,4749.03,4735.8,4746.21,10584.0
2026-04-22 03:30:00+00:00,4746.42,4754.59,4746.07,4752.08,9146.0
2026-04-22 04:00:00+00:00,4752.34,4757.95,4750.03,4755.51,5945.0
2026-04-22 04:30:00+00:00,4755.77,4758.64,4750.98,4755.66,6253.0
2026-04-22 05:00:00+00:00,4755.9,4763.17,4752.91,4763.03,6430.0
2026-04-22 05:30:00+00:00,4763.3,4764.82,4756.89,4757.95,4820.0
2026-04-22 06:00:00+00:00,4758.24,4759.45,4754.35,4755.82,4042.0
2026-04-22 06:30:00+00:00,4756.04,4759.35,4752.02,4754.32,4760.0
2026-04-22 07:00:00+00:00,4754.59,4771.52,4752.08,4765.98,8243.0
2026-04-22 07:30:00+00:00,4766.26,4771.91,4763.67,4767.5,8109.0
2026-04-22 08:00:00+00:00,4767.855,4767.64,4758.71,4766.94,6846.0
2026-04-22 08:30:00+00:00,4767.11,4767.64,4763.0,4767.53,5807.0
2026-04-22 09:00:00+00:00,4767.74,4772.24,4762.27,4765.89,7363.0
2026-04-22 09:30:00+00:00,4766.16,4766.43,4759.35,4760.29,6422.0
2026-04-22 10:00:00+00:00,4760.765,4762.12,4753.95,4754.12,7672.0
2026-04-22 10:30:00+00:00,4754.31,4758.18,4751.56,4756.83,6527.0
2026-04-22 11:00:00+00:00,4757.1,4761.72,4756.21,4756.22,6918.0
2026-04-22 11:30:00+00:00,4756.42,4762.31,4752.13,4755.01,6564.0
2026-04-22 12:00:00+00:00,4755.35,4757.45,4745.58,4754.58,7808.0
2026-04-22 12:30:00+00:00,4754.84,4760.08,4753.62,4759.06,5725.0
2026-04-22 13:00:00+00:00,4759.41,4760.62,4756.11,4757.15,6449.0
2026-04-22 13:30:00+00:00,4757.44,4759.74,4747.7,4750.18,7632.0
2026-04-22 14:00:00+00:00,4750.58,4759.95,4746.91,4753.05,8902.0
2026-04-22 14:30:00+00:00,4753.2,4754.23,4742.73,4744.22,10332.0
2026-04-22 15:00:00+00:00,4744.55,4750.26,4736.21,4749.76,14747.0
2026-04-22 15:30:00+00:00,4750.02,4760.67,4741.73,4752.79,17484.0
2026-04-22 16:00:00+00:00,4752.96,4757.25,4742.19,4743.77,13773.0
2026-04-22 16:30:00+00:00,4744.07,4744.43,4729.73,4735.87,31136.0
2026-04-22 17:00:00+00:00,4736.19,4739.9,4729.73,4735.05,13020.0
2026-04-22 17:30:00+00:00,4735.22,4735.28,4724.95,4727.47,10689.0
2026-04-22 18:00:00+00:00,4727.78,4734.71,4723.91,4726.85,9269.0
2026-04-22 18:30:00+00:00,4727.07,4731.95,4723.66,4728.46,8788.0
2026-04-22 19:00:00+00:00,4728.95,4739.36,4728.25,4734.98,9267.0
2026-04-22 19:30:00+00:00,4735.22,4738.21,4733.45,4737.02,7337.0
2026-04-22 20:00:00+00:00,4737.285,4738.45,4729.63,4730.11,7094.0
2026-04-22 20:30:00+00:00,4730.34,4749.2,4729.96,4741.56,7637.0
2026-04-22 21:00:00+00:00,4741.83,4745.18,4736.71,4744.23,7644.0
2026-04-22 21:30:00+00:00,4744.49,4744.55,4736.88,4739.96,7346.0
2026-04-22 22:00:00+00:00,4740.29,4740.31,4734.18,4736.65,4671.0
2026-04-22 22:30:00+00:00,4736.97,4740.58,4736.12,4739.74,3288.0
2026-04-23 00:00:00+00:00,4742.21,4746.19,4732.39,4732.71,4373.0
2026-04-23 00:30:00+00:00,4733.08,4735.04,4725.56,4725.87,4164.0
2026-04-23 01:00:00+00:00,4726.21,4729.7,4723.25,4728.15,4202.0
2026-04-23 01:30:00+00:00,4728.395,4729.07,4723.58,4727.74,4087.0
2026-04-23 02:00:00+00:00,4728.0,4742.29,4693.83,4741.27,20491.0
2026-04-23 02:30:00+00:00,4741.695,4753.71,4741.0,4747.77,13328.0
2026-04-23 03:00:00+00:00,4748.0,4749.8,4727.0,4727.96,11604.0
2026-04-23 03:30:00+00:00,4728.43,4736.68,4722.14,4722.99,11455.0
2026-04-23 04:00:00+00:00,4723.28,4724.56,4704.59,4713.68,12505.0
2026-04-23 04:30:00+00:00,4713.95,4715.55,4697.91,4698.61,14327.0
2026-04-23 05:00:00+00:00,4698.975,4708.53,4698.07,4703.11,12260.0
2026-04-23 05:30:00+00:00,4703.4,4707.34,4700.95,4703.81,7610.0
2026-04-23 06:00:00+00:00,4704.04,4706.91,4700.71,4705.37,5927.0
2026-04-23 06:30:00+00:00,4705.65,4706.94,4698.55,4704.33,5460.0
2026-04-23 07:00:00+00:00,4704.55,4710.14,4703.3,4705.76,6558.0
2026-04-23 07:30:00+00:00,4706.03,4714.89,4692.42,4713.18,12137.0
2026-04-23 08:00:00+00:00,4713.535,4718.12,4708.42,4712.08,8964.0
2026-04-23 08:30:00+00:00,4712.24,4721.43,4709.12,4712.8,8954.0
2026-04-23 09:00:00+00:00,4713.04,4716.33,4702.83,4705.97,11578.0
2026-04-23 09:30:00+00:00,4706.2,4720.47,4703.32,4718.96,8301.0
2026-04-23 10:00:00+00:00,4719.18,4724.73,4714.82,4715.22,8037.0
2026-04-23 10:30:00+00:00,4715.74,4715.96,4701.44,4703.15,9107.0
2026-04-23 11:00:00+00:00,4703.39,4703.45,4694.42,4700.76,9583.0
2026-04-23 11:30:00+00:00,4701.0,4702.91,4694.59,4697.38,8022.0
2026-04-23 12:00:00+00:00,4697.55,4701.52,4684.22,4686.52,9931.0
2026-04-23 12:30:00+00:00,4686.78,4697.1,4683.96,4696.45,8978.0
2026-04-23 13:00:00+00:00,4696.71,4703.15,4695.39,4699.07,7879.0
2026-04-23 13:30:00+00:00,4699.42,4720.68,4696.47,4720.39,10166.0
2026-04-23 14:00:00+00:00,4720.7,4738.72,4719.53,4733.31,14105.0
2026-04-23 14:30:00+00:00,4733.42,4743.07,4731.23,4739.9,14357.0
2026-04-23 15:00:00+00:00,4740.16,4740.64,4724.09,4727.31,11543.0
2026-04-23 15:30:00+00:00,4727.51,4741.18,4723.96,4724.02,15411.0
2026-04-23 16:00:00+00:00,4724.28,4735.71,4716.87,4731.11,16905.0
2026-04-23 16:30:00+00:00,4731.41,4736.58,4725.78,4733.48,13013.0
2026-04-23 17:00:00+00:00,4733.76,4740.8,4726.48,4733.39,11864.0
2026-04-23 17:30:00+00:00,4733.61,4734.57,4716.17,4720.22,12711.0
2026-04-23 18:00:00+00:00,4720.54,4724.9,4715.42,4723.05,10521.0
2026-04-23 18:30:00+00:00,4723.32,4736.97,4722.47,4732.78,8700.0
2026-04-23 19:00:00+00:00,4733.08,4734.32,4704.25,4706.19,23711.0
2026-04-23 19:30:00+00:00,4706.585,4713.79,4664.18,4709.07,32446.0
2026-04-23 20:00:00+00:00,4709.44,4722.05,4707.61,4716.61,19852.0
2026-04-23 20:30:00+00:00,4716.85,4720.34,4699.11,4700.8,12315.0
2026-04-23 21:00:00+00:00,4701.075,4704.25,4692.52,4700.01,12243.0
2026-04-23 21:30:00+00:00,4700.28,4701.08,4689.21,4695.93,13949.0
2026-04-23 22:00:00+00:00,4696.05,4698.03,4686.27,4689.19,6611.0
2026-04-23 22:30:00+00:00,4689.43,4694.03,4687.95,4693.83,3714.0
2026-04-24 00:00:00+00:00,4700.9,4703.22,4691.91,4692.55,4635.0
2026-04-24 00:30:00+00:00,4692.825,4696.62,4689.85,4693.08,4522.0
2026-04-24 01:00:00+00:00,4693.25,4695.33,4686.69,4694.36,5249.0
2026-04-24 01:30:00+00:00,4694.64,4700.66,4692.13,4695.21,6193.0
2026-04-24 02:00:00+00:00,4695.54,4705.45,4690.77,4705.29,9998.0
2026-04-24 02:30:00+00:00,4705.56,4707.69,4697.13,4704.48,9028.0
2026-04-24 03:00:00+00:00,4704.71,4710.95,4695.56,4698.25,11595.0
2026-04-24 03:30:00+00:00,4698.42,4702.18,4690.13,4699.36,10817.0
2026-04-24 04:00:00+00:00,4699.62,4700.53,4681.98,4683.51,9917.0
2026-04-24 04:30:00+00:00,4683.92,4690.7,4673.01,4676.57,10478.0
2026-04-24 05:00:00+00:00,4676.8,4678.17,4668.55,4674.32,9269.0
2026-04-24 05:30:00+00:00,4674.58,4678.02,4671.34,4672.01,6687.0
2026-04-24 06:00:00+00:00,4672.24,4674.42,4658.78,4659.37,7863.0
2026-04-24 06:30:00+00:00,4659.7,4676.72,4657.6,4674.34,6942.0
2026-04-24 07:00:00+00:00,4674.69,4678.44,4669.51,4676.36,6552.0
2026-04-24 07:30:00+00:00,4676.66,4687.22,4676.41,4686.18,8764.0
2026-04-24 08:00:00+00:00,4686.45,4687.84,4669.85,4671.43,8693.0
2026-04-24 08:30:00+00:00,4671.7,4676.35,4666.54,4671.76,8976.0
2026-04-24 09:00:00+00:00,4671.89,4684.71,4670.87,4684.29,7434.0
2026-04-24 09:30:00+00:00,4684.49,4695.02,4682.07,4694.36,7163.0
2026-04-24 10:00:00+00:00,4694.62,4697.3,4686.21,4687.72,8771.0
2026-04-24 10:30:00+00:00,4687.89,4692.92,4684.82,4690.67,7121.0
2026-04-24 11:00:00+00:00,4690.94,4696.58,4682.07,4683.17,8539.0
2026-04-24 11:30:00+00:00,4683.35,4688.32,4679.16,4681.94,7405.0
2026-04-24 12:00:00+00:00,4682.15,4686.03,4680.04,4681.92,6944.0
2026-04-24 12:30:00+00:00,4682.285,4682.04,4674.27,4677.67,6761.0
2026-04-24 13:00:00+00:00,4677.87,4716.87,4677.62,4715.23,21491.0
2026-04-24 13:30:00+00:00,4715.46,4717.05,4702.69,4706.58,10516.0
2026-04-24 14:00:00+00:00,4706.985,4711.61,4701.44,4710.09,12068.0
2026-04-24 14:30:00+00:00,4710.32,4711.44,4690.2,4700.57,10926.0
2026-04-24 15:00:00+00:00,4700.93,4705.44,4693.43,4696.79,12245.0
2026-04-24 15:30:00+00:00,4697.125,4717.39,4689.52,4711.45,17171.0
2026-04-24 16:00:00+00:00,4711.84,4739.98,4706.73,4725.36,20946.0
2026-04-24 16:30:00+00:00,4725.7,4732.79,4723.44,4726.24,13200.0
2026-04-24 17:00:00+00:00,4726.54,4727.05,4718.37,4721.8,11421.0
2026-04-24 17:30:00+00:00,4722.08,4733.22,4714.63,4726.82,19047.0
2026-04-24 18:00:00+00:00,4727.05,4729.34,4718.92,4723.03,11106.0
2026-04-24 18:30:00+00:00,4723.3,4727.51,4718.96,4726.61,9838.0
2026-04-24 19:00:00+00:00,4726.94,4729.89,4722.04,4722.62,9751.0
2026-04-24 19:30:00+00:00,4722.83,4727.69,4718.76,4723.26,8643.0
2026-04-24 20:00:00+00:00,4723.55,4724.63,4716.82,4716.91,8068.0
2026-04-24 20:30:00+00:00,4717.09,4723.07,4716.5,4722.53,6852.0
2026-04-24 21:00:00+00:00,4722.79,4725.88,4717.18,4718.8,7285.0
2026-04-24 21:30:00+00:00,4718.97,4720.43,4713.5,4716.34,7721.0
2026-04-24 22:00:00+00:00,4716.56,4717.23,4705.12,4707.95,4834.0
2026-04-24 22:30:00+00:00,4708.24,4710.28,4705.14,4710.25,3862.0
2026-04-27 00:00:00+00:00,4699.04,4710.0,4679.71,4686.68,8406.0
2026-04-27 00:30:00+00:00,4686.92,4686.72,4681.73,4684.56,4948.0
2026-04-27 01:00:00+00:00,4684.73,4684.63,4677.12,4677.15,5197.0
2026-04-27 01:30:00+00:00,4677.33,4682.05,4674.71,4679.83,5478.0
2026-04-27 02:00:00+00:00,4680.07,4681.94,4672.2,4680.65,8108.0
2026-04-27 02:30:00+00:00,4680.98,4697.96,4676.63,4697.62,6605.0
2026-04-27 03:00:00+00:00,4697.88,4709.47,4690.77,4697.88,13150.0
2026-04-27 03:30:00+00:00,4698.15,4706.32,4695.43,4702.59,9885.0
2026-04-27 04:00:00+00:00,4702.83,4708.09,4696.07,4705.64,8036.0
2026-04-27 04:30:00+00:00,4705.86,4723.3,4704.07,4718.04,9073.0
2026-04-27 05:00:00+00:00,4718.335,4722.17,4714.34,4715.56,6930.0
2026-04-27 05:30:00+00:00,4715.89,4729.22,4715.34,4724.02,6454.0
2026-04-27 06:00:00+00:00,4724.17,4727.87,4723.48,4726.81,4481.0
2026-04-27 06:30:00+00:00,4727.07,4729.98,4722.59,4724.87,4765.0
2026-04-27 07:00:00+00:00,4725.15,4725.35,4715.77,4717.99,5276.0
2026-04-27 07:30:00+00:00,4718.23,4718.19,4708.47,4709.87,7841.0
2026-04-27 08:00:00+00:00,4710.13,4715.45,4709.05,4714.24,7963.0
2026-04-27 08:30:00+00:00,4714.46,4715.43,4709.14,4712.67,7100.0
2026-04-27 09:00:00+00:00,4712.89,4718.23,4710.75,4715.87,7960.0
2026-04-27 09:30:00+00:00,4716.13,4717.25,4709.77,4713.21,7324.0
2026-04-27 10:00:00+00:00,4713.4,4714.23,4709.29,4710.58,8225.0
2026-04-27 10:30:00+00:00,4710.85,4714.56,4705.1,4706.65,6941.0
2026-04-27 11:00:00+00:00,4706.95,4708.12,4701.4,4702.19,6337.0
2026-04-27 11:30:00+00:00,4702.37,4705.29,4699.34,4703.43,6159.0
2026-04-27 12:00:00+00:00,4703.71,4706.7,4699.43,4704.95,5048.0
2026-04-27 12:30:00+00:00,4705.22,4710.69,4704.49,4708.66,5785.0
2026-04-27 13:00:00+00:00,4708.93,4708.93,4700.11,4705.07,6942.0
2026-04-27 13:30:00+00:00,4705.33,4708.22,4699.87,4704.65,6159.0
2026-04-27 14:00:00+00:00,4704.91,4712.46,4701.77,4706.83,8878.0
2026-04-27 14:30:00+00:00,4707.07,4707.59,4696.66,4699.04,9192.0
2026-04-27 15:00:00+00:00,4699.39,4703.52,4692.96,4699.81,10910.0
2026-04-27 15:30:00+00:00,4700.04,4702.42,4689.07,4695.83,14173.0
2026-04-27 16:00:00+00:00,4696.255,4696.47,4685.91,4689.01,26832.0
2026-04-27 16:30:00+00:00,4689.22,4696.47,4676.46,4677.93,13280.0
2026-04-27 17:00:00+00:00,4678.28,4681.09,4666.99,4681.09,13618.0
2026-04-27 17:30:00+00:00,4681.355,4682.2,4667.77,4669.88,10298.0
2026-04-27 18:00:00+00:00,4670.1,4677.38,4666.98,4676.05,8752.0
2026-04-27 18:30:00+00:00,4676.28,4679.35,4674.16,4676.53,6991.0
2026-04-27 19:00:00+00:00,4676.8,4679.77,4667.94,4679.67,9055.0
2026-04-27 19:30:00+00:00,4679.91,4685.84,4679.33,4682.04,8234.0
2026-04-27 20:00:00+00:00,4682.26,4685.32,4678.8,4683.92,7710.0
2026-04-27 20:30:00+00:00,4684.14,4685.15,4680.48,4680.53,6675.0
2026-04-27 21:00:00+00:00,4680.77,4682.53,4678.42,4682.07,5936.0
2026-04-27 21:30:00+00:00,4682.39,4682.2,4680.45,4680.61,271.0
